0 verbose cli C:\Program Files\nodejs\node.exe C:\Program Files\nodejs\node_modules\npm\bin\npm-cli.js
1 info using npm@10.9.3
2 info using node@v22.18.0
3 silly config load:file:C:\Program Files\nodejs\node_modules\npm\npmrc
4 silly config load:file:D:\Mini_Project\career-automate-admin\.npmrc
5 silly config load:file:C:\Users\shree\.npmrc
6 silly config load:file:C:\Users\shree\AppData\Roaming\npm\etc\npmrc
7 verbose title npm install
8 verbose argv "install"
9 verbose logfile logs-max:10 dir:D:\Mini_Project\.npm-cache\_logs\2025-12-22T01_19_35_295Z-
10 verbose logfile D:\Mini_Project\.npm-cache\_logs\2025-12-22T01_19_35_295Z-debug-0.log
11 silly logfile done cleaning log files
12 silly packumentCache heap:4345298944 maxSize:1086324736 maxEntrySize:543162368
13 silly idealTree buildDeps
14 silly fetch manifest next@16.1.0
15 silly packumentCache full:https://registry.npmjs.org/next cache-miss
16 http fetch GET 200 https://registry.npmjs.org/next 836ms (cache miss)
17 silly packumentCache full:https://registry.npmjs.org/next set size:undefined disposed:false
18 silly fetch manifest @opentelemetry/api@^1.1.0
19 silly packumentCache full:https://registry.npmjs.org/@opentelemetry%2fapi cache-miss
20 http fetch GET 200 https://registry.npmjs.org/@opentelemetry%2fapi 878ms (cache miss)
21 silly packumentCache full:https://registry.npmjs.org/@opentelemetry%2fapi set size:undefined disposed:false
22 silly fetch manifest @playwright/test@^1.51.1
23 silly packumentCache full:https://registry.npmjs.org/@playwright%2ftest cache-miss
24 http fetch GET 200 https://registry.npmjs.org/@playwright%2ftest 1421ms (cache miss)
25 silly packumentCache full:https://registry.npmjs.org/@playwright%2ftest set size:undefined disposed:false
26 silly fetch manifest babel-plugin-react-compiler@1.0.0
27 silly packumentCache full:https://registry.npmjs.org/babel-plugin-react-compiler cache-miss
28 http fetch GET 200 https://registry.npmjs.org/babel-plugin-react-compiler 358ms (cache miss)
29 silly packumentCache full:https://registry.npmjs.org/babel-plugin-react-compiler set size:undefined disposed:false
30 silly fetch manifest react@19.2.3
31 silly packumentCache full:https://registry.npmjs.org/react cache-miss
32 http fetch GET 200 https://registry.npmjs.org/react 200ms (cache miss)
33 silly packumentCache full:https://registry.npmjs.org/react set size:undefined disposed:false
34 silly fetch manifest react-dom@19.2.3
35 silly packumentCache full:https://registry.npmjs.org/react-dom cache-miss
36 http fetch GET 200 https://registry.npmjs.org/react-dom 223ms (cache miss)
37 silly packumentCache full:https://registry.npmjs.org/react-dom set size:undefined disposed:false
38 silly fetch manifest sass@^1.3.0
39 silly packumentCache full:https://registry.npmjs.org/sass cache-miss
40 http fetch GET 200 https://registry.npmjs.org/sass 662ms (cache miss)
41 silly packumentCache full:https://registry.npmjs.org/sass set size:undefined disposed:false
42 silly fetch manifest @tailwindcss/postcss@^4
43 silly packumentCache full:https://registry.npmjs.org/@tailwindcss%2fpostcss cache-miss
44 http fetch GET 200 https://registry.npmjs.org/@tailwindcss%2fpostcss 806ms (cache miss)
45 silly packumentCache full:https://registry.npmjs.org/@tailwindcss%2fpostcss set size:undefined disposed:false
46 silly fetch manifest @types/node@^20
47 silly packumentCache full:https://registry.npmjs.org/@types%2fnode cache-miss
48 http fetch GET 200 https://registry.npmjs.org/@types%2fnode 883ms (cache miss)
49 silly packumentCache full:https://registry.npmjs.org/@types%2fnode set size:undefined disposed:false
50 silly fetch manifest @types/react@^19
51 silly packumentCache full:https://registry.npmjs.org/@types%2freact cache-miss
52 http fetch GET 200 https://registry.npmjs.org/@types%2freact 685ms (cache miss)
53 silly packumentCache full:https://registry.npmjs.org/@types%2freact set size:undefined disposed:false
54 silly fetch manifest @types/react-dom@^19
55 silly packumentCache full:https://registry.npmjs.org/@types%2freact-dom cache-miss
56 http fetch GET 200 https://registry.npmjs.org/@types%2freact-dom 636ms (cache miss)
57 silly packumentCache full:https://registry.npmjs.org/@types%2freact-dom set size:undefined disposed:false
58 silly fetch manifest eslint@^9
59 silly packumentCache full:https://registry.npmjs.org/eslint cache-miss
60 http fetch GET 200 https://registry.npmjs.org/eslint 675ms (cache miss)
61 silly packumentCache full:https://registry.npmjs.org/eslint set size:undefined disposed:false
62 silly fetch manifest jiti@*
63 silly packumentCache full:https://registry.npmjs.org/jiti cache-miss
64 http fetch GET 200 https://registry.npmjs.org/jiti 68ms (cache miss)
65 silly packumentCache full:https://registry.npmjs.org/jiti set size:undefined disposed:false
66 silly fetch manifest eslint-config-next@16.1.0
67 silly packumentCache full:https://registry.npmjs.org/eslint-config-next cache-miss
68 http fetch GET 200 https://registry.npmjs.org/eslint-config-next 566ms (cache miss)
69 silly packumentCache full:https://registry.npmjs.org/eslint-config-next set size:undefined disposed:false
70 silly fetch manifest typescript@^5
71 silly packumentCache full:https://registry.npmjs.org/typescript cache-miss
72 http fetch GET 200 https://registry.npmjs.org/typescript 308ms (cache miss)
73 silly packumentCache full:https://registry.npmjs.org/typescript set size:undefined disposed:false
74 silly fetch manifest tailwindcss@^4
75 silly packumentCache full:https://registry.npmjs.org/tailwindcss cache-miss
76 http fetch GET 200 https://registry.npmjs.org/tailwindcss 1064ms (cache miss)
77 silly packumentCache full:https://registry.npmjs.org/tailwindcss set size:undefined disposed:false
78 silly placeDep ROOT @tailwindcss/postcss@4.1.18 OK for: career-automate-admin@0.1.0 want: ^4
79 silly placeDep ROOT @types/node@20.19.27 OK for: career-automate-admin@0.1.0 want: ^20
80 silly placeDep ROOT @types/react@19.2.7 OK for: career-automate-admin@0.1.0 want: ^19
81 silly placeDep ROOT @types/react-dom@19.2.3 OK for: career-automate-admin@0.1.0 want: ^19
82 silly placeDep ROOT babel-plugin-react-compiler@1.0.0 OK for: career-automate-admin@0.1.0 want: 1.0.0
83 silly placeDep ROOT eslint@9.39.2 OK for: career-automate-admin@0.1.0 want: ^9
84 silly placeDep ROOT eslint-config-next@16.1.0 OK for: career-automate-admin@0.1.0 want: 16.1.0
85 silly placeDep ROOT next@16.1.0 OK for: career-automate-admin@0.1.0 want: 16.1.0
86 silly placeDep ROOT react@19.2.3 OK for: next@16.1.0 want: ^18.2.0 || 19.0.0-rc-de68d2f4-20241204 || ^19.0.0
87 silly placeDep ROOT react-dom@19.2.3 OK for: next@16.1.0 want: ^18.2.0 || 19.0.0-rc-de68d2f4-20241204 || ^19.0.0
88 silly placeDep ROOT tailwindcss@4.1.18 OK for: career-automate-admin@0.1.0 want: ^4
89 silly placeDep ROOT typescript@5.9.3 OK for: career-automate-admin@0.1.0 want: ^5
90 silly fetch manifest postcss@^8.4.41
91 silly packumentCache full:https://registry.npmjs.org/postcss cache-miss
92 silly fetch manifest tailwindcss@4.1.18
93 silly packumentCache full:https://registry.npmjs.org/tailwindcss cache-miss
94 silly fetch manifest @alloc/quick-lru@^5.2.0
95 silly packumentCache full:https://registry.npmjs.org/@alloc%2fquick-lru cache-miss
96 silly fetch manifest @tailwindcss/node@4.1.18
97 silly packumentCache full:https://registry.npmjs.org/@tailwindcss%2fnode cache-miss
98 silly fetch manifest @tailwindcss/oxide@4.1.18
99 silly packumentCache full:https://registry.npmjs.org/@tailwindcss%2foxide cache-miss
100 silly fetch manifest undici-types@~6.21.0
101 silly packumentCache full:https://registry.npmjs.org/undici-types cache-miss
102 silly fetch manifest csstype@^3.2.2
103 silly packumentCache full:https://registry.npmjs.org/csstype cache-miss
104 silly fetch manifest @babel/types@^7.26.0
105 silly packumentCache full:https://registry.npmjs.org/@babel%2ftypes cache-miss
106 silly fetch manifest @eslint-community/eslint-utils@^4.8.0
107 silly packumentCache full:https://registry.npmjs.org/@eslint-community%2feslint-utils cache-miss
108 silly fetch manifest @eslint-community/regexpp@^4.12.1
109 silly packumentCache full:https://registry.npmjs.org/@eslint-community%2fregexpp cache-miss
110 silly fetch manifest @eslint/config-array@^0.21.1
111 silly packumentCache full:https://registry.npmjs.org/@eslint%2fconfig-array cache-miss
112 silly fetch manifest @eslint/config-helpers@^0.4.2
113 silly packumentCache full:https://registry.npmjs.org/@eslint%2fconfig-helpers cache-miss
114 silly fetch manifest @eslint/core@^0.17.0
115 silly packumentCache full:https://registry.npmjs.org/@eslint%2fcore cache-miss
116 silly fetch manifest @eslint/eslintrc@^3.3.1
117 silly packumentCache full:https://registry.npmjs.org/@eslint%2feslintrc cache-miss
118 silly fetch manifest @eslint/js@9.39.2
119 silly packumentCache full:https://registry.npmjs.org/@eslint%2fjs cache-miss
120 http cache https://registry.npmjs.org/tailwindcss 148ms (cache hit)
121 silly packumentCache full:https://registry.npmjs.org/tailwindcss set size:10053496 disposed:false
122 silly fetch manifest @eslint/plugin-kit@^0.4.1
123 silly packumentCache full:https://registry.npmjs.org/@eslint%2fplugin-kit cache-miss
124 http fetch GET 200 https://registry.npmjs.org/@eslint%2fcore 331ms (cache miss)
125 silly packumentCache full:https://registry.npmjs.org/@eslint%2fcore set size:undefined disposed:false
126 silly fetch manifest @humanfs/node@^0.16.6
127 silly packumentCache full:https://registry.npmjs.org/@humanfs%2fnode cache-miss
128 http fetch GET 200 https://registry.npmjs.org/@eslint%2fconfig-array 342ms (cache miss)
129 silly packumentCache full:https://registry.npmjs.org/@eslint%2fconfig-array set size:undefined disposed:false
130 silly fetch manifest @humanwhocodes/module-importer@^1.0.1
131 silly packumentCache full:https://registry.npmjs.org/@humanwhocodes%2fmodule-importer cache-miss
132 http fetch GET 200 https://registry.npmjs.org/postcss 368ms (cache miss)
133 silly packumentCache full:https://registry.npmjs.org/postcss set size:undefined disposed:false
134 silly fetch manifest @humanwhocodes/retry@^0.4.2
135 silly packumentCache full:https://registry.npmjs.org/@humanwhocodes%2fretry cache-miss
136 http fetch GET 200 https://registry.npmjs.org/undici-types 404ms (cache miss)
137 silly packumentCache full:https://registry.npmjs.org/undici-types set size:undefined disposed:false
138 silly fetch manifest @types/estree@^1.0.6
139 silly packumentCache full:https://registry.npmjs.org/@types%2festree cache-miss
140 http fetch GET 200 https://registry.npmjs.org/@humanwhocodes%2fretry 48ms (cache miss)
141 silly packumentCache full:https://registry.npmjs.org/@humanwhocodes%2fretry set size:undefined disposed:false
142 silly fetch manifest ajv@^6.12.4
143 silly packumentCache full:https://registry.npmjs.org/ajv cache-miss
144 http fetch GET 200 https://registry.npmjs.org/csstype 419ms (cache miss)
145 silly packumentCache full:https://registry.npmjs.org/csstype set size:undefined disposed:false
146 silly fetch manifest chalk@^4.0.0
147 silly packumentCache full:https://registry.npmjs.org/chalk cache-miss
148 http fetch GET 200 https://registry.npmjs.org/@eslint%2fplugin-kit 260ms (cache miss)
149 silly packumentCache full:https://registry.npmjs.org/@eslint%2fplugin-kit set size:undefined disposed:false
150 silly fetch manifest cross-spawn@^7.0.6
151 silly packumentCache full:https://registry.npmjs.org/cross-spawn cache-miss
152 http fetch GET 200 https://registry.npmjs.org/chalk 43ms (cache miss)
153 silly packumentCache full:https://registry.npmjs.org/chalk set size:undefined disposed:false
154 silly fetch manifest debug@^4.3.2
155 silly packumentCache full:https://registry.npmjs.org/debug cache-miss
156 http fetch GET 200 https://registry.npmjs.org/cross-spawn 48ms (cache miss)
157 silly packumentCache full:https://registry.npmjs.org/cross-spawn set size:undefined disposed:false
158 silly fetch manifest escape-string-regexp@^4.0.0
159 silly packumentCache full:https://registry.npmjs.org/escape-string-regexp cache-miss
160 http fetch GET 200 https://registry.npmjs.org/debug 49ms (cache miss)
161 silly packumentCache full:https://registry.npmjs.org/debug set size:undefined disposed:false
162 silly fetch manifest eslint-scope@^8.4.0
163 silly packumentCache full:https://registry.npmjs.org/eslint-scope cache-miss
164 http fetch GET 200 https://registry.npmjs.org/escape-string-regexp 33ms (cache miss)
165 silly packumentCache full:https://registry.npmjs.org/escape-string-regexp set size:undefined disposed:false
166 silly fetch manifest eslint-visitor-keys@^4.2.1
167 silly packumentCache full:https://registry.npmjs.org/eslint-visitor-keys cache-miss
168 http fetch GET 200 https://registry.npmjs.org/eslint-visitor-keys 30ms (cache miss)
169 silly packumentCache full:https://registry.npmjs.org/eslint-visitor-keys set size:undefined disposed:false
170 silly fetch manifest espree@^10.4.0
171 silly packumentCache full:https://registry.npmjs.org/espree cache-miss
172 http fetch GET 200 https://registry.npmjs.org/@eslint%2fconfig-helpers 604ms (cache miss)
173 silly packumentCache full:https://registry.npmjs.org/@eslint%2fconfig-helpers set size:undefined disposed:false
174 silly fetch manifest esquery@^1.5.0
175 silly packumentCache full:https://registry.npmjs.org/esquery cache-miss
176 http fetch GET 200 https://registry.npmjs.org/@eslint-community%2fregexpp 610ms (cache miss)
177 silly packumentCache full:https://registry.npmjs.org/@eslint-community%2fregexpp set size:undefined disposed:false
178 silly fetch manifest esutils@^2.0.2
179 silly packumentCache full:https://registry.npmjs.org/esutils cache-miss
180 http fetch GET 200 https://registry.npmjs.org/@eslint%2feslintrc 613ms (cache miss)
181 silly packumentCache full:https://registry.npmjs.org/@eslint%2feslintrc set size:undefined disposed:false
182 silly fetch manifest fast-deep-equal@^3.1.3
183 silly packumentCache full:https://registry.npmjs.org/fast-deep-equal cache-miss
184 http fetch GET 200 https://registry.npmjs.org/@eslint-community%2feslint-utils 623ms (cache miss)
185 silly packumentCache full:https://registry.npmjs.org/@eslint-community%2feslint-utils set size:undefined disposed:false
186 silly fetch manifest file-entry-cache@^8.0.0
187 silly packumentCache full:https://registry.npmjs.org/file-entry-cache cache-miss
188 http fetch GET 200 https://registry.npmjs.org/@eslint%2fjs 630ms (cache miss)
189 silly packumentCache full:https://registry.npmjs.org/@eslint%2fjs set size:undefined disposed:false
190 silly fetch manifest find-up@^5.0.0
191 silly packumentCache full:https://registry.npmjs.org/find-up cache-miss
192 http fetch GET 200 https://registry.npmjs.org/esquery 41ms (cache miss)
193 silly packumentCache full:https://registry.npmjs.org/esquery set size:undefined disposed:false
194 silly fetch manifest glob-parent@^6.0.2
195 silly packumentCache full:https://registry.npmjs.org/glob-parent cache-miss
196 http fetch GET 200 https://registry.npmjs.org/file-entry-cache 37ms (cache miss)
197 silly packumentCache full:https://registry.npmjs.org/file-entry-cache set size:undefined disposed:false
198 silly fetch manifest ignore@^5.2.0
199 silly packumentCache full:https://registry.npmjs.org/ignore cache-miss
200 http fetch GET 200 https://registry.npmjs.org/glob-parent 38ms (cache miss)
201 silly packumentCache full:https://registry.npmjs.org/glob-parent set size:undefined disposed:false
202 silly fetch manifest imurmurhash@^0.1.4
203 silly packumentCache full:https://registry.npmjs.org/imurmurhash cache-miss
204 http fetch GET 200 https://registry.npmjs.org/find-up 58ms (cache miss)
205 silly packumentCache full:https://registry.npmjs.org/find-up set size:undefined disposed:false
206 silly fetch manifest is-glob@^4.0.0
207 silly packumentCache full:https://registry.npmjs.org/is-glob cache-miss
208 http fetch GET 200 https://registry.npmjs.org/@babel%2ftypes 707ms (cache miss)
209 silly packumentCache full:https://registry.npmjs.org/@babel%2ftypes set size:undefined disposed:false
210 silly fetch manifest json-stable-stringify-without-jsonify@^1.0.1
211 silly packumentCache full:https://registry.npmjs.org/json-stable-stringify-without-jsonify cache-miss
212 http fetch GET 200 https://registry.npmjs.org/ignore 125ms (cache miss)
213 silly packumentCache full:https://registry.npmjs.org/ignore set size:undefined disposed:false
214 silly fetch manifest lodash.merge@^4.6.2
215 silly packumentCache full:https://registry.npmjs.org/lodash.merge cache-miss
216 http fetch GET 200 https://registry.npmjs.org/json-stable-stringify-without-jsonify 100ms (cache miss)
217 silly packumentCache full:https://registry.npmjs.org/json-stable-stringify-without-jsonify set size:undefined disposed:false
218 silly fetch manifest minimatch@^3.1.2
219 silly packumentCache full:https://registry.npmjs.org/minimatch cache-miss
220 http fetch GET 200 https://registry.npmjs.org/imurmurhash 126ms (cache miss)
221 silly packumentCache full:https://registry.npmjs.org/imurmurhash set size:undefined disposed:false
222 silly fetch manifest natural-compare@^1.4.0
223 silly packumentCache full:https://registry.npmjs.org/natural-compare cache-miss
224 http fetch GET 200 https://registry.npmjs.org/@types%2festree 432ms (cache miss)
225 silly packumentCache full:https://registry.npmjs.org/@types%2festree set size:undefined disposed:false
226 silly fetch manifest optionator@^0.9.3
227 silly packumentCache full:https://registry.npmjs.org/optionator cache-miss
228 http fetch GET 200 https://registry.npmjs.org/lodash.merge 54ms (cache miss)
229 silly packumentCache full:https://registry.npmjs.org/lodash.merge set size:undefined disposed:false
230 silly fetch manifest globals@16.4.0
231 silly packumentCache full:https://registry.npmjs.org/globals cache-miss
232 http fetch GET 200 https://registry.npmjs.org/eslint-scope 332ms (cache miss)
233 silly packumentCache full:https://registry.npmjs.org/eslint-scope set size:undefined disposed:false
234 silly fetch manifest typescript-eslint@^8.46.0
235 silly packumentCache full:https://registry.npmjs.org/typescript-eslint cache-miss
236 http fetch GET 200 https://registry.npmjs.org/@alloc%2fquick-lru 875ms (cache miss)
237 silly packumentCache full:https://registry.npmjs.org/@alloc%2fquick-lru set size:undefined disposed:false
238 silly fetch manifest eslint-plugin-react@^7.37.0
239 silly packumentCache full:https://registry.npmjs.org/eslint-plugin-react cache-miss
240 http fetch GET 200 https://registry.npmjs.org/@humanfs%2fnode 541ms (cache miss)
241 silly packumentCache full:https://registry.npmjs.org/@humanfs%2fnode set size:undefined disposed:false
242 silly fetch manifest eslint-plugin-import@^2.32.0
243 silly packumentCache full:https://registry.npmjs.org/eslint-plugin-import cache-miss
244 http fetch GET 200 https://registry.npmjs.org/minimatch 66ms (cache miss)
245 silly packumentCache full:https://registry.npmjs.org/minimatch set size:undefined disposed:false
246 silly fetch manifest eslint-plugin-jsx-a11y@^6.10.0
247 silly packumentCache full:https://registry.npmjs.org/eslint-plugin-jsx-a11y cache-miss
248 http fetch GET 200 https://registry.npmjs.org/ajv 473ms (cache miss)
249 silly packumentCache full:https://registry.npmjs.org/ajv set size:undefined disposed:false
250 silly fetch manifest @next/eslint-plugin-next@16.1.0
251 silly packumentCache full:https://registry.npmjs.org/@next%2feslint-plugin-next cache-miss
252 http fetch GET 200 https://registry.npmjs.org/espree 347ms (cache miss)
253 silly packumentCache full:https://registry.npmjs.org/espree set size:undefined disposed:false
254 silly fetch manifest eslint-plugin-react-hooks@^7.0.0
255 silly packumentCache full:https://registry.npmjs.org/eslint-plugin-react-hooks cache-miss
256 http fetch GET 200 https://registry.npmjs.org/esutils 334ms (cache miss)
257 silly packumentCache full:https://registry.npmjs.org/esutils set size:undefined disposed:false
258 silly fetch manifest eslint-import-resolver-node@^0.3.6
259 silly packumentCache full:https://registry.npmjs.org/eslint-import-resolver-node cache-miss
260 http fetch GET 200 https://registry.npmjs.org/fast-deep-equal 334ms (cache miss)
261 silly packumentCache full:https://registry.npmjs.org/fast-deep-equal set size:undefined disposed:false
262 silly fetch manifest eslint-import-resolver-typescript@^3.5.2
263 silly packumentCache full:https://registry.npmjs.org/eslint-import-resolver-typescript cache-miss
264 http fetch GET 200 https://registry.npmjs.org/eslint-plugin-react 85ms (cache miss)
265 silly packumentCache full:https://registry.npmjs.org/eslint-plugin-react set size:undefined disposed:false
266 silly fetch manifest postcss@8.4.31
267 silly packumentCache full:https://registry.npmjs.org/postcss cache-miss
268 http fetch GET 200 https://registry.npmjs.org/@tailwindcss%2foxide 972ms (cache miss)
269 silly packumentCache full:https://registry.npmjs.org/@tailwindcss%2foxide set size:undefined disposed:false
270 silly fetch manifest @next/env@16.1.0
271 silly packumentCache full:https://registry.npmjs.org/@next%2fenv cache-miss
272 http cache https://registry.npmjs.org/postcss 34ms (cache hit)
273 silly packumentCache full:https://registry.npmjs.org/postcss set size:696248 disposed:false
274 silly fetch manifest styled-jsx@5.1.6
275 silly packumentCache full:https://registry.npmjs.org/styled-jsx cache-miss
276 http fetch GET 200 https://registry.npmjs.org/is-glob 323ms (cache miss)
277 silly packumentCache full:https://registry.npmjs.org/is-glob set size:undefined disposed:false
278 silly fetch manifest @swc/helpers@0.5.15
279 silly packumentCache full:https://registry.npmjs.org/@swc%2fhelpers cache-miss
280 http fetch GET 200 https://registry.npmjs.org/typescript-eslint 172ms (cache miss)
281 silly packumentCache full:https://registry.npmjs.org/typescript-eslint set size:undefined disposed:false
282 silly fetch manifest caniuse-lite@^1.0.30001579
283 silly packumentCache full:https://registry.npmjs.org/caniuse-lite cache-miss
284 http fetch GET 200 https://registry.npmjs.org/natural-compare 316ms (cache miss)
285 silly packumentCache full:https://registry.npmjs.org/natural-compare set size:undefined disposed:false
286 silly fetch manifest baseline-browser-mapping@^2.8.3
287 silly packumentCache full:https://registry.npmjs.org/baseline-browser-mapping cache-miss
288 http fetch GET 200 https://registry.npmjs.org/@humanwhocodes%2fmodule-importer 805ms (cache miss)
289 silly packumentCache full:https://registry.npmjs.org/@humanwhocodes%2fmodule-importer set size:undefined disposed:false
290 silly fetch manifest sharp@^0.34.4
291 silly packumentCache full:https://registry.npmjs.org/sharp cache-miss
292 http fetch GET 200 https://registry.npmjs.org/globals 327ms (cache miss)
293 silly packumentCache full:https://registry.npmjs.org/globals set size:undefined disposed:false
294 silly fetch manifest @next/swc-darwin-x64@16.1.0
295 silly packumentCache full:https://registry.npmjs.org/@next%2fswc-darwin-x64 cache-miss
296 http fetch GET 200 https://registry.npmjs.org/optionator 349ms (cache miss)
297 silly packumentCache full:https://registry.npmjs.org/optionator set size:undefined disposed:false
298 silly fetch manifest @next/swc-darwin-arm64@16.1.0
299 silly packumentCache full:https://registry.npmjs.org/@next%2fswc-darwin-arm64 cache-miss
300 http fetch GET 200 https://registry.npmjs.org/eslint-plugin-import 330ms (cache miss)
301 silly packumentCache full:https://registry.npmjs.org/eslint-plugin-import set size:undefined disposed:false
302 silly fetch manifest @next/swc-linux-x64-gnu@16.1.0
303 silly packumentCache full:https://registry.npmjs.org/@next%2fswc-linux-x64-gnu cache-miss
304 http fetch GET 200 https://registry.npmjs.org/eslint-import-resolver-node 339ms (cache miss)
305 silly packumentCache full:https://registry.npmjs.org/eslint-import-resolver-node set size:undefined disposed:false
306 silly fetch manifest @next/swc-linux-x64-musl@16.1.0
307 silly packumentCache full:https://registry.npmjs.org/@next%2fswc-linux-x64-musl cache-miss
308 http fetch GET 200 https://registry.npmjs.org/eslint-import-resolver-typescript 339ms (cache miss)
309 silly packumentCache full:https://registry.npmjs.org/eslint-import-resolver-typescript set size:undefined disposed:false
310 silly fetch manifest @next/swc-win32-x64-msvc@16.1.0
311 silly packumentCache full:https://registry.npmjs.org/@next%2fswc-win32-x64-msvc cache-miss
312 http fetch GET 200 https://registry.npmjs.org/styled-jsx 380ms (cache miss)
313 silly packumentCache full:https://registry.npmjs.org/styled-jsx set size:undefined disposed:false
314 silly fetch manifest @next/swc-linux-arm64-gnu@16.1.0
315 silly packumentCache full:https://registry.npmjs.org/@next%2fswc-linux-arm64-gnu cache-miss
316 http fetch GET 200 https://registry.npmjs.org/eslint-plugin-react-hooks 515ms (cache miss)
317 silly packumentCache full:https://registry.npmjs.org/eslint-plugin-react-hooks set size:undefined disposed:false
318 silly fetch manifest @next/swc-linux-arm64-musl@16.1.0
319 silly packumentCache full:https://registry.npmjs.org/@next%2fswc-linux-arm64-musl cache-miss
320 http fetch GET 200 https://registry.npmjs.org/sharp 373ms (cache miss)
321 silly packumentCache full:https://registry.npmjs.org/sharp set size:undefined disposed:false
322 silly fetch manifest @next/swc-win32-arm64-msvc@16.1.0
323 silly packumentCache full:https://registry.npmjs.org/@next%2fswc-win32-arm64-msvc cache-miss
324 http fetch GET 200 https://registry.npmjs.org/@tailwindcss%2fnode 1542ms (cache miss)
325 silly packumentCache full:https://registry.npmjs.org/@tailwindcss%2fnode set size:undefined disposed:false
326 silly fetch manifest scheduler@^0.27.0
327 silly packumentCache full:https://registry.npmjs.org/scheduler cache-miss
328 http fetch GET 200 https://registry.npmjs.org/@swc%2fhelpers 543ms (cache miss)
329 silly packumentCache full:https://registry.npmjs.org/@swc%2fhelpers set size:undefined disposed:false
330 http fetch GET 200 https://registry.npmjs.org/eslint-plugin-jsx-a11y 910ms (cache miss)
331 silly packumentCache full:https://registry.npmjs.org/eslint-plugin-jsx-a11y set size:undefined disposed:false
332 http fetch GET 200 https://registry.npmjs.org/@next%2fenv 996ms (cache miss)
333 silly packumentCache full:https://registry.npmjs.org/@next%2fenv set size:undefined disposed:false
334 http fetch GET 200 https://registry.npmjs.org/baseline-browser-mapping 923ms (cache miss)
335 silly packumentCache full:https://registry.npmjs.org/baseline-browser-mapping set size:undefined disposed:false
336 http fetch GET 200 https://registry.npmjs.org/scheduler 737ms (cache miss)
337 silly packumentCache full:https://registry.npmjs.org/scheduler set size:undefined disposed:false
338 http fetch GET 200 https://registry.npmjs.org/caniuse-lite 1265ms (cache miss)
339 silly packumentCache full:https://registry.npmjs.org/caniuse-lite set size:undefined disposed:false
340 http fetch GET 200 https://registry.npmjs.org/@next%2fswc-linux-x64-gnu 1162ms (cache miss)
341 silly packumentCache full:https://registry.npmjs.org/@next%2fswc-linux-x64-gnu set size:undefined disposed:false
342 http fetch GET 200 https://registry.npmjs.org/@next%2fswc-linux-arm64-musl 1081ms (cache miss)
343 silly packumentCache full:https://registry.npmjs.org/@next%2fswc-linux-arm64-musl set size:undefined disposed:false
344 http fetch GET 200 https://registry.npmjs.org/@next%2fswc-darwin-arm64 1414ms (cache miss)
345 silly packumentCache full:https://registry.npmjs.org/@next%2fswc-darwin-arm64 set size:undefined disposed:false
346 http fetch GET 200 https://registry.npmjs.org/@next%2fswc-linux-arm64-gnu 1269ms (cache miss)
347 silly packumentCache full:https://registry.npmjs.org/@next%2fswc-linux-arm64-gnu set size:undefined disposed:false
348 http fetch GET 200 https://registry.npmjs.org/@next%2fswc-darwin-x64 1558ms (cache miss)
349 silly packumentCache full:https://registry.npmjs.org/@next%2fswc-darwin-x64 set size:undefined disposed:false
350 http fetch GET 200 https://registry.npmjs.org/@next%2fswc-win32-x64-msvc 1551ms (cache miss)
351 silly packumentCache full:https://registry.npmjs.org/@next%2fswc-win32-x64-msvc set size:undefined disposed:false
352 http fetch GET 200 https://registry.npmjs.org/@next%2feslint-plugin-next 2078ms (cache miss)
353 silly packumentCache full:https://registry.npmjs.org/@next%2feslint-plugin-next set size:undefined disposed:false
354 http fetch GET 200 https://registry.npmjs.org/@next%2fswc-win32-arm64-msvc 1509ms (cache miss)
355 silly packumentCache full:https://registry.npmjs.org/@next%2fswc-win32-arm64-msvc set size:undefined disposed:false
356 http fetch GET 200 https://registry.npmjs.org/@next%2fswc-linux-x64-musl 1872ms (cache miss)
357 silly packumentCache full:https://registry.npmjs.org/@next%2fswc-linux-x64-musl set size:undefined disposed:false
358 silly placeDep ROOT @alloc/quick-lru@5.2.0 OK for: @tailwindcss/postcss@4.1.18 want: ^5.2.0
359 silly placeDep ROOT @tailwindcss/node@4.1.18 OK for: @tailwindcss/postcss@4.1.18 want: 4.1.18
360 silly placeDep ROOT @tailwindcss/oxide@4.1.18 OK for: @tailwindcss/postcss@4.1.18 want: 4.1.18
361 silly placeDep ROOT postcss@8.5.6 OK for: @tailwindcss/postcss@4.1.18 want: ^8.4.41
362 silly fetch manifest jiti@^2.6.1
363 silly packumentCache full:https://registry.npmjs.org/jiti cache-miss
364 silly fetch manifest lightningcss@1.30.2
365 silly packumentCache full:https://registry.npmjs.org/lightningcss cache-miss
366 silly fetch manifest magic-string@^0.30.21
367 silly packumentCache full:https://registry.npmjs.org/magic-string cache-miss
368 silly fetch manifest source-map-js@^1.2.1
369 silly packumentCache full:https://registry.npmjs.org/source-map-js cache-miss
370 silly fetch manifest enhanced-resolve@^5.18.3
371 silly packumentCache full:https://registry.npmjs.org/enhanced-resolve cache-miss
372 silly fetch manifest @jridgewell/remapping@^2.3.4
373 silly packumentCache full:https://registry.npmjs.org/@jridgewell%2fremapping cache-miss
374 silly fetch manifest @tailwindcss/oxide-darwin-x64@4.1.18
375 silly packumentCache full:https://registry.npmjs.org/@tailwindcss%2foxide-darwin-x64 cache-miss
376 silly fetch manifest @tailwindcss/oxide-freebsd-x64@4.1.18
377 silly packumentCache full:https://registry.npmjs.org/@tailwindcss%2foxide-freebsd-x64 cache-miss
378 silly fetch manifest @tailwindcss/oxide-wasm32-wasi@4.1.18
379 silly packumentCache full:https://registry.npmjs.org/@tailwindcss%2foxide-wasm32-wasi cache-miss
380 silly fetch manifest @tailwindcss/oxide-darwin-arm64@4.1.18
381 silly packumentCache full:https://registry.npmjs.org/@tailwindcss%2foxide-darwin-arm64 cache-miss
382 silly fetch manifest @tailwindcss/oxide-android-arm64@4.1.18
383 silly packumentCache full:https://registry.npmjs.org/@tailwindcss%2foxide-android-arm64 cache-miss
384 silly fetch manifest @tailwindcss/oxide-linux-x64-gnu@4.1.18
385 silly packumentCache full:https://registry.npmjs.org/@tailwindcss%2foxide-linux-x64-gnu cache-miss
386 silly fetch manifest @tailwindcss/oxide-linux-x64-musl@4.1.18
387 silly packumentCache full:https://registry.npmjs.org/@tailwindcss%2foxide-linux-x64-musl cache-miss
388 silly fetch manifest @tailwindcss/oxide-win32-x64-msvc@4.1.18
389 silly packumentCache full:https://registry.npmjs.org/@tailwindcss%2foxide-win32-x64-msvc cache-miss
390 silly fetch manifest @tailwindcss/oxide-linux-arm64-gnu@4.1.18
391 silly packumentCache full:https://registry.npmjs.org/@tailwindcss%2foxide-linux-arm64-gnu cache-miss
392 http cache https://registry.npmjs.org/jiti 20ms (cache hit)
393 silly packumentCache full:https://registry.npmjs.org/jiti set size:382310 disposed:false
394 silly fetch manifest @tailwindcss/oxide-linux-arm64-musl@4.1.18
395 silly packumentCache full:https://registry.npmjs.org/@tailwindcss%2foxide-linux-arm64-musl cache-miss
396 http fetch GET 200 https://registry.npmjs.org/source-map-js 48ms (cache miss)
397 silly packumentCache full:https://registry.npmjs.org/source-map-js set size:undefined disposed:false
398 silly fetch manifest @tailwindcss/oxide-win32-arm64-msvc@4.1.18
399 silly packumentCache full:https://registry.npmjs.org/@tailwindcss%2foxide-win32-arm64-msvc cache-miss
400 http fetch GET 200 https://registry.npmjs.org/lightningcss 344ms (cache miss)
401 silly packumentCache full:https://registry.npmjs.org/lightningcss set size:undefined disposed:false
402 silly fetch manifest @tailwindcss/oxide-linux-arm-gnueabihf@4.1.18
403 silly packumentCache full:https://registry.npmjs.org/@tailwindcss%2foxide-linux-arm-gnueabihf cache-miss
404 http fetch GET 200 https://registry.npmjs.org/magic-string 359ms (cache miss)
405 silly packumentCache full:https://registry.npmjs.org/magic-string set size:undefined disposed:false
406 silly fetch manifest nanoid@^3.3.11
407 silly packumentCache full:https://registry.npmjs.org/nanoid cache-miss
408 http fetch GET 200 https://registry.npmjs.org/nanoid 51ms (cache miss)
409 silly packumentCache full:https://registry.npmjs.org/nanoid set size:undefined disposed:false
410 silly fetch manifest picocolors@^1.1.1
411 silly packumentCache full:https://registry.npmjs.org/picocolors cache-miss
412 http fetch GET 200 https://registry.npmjs.org/picocolors 416ms (cache miss)
413 silly packumentCache full:https://registry.npmjs.org/picocolors set size:undefined disposed:false
414 http fetch GET 200 https://registry.npmjs.org/@jridgewell%2fremapping 845ms (cache miss)
415 silly packumentCache full:https://registry.npmjs.org/@jridgewell%2fremapping set size:undefined disposed:false
416 http fetch GET 200 https://registry.npmjs.org/@tailwindcss%2foxide-wasm32-wasi 987ms (cache miss)
417 silly packumentCache full:https://registry.npmjs.org/@tailwindcss%2foxide-wasm32-wasi set size:undefined disposed:false
418 http fetch GET 200 https://registry.npmjs.org/@tailwindcss%2foxide-win32-arm64-msvc 985ms (cache miss)
419 silly packumentCache full:https://registry.npmjs.org/@tailwindcss%2foxide-win32-arm64-msvc set size:undefined disposed:false
420 http fetch GET 200 https://registry.npmjs.org/@tailwindcss%2foxide-linux-arm64-gnu 1056ms (cache miss)
421 silly packumentCache full:https://registry.npmjs.org/@tailwindcss%2foxide-linux-arm64-gnu set size:undefined disposed:false
422 http fetch GET 200 https://registry.npmjs.org/enhanced-resolve 1089ms (cache miss)
423 silly packumentCache full:https://registry.npmjs.org/enhanced-resolve set size:undefined disposed:false
424 http fetch GET 200 https://registry.npmjs.org/@tailwindcss%2foxide-linux-x64-gnu 1094ms (cache miss)
425 silly packumentCache full:https://registry.npmjs.org/@tailwindcss%2foxide-linux-x64-gnu set size:undefined disposed:false
426 http fetch GET 200 https://registry.npmjs.org/@tailwindcss%2foxide-android-arm64 1122ms (cache miss)
427 silly packumentCache full:https://registry.npmjs.org/@tailwindcss%2foxide-android-arm64 set size:undefined disposed:false
428 http fetch GET 200 https://registry.npmjs.org/@tailwindcss%2foxide-linux-arm64-musl 1118ms (cache miss)
429 silly packumentCache full:https://registry.npmjs.org/@tailwindcss%2foxide-linux-arm64-musl set size:undefined disposed:false
430 http fetch GET 200 https://registry.npmjs.org/@tailwindcss%2foxide-darwin-arm64 1180ms (cache miss)
431 silly packumentCache full:https://registry.npmjs.org/@tailwindcss%2foxide-darwin-arm64 set size:undefined disposed:false
432 http fetch GET 200 https://registry.npmjs.org/@tailwindcss%2foxide-win32-x64-msvc 1195ms (cache miss)
433 silly packumentCache full:https://registry.npmjs.org/@tailwindcss%2foxide-win32-x64-msvc set size:undefined disposed:false
434 http fetch GET 200 https://registry.npmjs.org/@tailwindcss%2foxide-linux-x64-musl 1564ms (cache miss)
435 silly packumentCache full:https://registry.npmjs.org/@tailwindcss%2foxide-linux-x64-musl set size:undefined disposed:false
436 http fetch GET 200 https://registry.npmjs.org/@tailwindcss%2foxide-darwin-x64 1595ms (cache miss)
437 silly packumentCache full:https://registry.npmjs.org/@tailwindcss%2foxide-darwin-x64 set size:undefined disposed:false
438 http fetch GET 200 https://registry.npmjs.org/@tailwindcss%2foxide-freebsd-x64 1623ms (cache miss)
439 silly packumentCache full:https://registry.npmjs.org/@tailwindcss%2foxide-freebsd-x64 set size:undefined disposed:false
440 http fetch GET 200 https://registry.npmjs.org/@tailwindcss%2foxide-linux-arm-gnueabihf 1423ms (cache miss)
441 silly packumentCache full:https://registry.npmjs.org/@tailwindcss%2foxide-linux-arm-gnueabihf set size:undefined disposed:false
442 silly placeDep ROOT @jridgewell/remapping@2.3.5 OK for: @tailwindcss/node@4.1.18 want: ^2.3.4
443 silly placeDep ROOT enhanced-resolve@5.18.4 OK for: @tailwindcss/node@4.1.18 want: ^5.18.3
444 silly placeDep ROOT jiti@2.6.1 OK for: @tailwindcss/node@4.1.18 want: ^2.6.1
445 silly placeDep ROOT lightningcss@1.30.2 OK for: @tailwindcss/node@4.1.18 want: 1.30.2
446 silly placeDep ROOT magic-string@0.30.21 OK for: @tailwindcss/node@4.1.18 want: ^0.30.21
447 silly placeDep ROOT source-map-js@1.2.1 OK for: @tailwindcss/node@4.1.18 want: ^1.2.1
448 silly fetch manifest @jridgewell/gen-mapping@^0.3.5
449 silly packumentCache full:https://registry.npmjs.org/@jridgewell%2fgen-mapping cache-miss
450 silly fetch manifest @jridgewell/trace-mapping@^0.3.24
451 silly packumentCache full:https://registry.npmjs.org/@jridgewell%2ftrace-mapping cache-miss
452 silly fetch manifest graceful-fs@^4.2.4
453 silly packumentCache full:https://registry.npmjs.org/graceful-fs cache-miss
454 silly fetch manifest tapable@^2.2.0
455 silly packumentCache full:https://registry.npmjs.org/tapable cache-miss
456 silly fetch manifest detect-libc@^2.0.3
457 silly packumentCache full:https://registry.npmjs.org/detect-libc cache-miss
458 silly fetch manifest lightningcss-darwin-x64@1.30.2
459 silly packumentCache full:https://registry.npmjs.org/lightningcss-darwin-x64 cache-miss
460 silly fetch manifest lightningcss-linux-x64-gnu@1.30.2
461 silly packumentCache full:https://registry.npmjs.org/lightningcss-linux-x64-gnu cache-miss
462 silly fetch manifest lightningcss-win32-x64-msvc@1.30.2
463 silly packumentCache full:https://registry.npmjs.org/lightningcss-win32-x64-msvc cache-miss
464 silly fetch manifest lightningcss-win32-arm64-msvc@1.30.2
465 silly packumentCache full:https://registry.npmjs.org/lightningcss-win32-arm64-msvc cache-miss
466 silly fetch manifest lightningcss-darwin-arm64@1.30.2
467 silly packumentCache full:https://registry.npmjs.org/lightningcss-darwin-arm64 cache-miss
468 silly fetch manifest lightningcss-linux-arm64-gnu@1.30.2
469 silly packumentCache full:https://registry.npmjs.org/lightningcss-linux-arm64-gnu cache-miss
470 silly fetch manifest lightningcss-linux-arm-gnueabihf@1.30.2
471 silly packumentCache full:https://registry.npmjs.org/lightningcss-linux-arm-gnueabihf cache-miss
472 silly fetch manifest lightningcss-linux-arm64-musl@1.30.2
473 silly packumentCache full:https://registry.npmjs.org/lightningcss-linux-arm64-musl cache-miss
474 silly fetch manifest lightningcss-linux-x64-musl@1.30.2
475 silly packumentCache full:https://registry.npmjs.org/lightningcss-linux-x64-musl cache-miss
476 silly fetch manifest lightningcss-freebsd-x64@1.30.2
477 silly packumentCache full:https://registry.npmjs.org/lightningcss-freebsd-x64 cache-miss
478 http fetch GET 200 https://registry.npmjs.org/detect-libc 57ms (cache miss)
479 silly packumentCache full:https://registry.npmjs.org/detect-libc set size:undefined disposed:false
480 silly fetch manifest lightningcss-android-arm64@1.30.2
481 silly packumentCache full:https://registry.npmjs.org/lightningcss-android-arm64 cache-miss
482 http fetch GET 200 https://registry.npmjs.org/graceful-fs 67ms (cache miss)
483 silly packumentCache full:https://registry.npmjs.org/graceful-fs set size:undefined disposed:false
484 silly fetch manifest @jridgewell/sourcemap-codec@^1.5.5
485 silly packumentCache full:https://registry.npmjs.org/@jridgewell%2fsourcemap-codec cache-miss
486 http fetch GET 200 https://registry.npmjs.org/lightningcss-linux-x64-gnu 343ms (cache miss)
487 silly packumentCache full:https://registry.npmjs.org/lightningcss-linux-x64-gnu set size:undefined disposed:false
488 http fetch GET 200 https://registry.npmjs.org/lightningcss-darwin-x64 351ms (cache miss)
489 silly packumentCache full:https://registry.npmjs.org/lightningcss-darwin-x64 set size:undefined disposed:false
490 http fetch GET 200 https://registry.npmjs.org/lightningcss-win32-x64-msvc 353ms (cache miss)
491 silly packumentCache full:https://registry.npmjs.org/lightningcss-win32-x64-msvc set size:undefined disposed:false
492 http fetch GET 200 https://registry.npmjs.org/lightningcss-linux-arm64-gnu 355ms (cache miss)
493 silly packumentCache full:https://registry.npmjs.org/lightningcss-linux-arm64-gnu set size:undefined disposed:false
494 http fetch GET 200 https://registry.npmjs.org/lightningcss-darwin-arm64 356ms (cache miss)
495 silly packumentCache full:https://registry.npmjs.org/lightningcss-darwin-arm64 set size:undefined disposed:false
496 http fetch GET 200 https://registry.npmjs.org/lightningcss-linux-x64-musl 358ms (cache miss)
497 silly packumentCache full:https://registry.npmjs.org/lightningcss-linux-x64-musl set size:undefined disposed:false
498 http fetch GET 200 https://registry.npmjs.org/lightningcss-linux-arm-gnueabihf 359ms (cache miss)
499 silly packumentCache full:https://registry.npmjs.org/lightningcss-linux-arm-gnueabihf set size:undefined disposed:false
500 http fetch GET 200 https://registry.npmjs.org/lightningcss-android-arm64 312ms (cache miss)
501 silly packumentCache full:https://registry.npmjs.org/lightningcss-android-arm64 set size:undefined disposed:false
502 http fetch GET 200 https://registry.npmjs.org/lightningcss-freebsd-x64 364ms (cache miss)
503 silly packumentCache full:https://registry.npmjs.org/lightningcss-freebsd-x64 set size:undefined disposed:false
504 http fetch GET 200 https://registry.npmjs.org/@jridgewell%2fgen-mapping 804ms (cache miss)
505 silly packumentCache full:https://registry.npmjs.org/@jridgewell%2fgen-mapping set size:undefined disposed:false
506 http fetch GET 200 https://registry.npmjs.org/@jridgewell%2ftrace-mapping 835ms (cache miss)
507 silly packumentCache full:https://registry.npmjs.org/@jridgewell%2ftrace-mapping set size:undefined disposed:false
508 http fetch GET 200 https://registry.npmjs.org/lightningcss-win32-arm64-msvc 891ms (cache miss)
509 silly packumentCache full:https://registry.npmjs.org/lightningcss-win32-arm64-msvc set size:undefined disposed:false
510 http fetch GET 200 https://registry.npmjs.org/lightningcss-linux-arm64-musl 908ms (cache miss)
511 silly packumentCache full:https://registry.npmjs.org/lightningcss-linux-arm64-musl set size:undefined disposed:false
512 http fetch GET 200 https://registry.npmjs.org/tapable 934ms (cache miss)
513 silly packumentCache full:https://registry.npmjs.org/tapable set size:undefined disposed:false
514 http fetch GET 200 https://registry.npmjs.org/@jridgewell%2fsourcemap-codec 1357ms (cache miss)
515 silly packumentCache full:https://registry.npmjs.org/@jridgewell%2fsourcemap-codec set size:undefined disposed:false
516 silly placeDep ROOT @jridgewell/gen-mapping@0.3.13 OK for: @jridgewell/remapping@2.3.5 want: ^0.3.5
517 silly placeDep ROOT @jridgewell/trace-mapping@0.3.31 OK for: @jridgewell/remapping@2.3.5 want: ^0.3.24
518 silly fetch manifest @jridgewell/sourcemap-codec@^1.5.0
519 silly packumentCache full:https://registry.npmjs.org/@jridgewell%2fsourcemap-codec cache-miss
520 silly fetch manifest @jridgewell/resolve-uri@^3.1.0
521 silly packumentCache full:https://registry.npmjs.org/@jridgewell%2fresolve-uri cache-miss
522 silly fetch manifest @jridgewell/sourcemap-codec@^1.4.14
523 silly packumentCache full:https://registry.npmjs.org/@jridgewell%2fsourcemap-codec cache-miss
524 http cache https://registry.npmjs.org/@jridgewell%2fsourcemap-codec 23ms (cache hit)
525 silly packumentCache full:https://registry.npmjs.org/@jridgewell%2fsourcemap-codec set size:59275 disposed:false
526 http cache https://registry.npmjs.org/@jridgewell%2fsourcemap-codec 26ms (cache hit)
527 silly packumentCache full:https://registry.npmjs.org/@jridgewell%2fsourcemap-codec set size:59275 disposed:false
528 silly packumentCache full:https://registry.npmjs.org/@jridgewell%2fsourcemap-codec dispose
529 http fetch GET 200 https://registry.npmjs.org/@jridgewell%2fresolve-uri 534ms (cache miss)
530 silly packumentCache full:https://registry.npmjs.org/@jridgewell%2fresolve-uri set size:undefined disposed:false
531 silly placeDep ROOT @jridgewell/sourcemap-codec@1.5.5 OK for: @jridgewell/gen-mapping@0.3.13 want: ^1.5.0
532 silly placeDep ROOT @jridgewell/resolve-uri@3.1.2 OK for: @jridgewell/trace-mapping@0.3.31 want: ^3.1.0
533 silly placeDep ROOT @tailwindcss/oxide-android-arm64@4.1.18 OK for: @tailwindcss/oxide@4.1.18 want: 4.1.18
534 silly placeDep ROOT @tailwindcss/oxide-darwin-arm64@4.1.18 OK for: @tailwindcss/oxide@4.1.18 want: 4.1.18
535 silly placeDep ROOT @tailwindcss/oxide-darwin-x64@4.1.18 OK for: @tailwindcss/oxide@4.1.18 want: 4.1.18
536 silly placeDep ROOT @tailwindcss/oxide-freebsd-x64@4.1.18 OK for: @tailwindcss/oxide@4.1.18 want: 4.1.18
537 silly placeDep ROOT @tailwindcss/oxide-linux-arm-gnueabihf@4.1.18 OK for: @tailwindcss/oxide@4.1.18 want: 4.1.18
538 silly placeDep ROOT @tailwindcss/oxide-linux-arm64-gnu@4.1.18 OK for: @tailwindcss/oxide@4.1.18 want: 4.1.18
539 silly placeDep ROOT @tailwindcss/oxide-linux-arm64-musl@4.1.18 OK for: @tailwindcss/oxide@4.1.18 want: 4.1.18
540 silly placeDep ROOT @tailwindcss/oxide-linux-x64-gnu@4.1.18 OK for: @tailwindcss/oxide@4.1.18 want: 4.1.18
541 silly placeDep ROOT @tailwindcss/oxide-linux-x64-musl@4.1.18 OK for: @tailwindcss/oxide@4.1.18 want: 4.1.18
542 silly placeDep ROOT @tailwindcss/oxide-wasm32-wasi@4.1.18 OK for: @tailwindcss/oxide@4.1.18 want: 4.1.18
543 silly placeDep ROOT @tailwindcss/oxide-win32-arm64-msvc@4.1.18 OK for: @tailwindcss/oxide@4.1.18 want: 4.1.18
544 silly placeDep ROOT @tailwindcss/oxide-win32-x64-msvc@4.1.18 OK for: @tailwindcss/oxide@4.1.18 want: 4.1.18
545 silly placeDep ROOT undici-types@6.21.0 OK for: @types/node@20.19.27 want: ~6.21.0
546 silly placeDep ROOT csstype@3.2.3 OK for: @types/react@19.2.7 want: ^3.2.2
547 silly placeDep ROOT @babel/types@7.28.5 OK for: babel-plugin-react-compiler@1.0.0 want: ^7.26.0
548 silly fetch manifest @babel/helper-string-parser@^7.27.1
549 silly packumentCache full:https://registry.npmjs.org/@babel%2fhelper-string-parser cache-miss
550 silly fetch manifest @babel/helper-validator-identifier@^7.28.5
551 silly packumentCache full:https://registry.npmjs.org/@babel%2fhelper-validator-identifier cache-miss
552 http fetch GET 200 https://registry.npmjs.org/@babel%2fhelper-string-parser 48ms (cache miss)
553 silly packumentCache full:https://registry.npmjs.org/@babel%2fhelper-string-parser set size:undefined disposed:false
554 http fetch GET 200 https://registry.npmjs.org/@babel%2fhelper-validator-identifier 354ms (cache miss)
555 silly packumentCache full:https://registry.npmjs.org/@babel%2fhelper-validator-identifier set size:undefined disposed:false
556 silly placeDep ROOT @babel/helper-string-parser@7.27.1 OK for: @babel/types@7.28.5 want: ^7.27.1
557 silly placeDep ROOT @babel/helper-validator-identifier@7.28.5 OK for: @babel/types@7.28.5 want: ^7.28.5
558 silly placeDep ROOT graceful-fs@4.2.11 OK for: enhanced-resolve@5.18.4 want: ^4.2.4
559 silly placeDep ROOT tapable@2.3.0 OK for: enhanced-resolve@5.18.4 want: ^2.2.0
560 silly fetch manifest eslint@^6.0.0 || ^7.0.0 || >=8.0.0
561 silly packumentCache full:https://registry.npmjs.org/eslint cache-miss
562 http cache https://registry.npmjs.org/eslint 18ms (cache hit)
563 silly packumentCache full:https://registry.npmjs.org/eslint set size:1900943 disposed:false
564 silly placeDep ROOT @eslint-community/eslint-utils@4.9.0 OK for: eslint@9.39.2 want: ^4.8.0
565 silly placeDep ROOT @eslint-community/regexpp@4.12.2 OK for: eslint@9.39.2 want: ^4.12.1
566 silly placeDep ROOT @eslint/config-array@0.21.1 OK for: eslint@9.39.2 want: ^0.21.1
567 silly placeDep ROOT @eslint/config-helpers@0.4.2 OK for: eslint@9.39.2 want: ^0.4.2
568 silly placeDep ROOT @eslint/core@0.17.0 OK for: eslint@9.39.2 want: ^0.17.0
569 silly placeDep ROOT @eslint/eslintrc@3.3.3 OK for: eslint@9.39.2 want: ^3.3.1
570 silly placeDep ROOT @eslint/js@9.39.2 OK for: eslint@9.39.2 want: 9.39.2
571 silly placeDep ROOT @eslint/plugin-kit@0.4.1 OK for: eslint@9.39.2 want: ^0.4.1
572 silly placeDep ROOT @humanfs/node@0.16.7 OK for: eslint@9.39.2 want: ^0.16.6
573 silly placeDep ROOT @humanwhocodes/module-importer@1.0.1 OK for: eslint@9.39.2 want: ^1.0.1
574 silly placeDep ROOT @humanwhocodes/retry@0.4.3 OK for: eslint@9.39.2 want: ^0.4.2
575 silly placeDep ROOT @types/estree@1.0.8 OK for: eslint@9.39.2 want: ^1.0.6
576 silly placeDep ROOT ajv@6.12.6 OK for: eslint@9.39.2 want: ^6.12.4
577 silly placeDep ROOT chalk@4.1.2 OK for: eslint@9.39.2 want: ^4.0.0
578 silly placeDep ROOT cross-spawn@7.0.6 OK for: eslint@9.39.2 want: ^7.0.6
579 silly placeDep ROOT debug@4.4.3 OK for: eslint@9.39.2 want: ^4.3.2
580 silly placeDep ROOT escape-string-regexp@4.0.0 OK for: eslint@9.39.2 want: ^4.0.0
581 silly placeDep ROOT eslint-scope@8.4.0 OK for: eslint@9.39.2 want: ^8.4.0
582 silly placeDep ROOT eslint-visitor-keys@4.2.1 OK for: eslint@9.39.2 want: ^4.2.1
583 silly placeDep ROOT espree@10.4.0 OK for: eslint@9.39.2 want: ^10.4.0
584 silly placeDep ROOT esquery@1.6.0 OK for: eslint@9.39.2 want: ^1.5.0
585 silly placeDep ROOT esutils@2.0.3 OK for: eslint@9.39.2 want: ^2.0.2
586 silly placeDep ROOT fast-deep-equal@3.1.3 OK for: eslint@9.39.2 want: ^3.1.3
587 silly placeDep ROOT file-entry-cache@8.0.0 OK for: eslint@9.39.2 want: ^8.0.0
588 silly placeDep ROOT find-up@5.0.0 OK for: eslint@9.39.2 want: ^5.0.0
589 silly placeDep ROOT glob-parent@6.0.2 OK for: eslint@9.39.2 want: ^6.0.2
590 silly placeDep ROOT ignore@5.3.2 OK for: eslint@9.39.2 want: ^5.2.0
591 silly placeDep ROOT imurmurhash@0.1.4 OK for: eslint@9.39.2 want: ^0.1.4
592 silly placeDep ROOT is-glob@4.0.3 OK for: eslint@9.39.2 want: ^4.0.0
593 silly placeDep ROOT json-stable-stringify-without-jsonify@1.0.1 OK for: eslint@9.39.2 want: ^1.0.1
594 silly placeDep ROOT lodash.merge@4.6.2 OK for: eslint@9.39.2 want: ^4.6.2
595 silly placeDep ROOT minimatch@3.1.2 OK for: eslint@9.39.2 want: ^3.1.2
596 silly placeDep ROOT natural-compare@1.4.0 OK for: eslint@9.39.2 want: ^1.4.0
597 silly placeDep ROOT optionator@0.9.4 OK for: eslint@9.39.2 want: ^0.9.3
598 silly fetch manifest eslint-visitor-keys@^3.4.3
599 silly packumentCache full:https://registry.npmjs.org/eslint-visitor-keys cache-miss
600 silly fetch manifest debug@^4.3.1
601 silly packumentCache full:https://registry.npmjs.org/debug cache-miss
602 silly fetch manifest @eslint/object-schema@^2.1.7
603 silly packumentCache full:https://registry.npmjs.org/@eslint%2fobject-schema cache-miss
604 silly fetch manifest @types/json-schema@^7.0.15
605 silly packumentCache full:https://registry.npmjs.org/@types%2fjson-schema cache-miss
606 silly fetch manifest espree@^10.0.1
607 silly packumentCache full:https://registry.npmjs.org/espree cache-miss
608 silly fetch manifest globals@^14.0.0
609 silly packumentCache full:https://registry.npmjs.org/globals cache-miss
610 silly fetch manifest import-fresh@^3.2.1
611 silly packumentCache full:https://registry.npmjs.org/import-fresh cache-miss
612 silly fetch manifest js-yaml@^4.1.1
613 silly packumentCache full:https://registry.npmjs.org/js-yaml cache-miss
614 silly fetch manifest strip-json-comments@^3.1.1
615 silly packumentCache full:https://registry.npmjs.org/strip-json-comments cache-miss
616 silly fetch manifest levn@^0.4.1
617 silly packumentCache full:https://registry.npmjs.org/levn cache-miss
618 silly fetch manifest @humanwhocodes/retry@^0.4.0
619 silly packumentCache full:https://registry.npmjs.org/@humanwhocodes%2fretry cache-miss
620 silly fetch manifest @humanfs/core@^0.19.1
621 silly packumentCache full:https://registry.npmjs.org/@humanfs%2fcore cache-miss
622 silly fetch manifest uri-js@^4.2.2
623 silly packumentCache full:https://registry.npmjs.org/uri-js cache-miss
624 silly fetch manifest fast-deep-equal@^3.1.1
625 silly packumentCache full:https://registry.npmjs.org/fast-deep-equal cache-miss
626 silly fetch manifest json-schema-traverse@^0.4.1
627 silly packumentCache full:https://registry.npmjs.org/json-schema-traverse cache-miss
628 http cache https://registry.npmjs.org/espree 27ms (cache hit)
629 silly packumentCache full:https://registry.npmjs.org/espree set size:317497 disposed:false
630 silly fetch manifest fast-json-stable-stringify@^2.0.0
631 silly packumentCache full:https://registry.npmjs.org/fast-json-stable-stringify cache-miss
632 http cache https://registry.npmjs.org/eslint-visitor-keys 35ms (cache hit)
633 silly packumentCache full:https://registry.npmjs.org/eslint-visitor-keys set size:67352 disposed:false
634 silly fetch manifest ansi-styles@^4.1.0
635 silly packumentCache full:https://registry.npmjs.org/ansi-styles cache-miss
636 http cache https://registry.npmjs.org/fast-deep-equal 33ms (cache hit)
637 silly packumentCache full:https://registry.npmjs.org/fast-deep-equal set size:48634 disposed:false
638 silly fetch manifest supports-color@^7.1.0
639 silly packumentCache full:https://registry.npmjs.org/supports-color cache-miss
640 http cache https://registry.npmjs.org/globals 41ms (cache hit)
641 silly packumentCache full:https://registry.npmjs.org/globals set size:290151 disposed:false
642 silly fetch manifest which@^2.0.1
643 silly packumentCache full:https://registry.npmjs.org/which cache-miss
644 http cache https://registry.npmjs.org/@humanwhocodes%2fretry 49ms (cache hit)
645 silly packumentCache full:https://registry.npmjs.org/@humanwhocodes%2fretry set size:42348 disposed:false
646 silly fetch manifest path-key@^3.1.0
647 silly packumentCache full:https://registry.npmjs.org/path-key cache-miss
648 http cache https://registry.npmjs.org/debug 55ms (cache hit)
649 silly packumentCache full:https://registry.npmjs.org/debug set size:195840 disposed:false
650 silly fetch manifest shebang-command@^2.0.0
651 silly packumentCache full:https://registry.npmjs.org/shebang-command cache-miss
652 http fetch GET 200 https://registry.npmjs.org/import-fresh 69ms (cache miss)
653 silly packumentCache full:https://registry.npmjs.org/import-fresh set size:undefined disposed:false
654 silly fetch manifest ms@^2.1.3
655 silly packumentCache full:https://registry.npmjs.org/ms cache-miss
656 http fetch GET 200 https://registry.npmjs.org/json-schema-traverse 71ms (cache miss)
657 silly packumentCache full:https://registry.npmjs.org/json-schema-traverse set size:undefined disposed:false
658 silly fetch manifest esrecurse@^4.3.0
659 silly packumentCache full:https://registry.npmjs.org/esrecurse cache-miss
660 http fetch GET 200 https://registry.npmjs.org/levn 74ms (cache miss)
661 silly packumentCache full:https://registry.npmjs.org/levn set size:undefined disposed:false
662 silly fetch manifest estraverse@^5.2.0
663 silly packumentCache full:https://registry.npmjs.org/estraverse cache-miss
664 http fetch GET 200 https://registry.npmjs.org/uri-js 76ms (cache miss)
665 silly packumentCache full:https://registry.npmjs.org/uri-js set size:undefined disposed:false
666 silly fetch manifest acorn@^8.15.0
667 silly packumentCache full:https://registry.npmjs.org/acorn cache-miss
668 http fetch GET 200 https://registry.npmjs.org/js-yaml 82ms (cache miss)
669 silly packumentCache full:https://registry.npmjs.org/js-yaml set size:undefined disposed:false
670 silly fetch manifest acorn-jsx@^5.3.2
671 silly packumentCache full:https://registry.npmjs.org/acorn-jsx cache-miss
672 http fetch GET 200 https://registry.npmjs.org/fast-json-stable-stringify 65ms (cache miss)
673 silly packumentCache full:https://registry.npmjs.org/fast-json-stable-stringify set size:undefined disposed:false
674 silly fetch manifest estraverse@^5.1.0
675 silly packumentCache full:https://registry.npmjs.org/estraverse cache-miss
676 http fetch GET 200 https://registry.npmjs.org/supports-color 76ms (cache miss)
677 silly packumentCache full:https://registry.npmjs.org/supports-color set size:undefined disposed:false
678 silly fetch manifest flat-cache@^4.0.0
679 silly packumentCache full:https://registry.npmjs.org/flat-cache cache-miss
680 http fetch GET 200 https://registry.npmjs.org/shebang-command 63ms (cache miss)
681 silly packumentCache full:https://registry.npmjs.org/shebang-command set size:undefined disposed:false
682 silly fetch manifest locate-path@^6.0.0
683 silly packumentCache full:https://registry.npmjs.org/locate-path cache-miss
684 http fetch GET 200 https://registry.npmjs.org/which 79ms (cache miss)
685 silly packumentCache full:https://registry.npmjs.org/which set size:undefined disposed:false
686 silly fetch manifest path-exists@^4.0.0
687 silly packumentCache full:https://registry.npmjs.org/path-exists cache-miss
688 http fetch GET 200 https://registry.npmjs.org/ansi-styles 90ms (cache miss)
689 silly packumentCache full:https://registry.npmjs.org/ansi-styles set size:undefined disposed:false
690 silly fetch manifest is-glob@^4.0.3
691 silly packumentCache full:https://registry.npmjs.org/is-glob cache-miss
692 http fetch GET 200 https://registry.npmjs.org/path-key 75ms (cache miss)
693 silly packumentCache full:https://registry.npmjs.org/path-key set size:undefined disposed:false
694 silly fetch manifest is-extglob@^2.1.1
695 silly packumentCache full:https://registry.npmjs.org/is-extglob cache-miss
696 http cache https://registry.npmjs.org/is-glob 18ms (cache hit)
697 silly packumentCache full:https://registry.npmjs.org/is-glob set size:40530 disposed:false
698 silly fetch manifest brace-expansion@^1.1.7
699 silly packumentCache full:https://registry.npmjs.org/brace-expansion cache-miss
700 http fetch GET 200 https://registry.npmjs.org/estraverse 80ms (cache miss)
701 silly packumentCache full:https://registry.npmjs.org/estraverse set size:undefined disposed:false
702 silly fetch manifest prelude-ls@^1.2.1
703 silly packumentCache full:https://registry.npmjs.org/prelude-ls cache-miss
704 http fetch GET 200 https://registry.npmjs.org/estraverse 63ms (cache miss)
705 silly packumentCache full:https://registry.npmjs.org/estraverse set size:undefined disposed:false
706 silly fetch manifest deep-is@^0.1.3
707 silly packumentCache full:https://registry.npmjs.org/deep-is cache-miss
708 http fetch GET 200 https://registry.npmjs.org/acorn-jsx 77ms (cache miss)
709 silly packumentCache full:https://registry.npmjs.org/acorn-jsx set size:undefined disposed:false
710 silly fetch manifest word-wrap@^1.2.5
711 silly packumentCache full:https://registry.npmjs.org/word-wrap cache-miss
712 http fetch GET 200 https://registry.npmjs.org/locate-path 45ms (cache miss)
713 silly packumentCache full:https://registry.npmjs.org/locate-path set size:undefined disposed:false
714 silly fetch manifest type-check@^0.4.0
715 silly packumentCache full:https://registry.npmjs.org/type-check cache-miss
716 http fetch GET 200 https://registry.npmjs.org/acorn 95ms (cache miss)
717 silly packumentCache full:https://registry.npmjs.org/acorn set size:undefined disposed:false
718 silly fetch manifest fast-levenshtein@^2.0.6
719 silly packumentCache full:https://registry.npmjs.org/fast-levenshtein cache-miss
720 http fetch GET 200 https://registry.npmjs.org/flat-cache 64ms (cache miss)
721 silly packumentCache full:https://registry.npmjs.org/flat-cache set size:undefined disposed:false
722 http fetch GET 200 https://registry.npmjs.org/brace-expansion 42ms (cache miss)
723 silly packumentCache full:https://registry.npmjs.org/brace-expansion set size:undefined disposed:false
724 http fetch GET 200 https://registry.npmjs.org/deep-is 40ms (cache miss)
725 silly packumentCache full:https://registry.npmjs.org/deep-is set size:undefined disposed:false
726 http fetch GET 200 https://registry.npmjs.org/word-wrap 36ms (cache miss)
727 silly packumentCache full:https://registry.npmjs.org/word-wrap set size:undefined disposed:false
728 http fetch GET 200 https://registry.npmjs.org/@eslint%2fobject-schema 250ms (cache miss)
729 silly packumentCache full:https://registry.npmjs.org/@eslint%2fobject-schema set size:undefined disposed:false
730 http fetch GET 200 https://registry.npmjs.org/@humanfs%2fcore 251ms (cache miss)
731 silly packumentCache full:https://registry.npmjs.org/@humanfs%2fcore set size:undefined disposed:false
732 http fetch GET 200 https://registry.npmjs.org/@types%2fjson-schema 352ms (cache miss)
733 silly packumentCache full:https://registry.npmjs.org/@types%2fjson-schema set size:undefined disposed:false
734 http fetch GET 200 https://registry.npmjs.org/strip-json-comments 392ms (cache miss)
735 silly packumentCache full:https://registry.npmjs.org/strip-json-comments set size:undefined disposed:false
736 http fetch GET 200 https://registry.npmjs.org/esrecurse 341ms (cache miss)
737 silly packumentCache full:https://registry.npmjs.org/esrecurse set size:undefined disposed:false
738 http fetch GET 200 https://registry.npmjs.org/ms 358ms (cache miss)
739 silly packumentCache full:https://registry.npmjs.org/ms set size:undefined disposed:false
740 http fetch GET 200 https://registry.npmjs.org/path-exists 328ms (cache miss)
741 silly packumentCache full:https://registry.npmjs.org/path-exists set size:undefined disposed:false
742 http fetch GET 200 https://registry.npmjs.org/is-extglob 325ms (cache miss)
743 silly packumentCache full:https://registry.npmjs.org/is-extglob set size:undefined disposed:false
744 http fetch GET 200 https://registry.npmjs.org/prelude-ls 315ms (cache miss)
745 silly packumentCache full:https://registry.npmjs.org/prelude-ls set size:undefined disposed:false
746 http fetch GET 200 https://registry.npmjs.org/type-check 314ms (cache miss)
747 silly packumentCache full:https://registry.npmjs.org/type-check set size:undefined disposed:false
748 http fetch GET 200 https://registry.npmjs.org/fast-levenshtein 330ms (cache miss)
749 silly packumentCache full:https://registry.npmjs.org/fast-levenshtein set size:undefined disposed:false
750 silly placeDep node_modules/@eslint-community/eslint-utils eslint-visitor-keys@3.4.3 OK for: @eslint-community/eslint-utils@4.9.0 want: ^3.4.3
751 silly placeDep ROOT @eslint/object-schema@2.1.7 OK for: @eslint/config-array@0.21.1 want: ^2.1.7
752 silly placeDep ROOT @types/json-schema@7.0.15 OK for: @eslint/core@0.17.0 want: ^7.0.15
753 silly placeDep ROOT globals@14.0.0 OK for: @eslint/eslintrc@3.3.3 want: ^14.0.0
754 silly placeDep ROOT import-fresh@3.3.1 OK for: @eslint/eslintrc@3.3.3 want: ^3.2.1
755 silly placeDep ROOT js-yaml@4.1.1 OK for: @eslint/eslintrc@3.3.3 want: ^4.1.1
756 silly placeDep ROOT strip-json-comments@3.1.1 OK for: @eslint/eslintrc@3.3.3 want: ^3.1.1
757 silly fetch manifest parent-module@^1.0.0
758 silly packumentCache full:https://registry.npmjs.org/parent-module cache-miss
759 silly fetch manifest resolve-from@^4.0.0
760 silly packumentCache full:https://registry.npmjs.org/resolve-from cache-miss
761 silly fetch manifest argparse@^2.0.1
762 silly packumentCache full:https://registry.npmjs.org/argparse cache-miss
763 http fetch GET 200 https://registry.npmjs.org/resolve-from 33ms (cache miss)
764 silly packumentCache full:https://registry.npmjs.org/resolve-from set size:undefined disposed:false
765 http fetch GET 200 https://registry.npmjs.org/parent-module 34ms (cache miss)
766 silly packumentCache full:https://registry.npmjs.org/parent-module set size:undefined disposed:false
767 http fetch GET 200 https://registry.npmjs.org/argparse 39ms (cache miss)
768 silly packumentCache full:https://registry.npmjs.org/argparse set size:undefined disposed:false
769 silly placeDep ROOT levn@0.4.1 OK for: @eslint/plugin-kit@0.4.1 want: ^0.4.1
770 silly fetch manifest type-check@~0.4.0
771 silly packumentCache full:https://registry.npmjs.org/type-check cache-miss
772 http cache https://registry.npmjs.org/type-check 6ms (cache hit)
773 silly packumentCache full:https://registry.npmjs.org/type-check set size:21221 disposed:false
774 silly placeDep ROOT @humanfs/core@0.19.1 OK for: @humanfs/node@0.16.7 want: ^0.19.1
775 silly placeDep ROOT fast-json-stable-stringify@2.1.0 OK for: ajv@6.12.6 want: ^2.0.0
776 silly placeDep ROOT json-schema-traverse@0.4.1 OK for: ajv@6.12.6 want: ^0.4.1
777 silly placeDep ROOT uri-js@4.4.1 OK for: ajv@6.12.6 want: ^4.2.2
778 silly fetch manifest punycode@^2.1.0
779 silly packumentCache full:https://registry.npmjs.org/punycode cache-miss
780 http fetch GET 200 https://registry.npmjs.org/punycode 341ms (cache miss)
781 silly packumentCache full:https://registry.npmjs.org/punycode set size:undefined disposed:false
782 silly placeDep ROOT ansi-styles@4.3.0 OK for: chalk@4.1.2 want: ^4.1.0
783 silly placeDep ROOT supports-color@7.2.0 OK for: chalk@4.1.2 want: ^7.1.0
784 silly fetch manifest color-convert@^2.0.1
785 silly packumentCache full:https://registry.npmjs.org/color-convert cache-miss
786 silly fetch manifest has-flag@^4.0.0
787 silly packumentCache full:https://registry.npmjs.org/has-flag cache-miss
788 http fetch GET 200 https://registry.npmjs.org/has-flag 36ms (cache miss)
789 silly packumentCache full:https://registry.npmjs.org/has-flag set size:undefined disposed:false
790 http fetch GET 200 https://registry.npmjs.org/color-convert 37ms (cache miss)
791 silly packumentCache full:https://registry.npmjs.org/color-convert set size:undefined disposed:false
792 silly placeDep ROOT color-convert@2.0.1 OK for: ansi-styles@4.3.0 want: ^2.0.1
793 silly fetch manifest color-name@~1.1.4
794 silly packumentCache full:https://registry.npmjs.org/color-name cache-miss
795 http fetch GET 200 https://registry.npmjs.org/color-name 36ms (cache miss)
796 silly packumentCache full:https://registry.npmjs.org/color-name set size:undefined disposed:false
797 silly placeDep ROOT color-name@1.1.4 OK for: color-convert@2.0.1 want: ~1.1.4
798 silly placeDep ROOT path-key@3.1.1 OK for: cross-spawn@7.0.6 want: ^3.1.0
799 silly placeDep ROOT shebang-command@2.0.0 OK for: cross-spawn@7.0.6 want: ^2.0.0
800 silly placeDep ROOT which@2.0.2 OK for: cross-spawn@7.0.6 want: ^2.0.1
801 silly fetch manifest shebang-regex@^3.0.0
802 silly packumentCache full:https://registry.npmjs.org/shebang-regex cache-miss
803 silly fetch manifest isexe@^2.0.0
804 silly packumentCache full:https://registry.npmjs.org/isexe cache-miss
805 http fetch GET 200 https://registry.npmjs.org/isexe 37ms (cache miss)
806 silly packumentCache full:https://registry.npmjs.org/isexe set size:undefined disposed:false
807 http fetch GET 200 https://registry.npmjs.org/shebang-regex 40ms (cache miss)
808 silly packumentCache full:https://registry.npmjs.org/shebang-regex set size:undefined disposed:false
809 silly placeDep ROOT ms@2.1.3 OK for: debug@4.4.3 want: ^2.1.3
810 silly fetch manifest eslint@>=9.0.0
811 silly packumentCache full:https://registry.npmjs.org/eslint cache-miss
812 http cache https://registry.npmjs.org/eslint 19ms (cache hit)
813 silly packumentCache full:https://registry.npmjs.org/eslint set size:1900943 disposed:false
814 silly fetch manifest typescript@>=3.3.1
815 silly packumentCache full:https://registry.npmjs.org/typescript cache-miss
816 http cache https://registry.npmjs.org/typescript 47ms (cache hit)
817 silly packumentCache full:https://registry.npmjs.org/typescript set size:15035626 disposed:false
818 silly fetch manifest eslint-plugin-import-x@*
819 silly packumentCache full:https://registry.npmjs.org/eslint-plugin-import-x cache-miss
820 http fetch GET 200 https://registry.npmjs.org/eslint-plugin-import-x 345ms (cache miss)
821 silly packumentCache full:https://registry.npmjs.org/eslint-plugin-import-x set size:undefined disposed:false
822 silly fetch manifest @typescript-eslint/utils@^8.0.0
823 silly packumentCache full:https://registry.npmjs.org/@typescript-eslint%2futils cache-miss
824 http fetch GET 200 https://registry.npmjs.org/@typescript-eslint%2futils 436ms (cache miss)
825 silly packumentCache full:https://registry.npmjs.org/@typescript-eslint%2futils set size:undefined disposed:false
826 silly placeDep ROOT @next/eslint-plugin-next@16.1.0 OK for: eslint-config-next@16.1.0 want: 16.1.0
827 silly placeDep ROOT eslint-import-resolver-node@0.3.9 OK for: eslint-config-next@16.1.0 want: ^0.3.6
828 silly placeDep ROOT eslint-import-resolver-typescript@3.10.1 OK for: eslint-config-next@16.1.0 want: ^3.5.2
829 silly placeDep ROOT eslint-plugin-import@2.32.0 OK for: eslint-config-next@16.1.0 want: ^2.32.0
830 silly placeDep ROOT eslint-plugin-jsx-a11y@6.10.2 OK for: eslint-config-next@16.1.0 want: ^6.10.0
831 silly placeDep ROOT eslint-plugin-react@7.37.5 OK for: eslint-config-next@16.1.0 want: ^7.37.0
832 silly placeDep ROOT eslint-plugin-react-hooks@7.0.1 OK for: eslint-config-next@16.1.0 want: ^7.0.0
833 silly placeDep node_modules/eslint-config-next globals@16.4.0 OK for: eslint-config-next@16.1.0 want: 16.4.0
834 silly placeDep ROOT typescript-eslint@8.50.0 OK for: eslint-config-next@16.1.0 want: ^8.46.0
835 silly fetch manifest fast-glob@3.3.1
836 silly packumentCache full:https://registry.npmjs.org/fast-glob cache-miss
837 silly fetch manifest debug@^3.2.7
838 silly packumentCache full:https://registry.npmjs.org/debug cache-hit
839 silly fetch manifest is-core-module@^2.13.0
840 silly packumentCache full:https://registry.npmjs.org/is-core-module cache-miss
841 silly fetch manifest resolve@^1.22.4
842 silly packumentCache full:https://registry.npmjs.org/resolve cache-miss
843 silly fetch manifest tinyglobby@^0.2.13
844 silly packumentCache full:https://registry.npmjs.org/tinyglobby cache-miss
845 silly fetch manifest stable-hash@^0.0.5
846 silly packumentCache full:https://registry.npmjs.org/stable-hash cache-miss
847 silly fetch manifest get-tsconfig@^4.10.0
848 silly packumentCache full:https://registry.npmjs.org/get-tsconfig cache-miss
849 silly fetch manifest is-bun-module@^2.0.0
850 silly packumentCache full:https://registry.npmjs.org/is-bun-module cache-miss
851 silly fetch manifest unrs-resolver@^1.6.2
852 silly packumentCache full:https://registry.npmjs.org/unrs-resolver cache-miss
853 silly fetch manifest @nolyfill/is-core-module@1.0.39
854 silly packumentCache full:https://registry.npmjs.org/@nolyfill%2fis-core-module cache-miss
855 silly fetch manifest @rtsao/scc@^1.1.0
856 silly packumentCache full:https://registry.npmjs.org/@rtsao%2fscc cache-miss
857 silly fetch manifest array-includes@^3.1.9
858 silly packumentCache full:https://registry.npmjs.org/array-includes cache-miss
859 silly fetch manifest array.prototype.findlastindex@^1.2.6
860 silly packumentCache full:https://registry.npmjs.org/array.prototype.findlastindex cache-miss
861 silly fetch manifest array.prototype.flat@^1.3.3
862 silly packumentCache full:https://registry.npmjs.org/array.prototype.flat cache-miss
863 silly fetch manifest array.prototype.flatmap@^1.3.3
864 silly packumentCache full:https://registry.npmjs.org/array.prototype.flatmap cache-miss
865 silly fetch manifest doctrine@^2.1.0
866 silly packumentCache full:https://registry.npmjs.org/doctrine cache-miss
867 http fetch GET 200 https://registry.npmjs.org/array.prototype.flatmap 82ms (cache miss)
868 silly packumentCache full:https://registry.npmjs.org/array.prototype.flatmap set size:undefined disposed:false
869 silly fetch manifest eslint-module-utils@^2.12.1
870 silly packumentCache full:https://registry.npmjs.org/eslint-module-utils cache-miss
871 http fetch GET 200 https://registry.npmjs.org/tinyglobby 342ms (cache miss)
872 silly packumentCache full:https://registry.npmjs.org/tinyglobby set size:undefined disposed:false
873 silly fetch manifest hasown@^2.0.2
874 silly packumentCache full:https://registry.npmjs.org/hasown cache-miss
875 http fetch GET 200 https://registry.npmjs.org/fast-glob 357ms (cache miss)
876 silly packumentCache full:https://registry.npmjs.org/fast-glob set size:undefined disposed:false
877 silly fetch manifest is-core-module@^2.16.1
878 silly packumentCache full:https://registry.npmjs.org/is-core-module cache-miss
879 http fetch GET 200 https://registry.npmjs.org/is-core-module 368ms (cache miss)
880 silly packumentCache full:https://registry.npmjs.org/is-core-module set size:undefined disposed:false
881 silly fetch manifest object.fromentries@^2.0.8
882 silly packumentCache full:https://registry.npmjs.org/object.fromentries cache-miss
883 http fetch GET 200 https://registry.npmjs.org/resolve 373ms (cache miss)
884 silly packumentCache full:https://registry.npmjs.org/resolve set size:undefined disposed:false
885 silly fetch manifest object.groupby@^1.0.3
886 silly packumentCache full:https://registry.npmjs.org/object.groupby cache-miss
887 http fetch GET 200 https://registry.npmjs.org/unrs-resolver 379ms (cache miss)
888 silly packumentCache full:https://registry.npmjs.org/unrs-resolver set size:undefined disposed:false
889 silly fetch manifest object.values@^1.2.1
890 silly packumentCache full:https://registry.npmjs.org/object.values cache-miss
891 http fetch GET 200 https://registry.npmjs.org/array.prototype.flat 382ms (cache miss)
892 silly packumentCache full:https://registry.npmjs.org/array.prototype.flat set size:undefined disposed:false
893 silly fetch manifest semver@^6.3.1
894 silly packumentCache full:https://registry.npmjs.org/semver cache-miss
895 http fetch GET 200 https://registry.npmjs.org/is-bun-module 387ms (cache miss)
896 silly packumentCache full:https://registry.npmjs.org/is-bun-module set size:undefined disposed:false
897 silly fetch manifest string.prototype.trimend@^1.0.9
898 silly packumentCache full:https://registry.npmjs.org/string.prototype.trimend cache-miss
899 http fetch GET 200 https://registry.npmjs.org/doctrine 381ms (cache miss)
900 silly packumentCache full:https://registry.npmjs.org/doctrine set size:undefined disposed:false
901 silly fetch manifest tsconfig-paths@^3.15.0
902 silly packumentCache full:https://registry.npmjs.org/tsconfig-paths cache-miss
903 http fetch GET 200 https://registry.npmjs.org/get-tsconfig 392ms (cache miss)
904 silly packumentCache full:https://registry.npmjs.org/get-tsconfig set size:undefined disposed:false
905 silly fetch manifest aria-query@^5.3.2
906 silly packumentCache full:https://registry.npmjs.org/aria-query cache-miss
907 http fetch GET 200 https://registry.npmjs.org/array-includes 394ms (cache miss)
908 silly packumentCache full:https://registry.npmjs.org/array-includes set size:undefined disposed:false
909 silly fetch manifest array-includes@^3.1.8
910 silly packumentCache full:https://registry.npmjs.org/array-includes cache-miss
911 http fetch GET 200 https://registry.npmjs.org/hasown 61ms (cache miss)
912 silly packumentCache full:https://registry.npmjs.org/hasown set size:undefined disposed:false
913 silly fetch manifest array.prototype.flatmap@^1.3.2
914 silly packumentCache full:https://registry.npmjs.org/array.prototype.flatmap cache-miss
915 http fetch GET 200 https://registry.npmjs.org/is-core-module 50ms (cache miss)
916 silly packumentCache full:https://registry.npmjs.org/is-core-module set size:undefined disposed:false
917 silly fetch manifest ast-types-flow@^0.0.8
918 silly packumentCache full:https://registry.npmjs.org/ast-types-flow cache-miss
919 http cache https://registry.npmjs.org/array-includes 17ms (cache hit)
920 silly packumentCache full:https://registry.npmjs.org/array-includes set size:77143 disposed:false
921 silly fetch manifest axe-core@^4.10.0
922 silly packumentCache full:https://registry.npmjs.org/axe-core cache-miss
923 http fetch GET 200 https://registry.npmjs.org/object.fromentries 48ms (cache miss)
924 silly packumentCache full:https://registry.npmjs.org/object.fromentries set size:undefined disposed:false
925 silly fetch manifest axobject-query@^4.1.0
926 silly packumentCache full:https://registry.npmjs.org/axobject-query cache-miss
927 http cache https://registry.npmjs.org/array.prototype.flatmap 19ms (cache hit)
928 silly packumentCache full:https://registry.npmjs.org/array.prototype.flatmap set size:51458 disposed:false
929 silly fetch manifest damerau-levenshtein@^1.0.8
930 silly packumentCache full:https://registry.npmjs.org/damerau-levenshtein cache-miss
931 http fetch GET 200 https://registry.npmjs.org/string.prototype.trimend 43ms (cache miss)
932 silly packumentCache full:https://registry.npmjs.org/string.prototype.trimend set size:undefined disposed:false
933 silly fetch manifest emoji-regex@^9.2.2
934 silly packumentCache full:https://registry.npmjs.org/emoji-regex cache-miss
935 http fetch GET 200 https://registry.npmjs.org/eslint-module-utils 347ms (cache miss)
936 silly packumentCache full:https://registry.npmjs.org/eslint-module-utils set size:undefined disposed:false
937 silly fetch manifest jsx-ast-utils@^3.3.5
938 silly packumentCache full:https://registry.npmjs.org/jsx-ast-utils cache-miss
939 http fetch GET 200 https://registry.npmjs.org/semver 54ms (cache miss)
940 silly packumentCache full:https://registry.npmjs.org/semver set size:undefined disposed:false
941 silly fetch manifest language-tags@^1.0.9
942 silly packumentCache full:https://registry.npmjs.org/language-tags cache-miss
943 http fetch GET 200 https://registry.npmjs.org/tsconfig-paths 61ms (cache miss)
944 silly packumentCache full:https://registry.npmjs.org/tsconfig-paths set size:undefined disposed:false
945 silly fetch manifest safe-regex-test@^1.0.3
946 silly packumentCache full:https://registry.npmjs.org/safe-regex-test cache-miss
947 http fetch GET 200 https://registry.npmjs.org/emoji-regex 33ms (cache miss)
948 silly packumentCache full:https://registry.npmjs.org/emoji-regex set size:undefined disposed:false
949 silly fetch manifest string.prototype.includes@^2.0.1
950 silly packumentCache full:https://registry.npmjs.org/string.prototype.includes cache-miss
951 http fetch GET 200 https://registry.npmjs.org/safe-regex-test 31ms (cache miss)
952 silly packumentCache full:https://registry.npmjs.org/safe-regex-test set size:undefined disposed:false
953 silly fetch manifest array.prototype.findlast@^1.2.5
954 silly packumentCache full:https://registry.npmjs.org/array.prototype.findlast cache-miss
955 http fetch GET 200 https://registry.npmjs.org/array.prototype.findlast 64ms (cache miss)
956 silly packumentCache full:https://registry.npmjs.org/array.prototype.findlast set size:undefined disposed:false
957 silly fetch manifest array.prototype.tosorted@^1.1.4
958 silly packumentCache full:https://registry.npmjs.org/array.prototype.tosorted cache-miss
959 http fetch GET 200 https://registry.npmjs.org/array.prototype.tosorted 43ms (cache miss)
960 silly packumentCache full:https://registry.npmjs.org/array.prototype.tosorted set size:undefined disposed:false
961 silly fetch manifest es-iterator-helpers@^1.2.1
962 silly packumentCache full:https://registry.npmjs.org/es-iterator-helpers cache-miss
963 http fetch GET 200 https://registry.npmjs.org/es-iterator-helpers 42ms (cache miss)
964 silly packumentCache full:https://registry.npmjs.org/es-iterator-helpers set size:undefined disposed:false
965 silly fetch manifest estraverse@^5.3.0
966 silly packumentCache full:https://registry.npmjs.org/estraverse cache-miss
967 http cache https://registry.npmjs.org/estraverse 8ms (cache hit)
968 silly packumentCache full:https://registry.npmjs.org/estraverse set size:62412 disposed:false
969 silly fetch manifest jsx-ast-utils@^2.4.1 || ^3.0.0
970 silly packumentCache full:https://registry.npmjs.org/jsx-ast-utils cache-miss
971 http fetch GET 200 https://registry.npmjs.org/object.groupby 323ms (cache miss)
972 silly packumentCache full:https://registry.npmjs.org/object.groupby set size:undefined disposed:false
973 silly fetch manifest object.entries@^1.1.9
974 silly packumentCache full:https://registry.npmjs.org/object.entries cache-miss
975 http fetch GET 200 https://registry.npmjs.org/object.values 319ms (cache miss)
976 silly packumentCache full:https://registry.npmjs.org/object.values set size:undefined disposed:false
977 silly fetch manifest prop-types@^15.8.1
978 silly packumentCache full:https://registry.npmjs.org/prop-types cache-miss
979 http fetch GET 200 https://registry.npmjs.org/aria-query 342ms (cache miss)
980 silly packumentCache full:https://registry.npmjs.org/aria-query set size:undefined disposed:false
981 silly fetch manifest resolve@^2.0.0-next.5
982 silly packumentCache full:https://registry.npmjs.org/resolve cache-miss
983 http fetch GET 200 https://registry.npmjs.org/prop-types 39ms (cache miss)
984 silly packumentCache full:https://registry.npmjs.org/prop-types set size:undefined disposed:false
985 silly fetch manifest string.prototype.matchall@^4.0.12
986 silly packumentCache full:https://registry.npmjs.org/string.prototype.matchall cache-miss
987 http cache https://registry.npmjs.org/resolve 9ms (cache hit)
988 silly packumentCache full:https://registry.npmjs.org/resolve set size:246681 disposed:false
989 silly fetch manifest string.prototype.repeat@^1.0.0
990 silly packumentCache full:https://registry.npmjs.org/string.prototype.repeat cache-miss
991 http fetch GET 200 https://registry.npmjs.org/axobject-query 340ms (cache miss)
992 silly packumentCache full:https://registry.npmjs.org/axobject-query set size:undefined disposed:false
993 silly fetch manifest zod@^3.25.0 || ^4.0.0
994 silly packumentCache full:https://registry.npmjs.org/zod cache-miss
995 http fetch GET 200 https://registry.npmjs.org/language-tags 328ms (cache miss)
996 silly packumentCache full:https://registry.npmjs.org/language-tags set size:undefined disposed:false
997 silly fetch manifest @babel/core@^7.24.4
998 silly packumentCache full:https://registry.npmjs.org/@babel%2fcore cache-miss
999 http fetch GET 200 https://registry.npmjs.org/jsx-ast-utils 344ms (cache miss)
1000 silly packumentCache full:https://registry.npmjs.org/jsx-ast-utils set size:undefined disposed:false
1001 silly fetch manifest @babel/parser@^7.24.4
1002 silly packumentCache full:https://registry.npmjs.org/@babel%2fparser cache-miss
1003 http fetch GET 200 https://registry.npmjs.org/jsx-ast-utils 127ms (cache miss)
1004 silly packumentCache full:https://registry.npmjs.org/jsx-ast-utils set size:undefined disposed:false
1005 silly fetch manifest hermes-parser@^0.25.1
1006 silly packumentCache full:https://registry.npmjs.org/hermes-parser cache-miss
1007 http fetch GET 200 https://registry.npmjs.org/string.prototype.matchall 53ms (cache miss)
1008 silly packumentCache full:https://registry.npmjs.org/string.prototype.matchall set size:undefined disposed:false
1009 silly fetch manifest zod-validation-error@^3.5.0 || ^4.0.0
1010 silly packumentCache full:https://registry.npmjs.org/zod-validation-error cache-miss
1011 http fetch GET 200 https://registry.npmjs.org/string.prototype.includes 334ms (cache miss)
1012 silly packumentCache full:https://registry.npmjs.org/string.prototype.includes set size:undefined disposed:false
1013 silly fetch manifest @typescript-eslint/utils@8.50.0
1014 silly packumentCache full:https://registry.npmjs.org/@typescript-eslint%2futils cache-miss
1015 http fetch GET 200 https://registry.npmjs.org/@nolyfill%2fis-core-module 811ms (cache miss)
1016 silly packumentCache full:https://registry.npmjs.org/@nolyfill%2fis-core-module set size:undefined disposed:false
1017 silly fetch manifest @typescript-eslint/parser@8.50.0
1018 silly packumentCache full:https://registry.npmjs.org/@typescript-eslint%2fparser cache-miss
1019 http cache https://registry.npmjs.org/@typescript-eslint%2futils 37ms (cache hit)
1020 silly packumentCache full:https://registry.npmjs.org/@typescript-eslint%2futils set size:9442598 disposed:false
1021 silly fetch manifest @typescript-eslint/eslint-plugin@8.50.0
1022 silly packumentCache full:https://registry.npmjs.org/@typescript-eslint%2feslint-plugin cache-miss
1023 http fetch GET 200 https://registry.npmjs.org/@rtsao%2fscc 930ms (cache miss)
1024 silly packumentCache full:https://registry.npmjs.org/@rtsao%2fscc set size:undefined disposed:false
1025 silly fetch manifest @typescript-eslint/typescript-estree@8.50.0
1026 silly packumentCache full:https://registry.npmjs.org/@typescript-eslint%2ftypescript-estree cache-miss
1027 http fetch GET 200 https://registry.npmjs.org/stable-hash 942ms (cache miss)
1028 silly packumentCache full:https://registry.npmjs.org/stable-hash set size:undefined disposed:false
1029 http fetch GET 200 https://registry.npmjs.org/array.prototype.findlastindex 943ms (cache miss)
1030 silly packumentCache full:https://registry.npmjs.org/array.prototype.findlastindex set size:undefined disposed:false
1031 http fetch GET 200 https://registry.npmjs.org/hermes-parser 165ms (cache miss)
1032 silly packumentCache full:https://registry.npmjs.org/hermes-parser set size:undefined disposed:false
1033 http fetch GET 200 https://registry.npmjs.org/zod 224ms (cache miss)
1034 silly packumentCache full:https://registry.npmjs.org/zod set size:undefined disposed:false
1035 http fetch GET 200 https://registry.npmjs.org/object.entries 325ms (cache miss)
1036 silly packumentCache full:https://registry.npmjs.org/object.entries set size:undefined disposed:false
1037 http fetch GET 200 https://registry.npmjs.org/axe-core 656ms (cache miss)
1038 silly packumentCache full:https://registry.npmjs.org/axe-core set size:undefined disposed:false
1039 http fetch GET 200 https://registry.npmjs.org/string.prototype.repeat 397ms (cache miss)
1040 silly packumentCache full:https://registry.npmjs.org/string.prototype.repeat set size:undefined disposed:false
1041 http fetch GET 200 https://registry.npmjs.org/zod-validation-error 353ms (cache miss)
1042 silly packumentCache full:https://registry.npmjs.org/zod-validation-error set size:undefined disposed:false
1043 http fetch GET 200 https://registry.npmjs.org/damerau-levenshtein 874ms (cache miss)
1044 silly packumentCache full:https://registry.npmjs.org/damerau-levenshtein set size:undefined disposed:false
1045 http fetch GET 200 https://registry.npmjs.org/ast-types-flow 911ms (cache miss)
1046 silly packumentCache full:https://registry.npmjs.org/ast-types-flow set size:undefined disposed:false
1047 http fetch GET 200 https://registry.npmjs.org/@babel%2fcore 646ms (cache miss)
1048 silly packumentCache full:https://registry.npmjs.org/@babel%2fcore set size:undefined disposed:false
1049 http fetch GET 200 https://registry.npmjs.org/@babel%2fparser 1089ms (cache miss)
1050 silly packumentCache full:https://registry.npmjs.org/@babel%2fparser set size:undefined disposed:false
1051 http fetch GET 200 https://registry.npmjs.org/@typescript-eslint%2ftypescript-estree 965ms (cache miss)
1052 silly packumentCache full:https://registry.npmjs.org/@typescript-eslint%2ftypescript-estree set size:undefined disposed:false
1053 http fetch GET 200 https://registry.npmjs.org/@typescript-eslint%2fparser 1266ms (cache miss)
1054 silly packumentCache full:https://registry.npmjs.org/@typescript-eslint%2fparser set size:undefined disposed:false
1055 http fetch GET 200 https://registry.npmjs.org/@typescript-eslint%2feslint-plugin 1431ms (cache miss)
1056 silly packumentCache full:https://registry.npmjs.org/@typescript-eslint%2feslint-plugin set size:undefined disposed:false
1057 silly placeDep ROOT fast-glob@3.3.1 OK for: @next/eslint-plugin-next@16.1.0 want: 3.3.1
1058 silly fetch manifest merge2@^1.3.0
1059 silly packumentCache full:https://registry.npmjs.org/merge2 cache-miss
1060 silly fetch manifest micromatch@^4.0.4
1061 silly packumentCache full:https://registry.npmjs.org/micromatch cache-miss
1062 silly fetch manifest glob-parent@^5.1.2
1063 silly packumentCache full:https://registry.npmjs.org/glob-parent cache-miss
1064 silly fetch manifest @nodelib/fs.stat@^2.0.2
1065 silly packumentCache full:https://registry.npmjs.org/@nodelib%2ffs.stat cache-miss
1066 silly fetch manifest @nodelib/fs.walk@^1.2.3
1067 silly packumentCache full:https://registry.npmjs.org/@nodelib%2ffs.walk cache-miss
1068 http cache https://registry.npmjs.org/glob-parent 18ms (cache hit)
1069 silly packumentCache full:https://registry.npmjs.org/glob-parent set size:42445 disposed:false
1070 http fetch GET 200 https://registry.npmjs.org/merge2 163ms (cache miss)
1071 silly packumentCache full:https://registry.npmjs.org/merge2 set size:undefined disposed:false
1072 http fetch GET 200 https://registry.npmjs.org/micromatch 171ms (cache miss)
1073 silly packumentCache full:https://registry.npmjs.org/micromatch set size:undefined disposed:false
1074 http fetch GET 200 https://registry.npmjs.org/@nodelib%2ffs.stat 349ms (cache miss)
1075 silly packumentCache full:https://registry.npmjs.org/@nodelib%2ffs.stat set size:undefined disposed:false
1076 http fetch GET 200 https://registry.npmjs.org/@nodelib%2ffs.walk 862ms (cache miss)
1077 silly packumentCache full:https://registry.npmjs.org/@nodelib%2ffs.walk set size:undefined disposed:false
1078 silly placeDep node_modules/eslint-import-resolver-node debug@3.2.7 OK for: eslint-import-resolver-node@0.3.9 want: ^3.2.7
1079 silly placeDep ROOT is-core-module@2.16.1 OK for: eslint-import-resolver-node@0.3.9 want: ^2.13.0
1080 silly placeDep ROOT resolve@1.22.11 OK for: eslint-import-resolver-node@0.3.9 want: ^1.22.4
1081 silly fetch manifest path-parse@^1.0.7
1082 silly packumentCache full:https://registry.npmjs.org/path-parse cache-miss
1083 silly fetch manifest supports-preserve-symlinks-flag@^1.0.0
1084 silly packumentCache full:https://registry.npmjs.org/supports-preserve-symlinks-flag cache-miss
1085 http fetch GET 200 https://registry.npmjs.org/supports-preserve-symlinks-flag 38ms (cache miss)
1086 silly packumentCache full:https://registry.npmjs.org/supports-preserve-symlinks-flag set size:undefined disposed:false
1087 http fetch GET 200 https://registry.npmjs.org/path-parse 330ms (cache miss)
1088 silly packumentCache full:https://registry.npmjs.org/path-parse set size:undefined disposed:false
1089 silly placeDep ROOT @nolyfill/is-core-module@1.0.39 OK for: eslint-import-resolver-typescript@3.10.1 want: 1.0.39
1090 silly placeDep ROOT get-tsconfig@4.13.0 OK for: eslint-import-resolver-typescript@3.10.1 want: ^4.10.0
1091 silly placeDep ROOT is-bun-module@2.0.0 OK for: eslint-import-resolver-typescript@3.10.1 want: ^2.0.0
1092 silly placeDep ROOT stable-hash@0.0.5 OK for: eslint-import-resolver-typescript@3.10.1 want: ^0.0.5
1093 silly placeDep ROOT tinyglobby@0.2.15 OK for: eslint-import-resolver-typescript@3.10.1 want: ^0.2.13
1094 silly placeDep ROOT unrs-resolver@1.11.1 OK for: eslint-import-resolver-typescript@3.10.1 want: ^1.6.2
1095 silly fetch manifest resolve-pkg-maps@^1.0.0
1096 silly packumentCache full:https://registry.npmjs.org/resolve-pkg-maps cache-miss
1097 silly fetch manifest semver@^7.7.1
1098 silly packumentCache full:https://registry.npmjs.org/semver cache-miss
1099 silly fetch manifest fdir@^6.5.0
1100 silly packumentCache full:https://registry.npmjs.org/fdir cache-miss
1101 silly fetch manifest picomatch@^4.0.3
1102 silly packumentCache full:https://registry.npmjs.org/picomatch cache-miss
1103 silly fetch manifest napi-postinstall@^0.3.0
1104 silly packumentCache full:https://registry.npmjs.org/napi-postinstall cache-miss
1105 silly fetch manifest @unrs/resolver-binding-win32-x64-msvc@1.11.1
1106 silly packumentCache full:https://registry.npmjs.org/@unrs%2fresolver-binding-win32-x64-msvc cache-miss
1107 silly fetch manifest @unrs/resolver-binding-win32-arm64-msvc@1.11.1
1108 silly packumentCache full:https://registry.npmjs.org/@unrs%2fresolver-binding-win32-arm64-msvc cache-miss
1109 silly fetch manifest @unrs/resolver-binding-win32-ia32-msvc@1.11.1
1110 silly packumentCache full:https://registry.npmjs.org/@unrs%2fresolver-binding-win32-ia32-msvc cache-miss
1111 silly fetch manifest @unrs/resolver-binding-linux-x64-gnu@1.11.1
1112 silly packumentCache full:https://registry.npmjs.org/@unrs%2fresolver-binding-linux-x64-gnu cache-miss
1113 silly fetch manifest @unrs/resolver-binding-linux-x64-musl@1.11.1
1114 silly packumentCache full:https://registry.npmjs.org/@unrs%2fresolver-binding-linux-x64-musl cache-miss
1115 silly fetch manifest @unrs/resolver-binding-freebsd-x64@1.11.1
1116 silly packumentCache full:https://registry.npmjs.org/@unrs%2fresolver-binding-freebsd-x64 cache-miss
1117 silly fetch manifest @unrs/resolver-binding-android-arm64@1.11.1
1118 silly packumentCache full:https://registry.npmjs.org/@unrs%2fresolver-binding-android-arm64 cache-miss
1119 silly fetch manifest @unrs/resolver-binding-linux-arm64-gnu@1.11.1
1120 silly packumentCache full:https://registry.npmjs.org/@unrs%2fresolver-binding-linux-arm64-gnu cache-miss
1121 silly fetch manifest @unrs/resolver-binding-linux-arm64-musl@1.11.1
1122 silly packumentCache full:https://registry.npmjs.org/@unrs%2fresolver-binding-linux-arm64-musl cache-miss
1123 silly fetch manifest @unrs/resolver-binding-android-arm-eabi@1.11.1
1124 silly packumentCache full:https://registry.npmjs.org/@unrs%2fresolver-binding-android-arm-eabi cache-miss
1125 http cache https://registry.npmjs.org/semver 23ms (cache hit)
1126 silly packumentCache full:https://registry.npmjs.org/semver set size:226907 disposed:false
1127 silly fetch manifest @unrs/resolver-binding-linux-arm-gnueabihf@1.11.1
1128 silly packumentCache full:https://registry.npmjs.org/@unrs%2fresolver-binding-linux-arm-gnueabihf cache-miss
1129 http fetch GET 200 https://registry.npmjs.org/picomatch 41ms (cache miss)
1130 silly packumentCache full:https://registry.npmjs.org/picomatch set size:undefined disposed:false
1131 silly fetch manifest @unrs/resolver-binding-linux-arm-musleabihf@1.11.1
1132 silly packumentCache full:https://registry.npmjs.org/@unrs%2fresolver-binding-linux-arm-musleabihf cache-miss
1133 http fetch GET 200 https://registry.npmjs.org/fdir 140ms (cache miss)
1134 silly packumentCache full:https://registry.npmjs.org/fdir set size:undefined disposed:false
1135 silly fetch manifest @unrs/resolver-binding-linux-ppc64-gnu@1.11.1
1136 silly packumentCache full:https://registry.npmjs.org/@unrs%2fresolver-binding-linux-ppc64-gnu cache-miss
1137 http fetch GET 200 https://registry.npmjs.org/resolve-pkg-maps 348ms (cache miss)
1138 silly packumentCache full:https://registry.npmjs.org/resolve-pkg-maps set size:undefined disposed:false
1139 silly fetch manifest @unrs/resolver-binding-linux-riscv64-gnu@1.11.1
1140 silly packumentCache full:https://registry.npmjs.org/@unrs%2fresolver-binding-linux-riscv64-gnu cache-miss
1141 http fetch GET 200 https://registry.npmjs.org/napi-postinstall 350ms (cache miss)
1142 silly packumentCache full:https://registry.npmjs.org/napi-postinstall set size:undefined disposed:false
1143 silly fetch manifest @unrs/resolver-binding-linux-riscv64-musl@1.11.1
1144 silly packumentCache full:https://registry.npmjs.org/@unrs%2fresolver-binding-linux-riscv64-musl cache-miss
1145 http fetch GET 200 https://registry.npmjs.org/@unrs%2fresolver-binding-win32-ia32-msvc 809ms (cache miss)
1146 silly packumentCache full:https://registry.npmjs.org/@unrs%2fresolver-binding-win32-ia32-msvc set size:undefined disposed:false
1147 silly fetch manifest @unrs/resolver-binding-linux-s390x-gnu@1.11.1
1148 silly packumentCache full:https://registry.npmjs.org/@unrs%2fresolver-binding-linux-s390x-gnu cache-miss
1149 http fetch GET 200 https://registry.npmjs.org/@unrs%2fresolver-binding-linux-x64-gnu 820ms (cache miss)
1150 silly packumentCache full:https://registry.npmjs.org/@unrs%2fresolver-binding-linux-x64-gnu set size:undefined disposed:false
1151 silly fetch manifest @unrs/resolver-binding-darwin-x64@1.11.1
1152 silly packumentCache full:https://registry.npmjs.org/@unrs%2fresolver-binding-darwin-x64 cache-miss
1153 http fetch GET 200 https://registry.npmjs.org/@unrs%2fresolver-binding-android-arm64 823ms (cache miss)
1154 silly packumentCache full:https://registry.npmjs.org/@unrs%2fresolver-binding-android-arm64 set size:undefined disposed:false
1155 silly fetch manifest @unrs/resolver-binding-darwin-arm64@1.11.1
1156 silly packumentCache full:https://registry.npmjs.org/@unrs%2fresolver-binding-darwin-arm64 cache-miss
1157 http fetch GET 200 https://registry.npmjs.org/@unrs%2fresolver-binding-linux-arm64-gnu 824ms (cache miss)
1158 silly packumentCache full:https://registry.npmjs.org/@unrs%2fresolver-binding-linux-arm64-gnu set size:undefined disposed:false
1159 silly fetch manifest @unrs/resolver-binding-wasm32-wasi@1.11.1
1160 silly packumentCache full:https://registry.npmjs.org/@unrs%2fresolver-binding-wasm32-wasi cache-miss
1161 http fetch GET 200 https://registry.npmjs.org/@unrs%2fresolver-binding-linux-ppc64-gnu 793ms (cache miss)
1162 silly packumentCache full:https://registry.npmjs.org/@unrs%2fresolver-binding-linux-ppc64-gnu set size:undefined disposed:false
1163 http fetch GET 200 https://registry.npmjs.org/@unrs%2fresolver-binding-linux-riscv64-musl 777ms (cache miss)
1164 silly packumentCache full:https://registry.npmjs.org/@unrs%2fresolver-binding-linux-riscv64-musl set size:undefined disposed:false
1165 http fetch GET 200 https://registry.npmjs.org/@unrs%2fresolver-binding-android-arm-eabi 1357ms (cache miss)
1166 silly packumentCache full:https://registry.npmjs.org/@unrs%2fresolver-binding-android-arm-eabi set size:undefined disposed:false
1167 http fetch GET 200 https://registry.npmjs.org/@unrs%2fresolver-binding-freebsd-x64 1363ms (cache miss)
1168 silly packumentCache full:https://registry.npmjs.org/@unrs%2fresolver-binding-freebsd-x64 set size:undefined disposed:false
1169 http fetch GET 200 https://registry.npmjs.org/@unrs%2fresolver-binding-win32-x64-msvc 1376ms (cache miss)
1170 silly packumentCache full:https://registry.npmjs.org/@unrs%2fresolver-binding-win32-x64-msvc set size:undefined disposed:false
1171 http fetch GET 200 https://registry.npmjs.org/@unrs%2fresolver-binding-linux-arm-musleabihf 1350ms (cache miss)
1172 silly packumentCache full:https://registry.npmjs.org/@unrs%2fresolver-binding-linux-arm-musleabihf set size:undefined disposed:false
1173 http fetch GET 200 https://registry.npmjs.org/@unrs%2fresolver-binding-linux-arm-gnueabihf 1369ms (cache miss)
1174 silly packumentCache full:https://registry.npmjs.org/@unrs%2fresolver-binding-linux-arm-gnueabihf set size:undefined disposed:false
1175 http fetch GET 200 https://registry.npmjs.org/@unrs%2fresolver-binding-darwin-x64 787ms (cache miss)
1176 silly packumentCache full:https://registry.npmjs.org/@unrs%2fresolver-binding-darwin-x64 set size:undefined disposed:false
1177 http fetch GET 200 https://registry.npmjs.org/@unrs%2fresolver-binding-wasm32-wasi 806ms (cache miss)
1178 silly packumentCache full:https://registry.npmjs.org/@unrs%2fresolver-binding-wasm32-wasi set size:undefined disposed:false
1179 http fetch GET 200 https://registry.npmjs.org/@unrs%2fresolver-binding-linux-riscv64-gnu 1370ms (cache miss)
1180 silly packumentCache full:https://registry.npmjs.org/@unrs%2fresolver-binding-linux-riscv64-gnu set size:undefined disposed:false
1181 http fetch GET 200 https://registry.npmjs.org/@unrs%2fresolver-binding-win32-arm64-msvc 1720ms (cache miss)
1182 silly packumentCache full:https://registry.npmjs.org/@unrs%2fresolver-binding-win32-arm64-msvc set size:undefined disposed:false
1183 http fetch GET 200 https://registry.npmjs.org/@unrs%2fresolver-binding-linux-arm64-musl 1937ms (cache miss)
1184 silly packumentCache full:https://registry.npmjs.org/@unrs%2fresolver-binding-linux-arm64-musl set size:undefined disposed:false
1185 http fetch GET 200 https://registry.npmjs.org/@unrs%2fresolver-binding-linux-x64-musl 1962ms (cache miss)
1186 silly packumentCache full:https://registry.npmjs.org/@unrs%2fresolver-binding-linux-x64-musl set size:undefined disposed:false
1187 http fetch GET 200 https://registry.npmjs.org/@unrs%2fresolver-binding-linux-s390x-gnu 1191ms (cache miss)
1188 silly packumentCache full:https://registry.npmjs.org/@unrs%2fresolver-binding-linux-s390x-gnu set size:undefined disposed:false
1189 http fetch GET 200 https://registry.npmjs.org/@unrs%2fresolver-binding-darwin-arm64 1370ms (cache miss)
1190 silly packumentCache full:https://registry.npmjs.org/@unrs%2fresolver-binding-darwin-arm64 set size:undefined disposed:false
1191 silly placeDep ROOT @rtsao/scc@1.1.0 OK for: eslint-plugin-import@2.32.0 want: ^1.1.0
1192 silly placeDep ROOT array-includes@3.1.9 OK for: eslint-plugin-import@2.32.0 want: ^3.1.9
1193 silly placeDep ROOT array.prototype.findlastindex@1.2.6 OK for: eslint-plugin-import@2.32.0 want: ^1.2.6
1194 silly placeDep ROOT array.prototype.flat@1.3.3 OK for: eslint-plugin-import@2.32.0 want: ^1.3.3
1195 silly placeDep ROOT array.prototype.flatmap@1.3.3 OK for: eslint-plugin-import@2.32.0 want: ^1.3.3
1196 silly placeDep node_modules/eslint-plugin-import debug@3.2.7 OK for: eslint-plugin-import@2.32.0 want: ^3.2.7
1197 silly placeDep ROOT doctrine@2.1.0 OK for: eslint-plugin-import@2.32.0 want: ^2.1.0
1198 silly placeDep ROOT eslint-module-utils@2.12.1 OK for: eslint-plugin-import@2.32.0 want: ^2.12.1
1199 silly placeDep ROOT hasown@2.0.2 OK for: eslint-plugin-import@2.32.0 want: ^2.0.2
1200 silly placeDep ROOT object.fromentries@2.0.8 OK for: eslint-plugin-import@2.32.0 want: ^2.0.8
1201 silly placeDep ROOT object.groupby@1.0.3 OK for: eslint-plugin-import@2.32.0 want: ^1.0.3
1202 silly placeDep ROOT object.values@1.2.1 OK for: eslint-plugin-import@2.32.0 want: ^1.2.1
1203 silly placeDep ROOT semver@6.3.1 OK for: eslint-plugin-import@2.32.0 want: ^6.3.1
1204 silly placeDep ROOT string.prototype.trimend@1.0.9 OK for: eslint-plugin-import@2.32.0 want: ^1.0.9
1205 silly placeDep ROOT tsconfig-paths@3.15.0 OK for: eslint-plugin-import@2.32.0 want: ^3.15.0
1206 silly fetch manifest call-bind@^1.0.8
1207 silly packumentCache full:https://registry.npmjs.org/call-bind cache-miss
1208 silly fetch manifest call-bound@^1.0.4
1209 silly packumentCache full:https://registry.npmjs.org/call-bound cache-miss
1210 silly fetch manifest define-properties@^1.2.1
1211 silly packumentCache full:https://registry.npmjs.org/define-properties cache-miss
1212 silly fetch manifest es-abstract@^1.24.0
1213 silly packumentCache full:https://registry.npmjs.org/es-abstract cache-miss
1214 silly fetch manifest es-object-atoms@^1.1.1
1215 silly packumentCache full:https://registry.npmjs.org/es-object-atoms cache-miss
1216 silly fetch manifest get-intrinsic@^1.3.0
1217 silly packumentCache full:https://registry.npmjs.org/get-intrinsic cache-miss
1218 silly fetch manifest is-string@^1.1.1
1219 silly packumentCache full:https://registry.npmjs.org/is-string cache-miss
1220 silly fetch manifest math-intrinsics@^1.1.0
1221 silly packumentCache full:https://registry.npmjs.org/math-intrinsics cache-miss
1222 silly fetch manifest call-bind@^1.0.8
1223 silly packumentCache full:https://registry.npmjs.org/call-bind cache-miss
1224 silly fetch manifest call-bound@^1.0.4
1225 silly packumentCache full:https://registry.npmjs.org/call-bound cache-miss
1226 silly fetch manifest define-properties@^1.2.1
1227 silly packumentCache full:https://registry.npmjs.org/define-properties cache-miss
1228 silly fetch manifest es-abstract@^1.23.9
1229 silly packumentCache full:https://registry.npmjs.org/es-abstract cache-miss
1230 silly fetch manifest es-errors@^1.3.0
1231 silly packumentCache full:https://registry.npmjs.org/es-errors cache-miss
1232 silly fetch manifest es-object-atoms@^1.1.1
1233 silly packumentCache full:https://registry.npmjs.org/es-object-atoms cache-miss
1234 silly fetch manifest es-shim-unscopables@^1.1.0
1235 silly packumentCache full:https://registry.npmjs.org/es-shim-unscopables cache-miss
1236 http fetch GET 200 https://registry.npmjs.org/call-bound 43ms (cache miss)
1237 silly packumentCache full:https://registry.npmjs.org/call-bound set size:undefined disposed:false
1238 silly fetch manifest call-bind@^1.0.8
1239 silly packumentCache full:https://registry.npmjs.org/call-bind cache-miss
1240 http fetch GET 200 https://registry.npmjs.org/call-bound 49ms (cache miss)
1241 silly packumentCache full:https://registry.npmjs.org/call-bound set size:undefined disposed:false
1242 silly fetch manifest define-properties@^1.2.1
1243 silly packumentCache full:https://registry.npmjs.org/define-properties cache-miss
1244 http fetch GET 200 https://registry.npmjs.org/math-intrinsics 54ms (cache miss)
1245 silly packumentCache full:https://registry.npmjs.org/math-intrinsics set size:undefined disposed:false
1246 silly fetch manifest es-abstract@^1.23.5
1247 silly packumentCache full:https://registry.npmjs.org/es-abstract cache-miss
1248 http fetch GET 200 https://registry.npmjs.org/es-object-atoms 57ms (cache miss)
1249 silly packumentCache full:https://registry.npmjs.org/es-object-atoms set size:undefined disposed:false
1250 silly fetch manifest es-shim-unscopables@^1.0.2
1251 silly packumentCache full:https://registry.npmjs.org/es-shim-unscopables cache-miss
1252 http fetch GET 200 https://registry.npmjs.org/is-string 59ms (cache miss)
1253 silly packumentCache full:https://registry.npmjs.org/is-string set size:undefined disposed:false
1254 silly fetch manifest call-bind@^1.0.8
1255 silly packumentCache full:https://registry.npmjs.org/call-bind cache-miss
1256 http fetch GET 200 https://registry.npmjs.org/es-object-atoms 63ms (cache miss)
1257 silly packumentCache full:https://registry.npmjs.org/es-object-atoms set size:undefined disposed:false
1258 silly fetch manifest define-properties@^1.2.1
1259 silly packumentCache full:https://registry.npmjs.org/define-properties cache-miss
1260 http fetch GET 200 https://registry.npmjs.org/es-shim-unscopables 66ms (cache miss)
1261 silly packumentCache full:https://registry.npmjs.org/es-shim-unscopables set size:undefined disposed:false
1262 silly fetch manifest es-abstract@^1.23.5
1263 silly packumentCache full:https://registry.npmjs.org/es-abstract cache-miss
1264 http fetch GET 200 https://registry.npmjs.org/get-intrinsic 71ms (cache miss)
1265 silly packumentCache full:https://registry.npmjs.org/get-intrinsic set size:undefined disposed:false
1266 silly fetch manifest es-shim-unscopables@^1.0.2
1267 silly packumentCache full:https://registry.npmjs.org/es-shim-unscopables cache-miss
1268 http fetch GET 200 https://registry.npmjs.org/es-errors 72ms (cache miss)
1269 silly packumentCache full:https://registry.npmjs.org/es-errors set size:undefined disposed:false
1270 silly fetch manifest function-bind@^1.1.2
1271 silly packumentCache full:https://registry.npmjs.org/function-bind cache-miss
1272 http cache https://registry.npmjs.org/es-shim-unscopables 11ms (cache hit)
1273 silly packumentCache full:https://registry.npmjs.org/es-shim-unscopables set size:13965 disposed:false
1274 silly fetch manifest call-bind@^1.0.7
1275 silly packumentCache full:https://registry.npmjs.org/call-bind cache-miss
1276 http fetch GET 200 https://registry.npmjs.org/es-shim-unscopables 35ms (cache miss)
1277 silly packumentCache full:https://registry.npmjs.org/es-shim-unscopables set size:undefined disposed:false
1278 silly packumentCache full:https://registry.npmjs.org/es-shim-unscopables dispose
1279 silly fetch manifest define-properties@^1.2.1
1280 silly packumentCache full:https://registry.npmjs.org/define-properties cache-miss
1281 http fetch GET 200 https://registry.npmjs.org/function-bind 32ms (cache miss)
1282 silly packumentCache full:https://registry.npmjs.org/function-bind set size:undefined disposed:false
1283 silly fetch manifest es-abstract@^1.23.2
1284 silly packumentCache full:https://registry.npmjs.org/es-abstract cache-miss
1285 http fetch GET 200 https://registry.npmjs.org/call-bind 396ms (cache miss)
1286 silly packumentCache full:https://registry.npmjs.org/call-bind set size:undefined disposed:false
1287 silly fetch manifest es-object-atoms@^1.0.0
1288 silly packumentCache full:https://registry.npmjs.org/es-object-atoms cache-miss
1289 http fetch GET 200 https://registry.npmjs.org/call-bind 313ms (cache miss)
1290 silly packumentCache full:https://registry.npmjs.org/call-bind set size:undefined disposed:false
1291 silly fetch manifest define-properties@^1.2.1
1292 silly packumentCache full:https://registry.npmjs.org/define-properties cache-miss
1293 http fetch GET 200 https://registry.npmjs.org/call-bind 402ms (cache miss)
1294 silly packumentCache full:https://registry.npmjs.org/call-bind set size:undefined disposed:false
1295 silly fetch manifest es-abstract@^1.23.2
1296 silly packumentCache full:https://registry.npmjs.org/es-abstract cache-miss
1297 http fetch GET 200 https://registry.npmjs.org/call-bind 341ms (cache miss)
1298 silly packumentCache full:https://registry.npmjs.org/call-bind set size:undefined disposed:false
1299 silly fetch manifest call-bound@^1.0.3
1300 silly packumentCache full:https://registry.npmjs.org/call-bound cache-miss
1301 http fetch GET 200 https://registry.npmjs.org/call-bind 362ms (cache miss)
1302 silly packumentCache full:https://registry.npmjs.org/call-bind set size:undefined disposed:false
1303 silly fetch manifest define-properties@^1.2.1
1304 silly packumentCache full:https://registry.npmjs.org/define-properties cache-miss
1305 http fetch GET 200 https://registry.npmjs.org/define-properties 404ms (cache miss)
1306 silly packumentCache full:https://registry.npmjs.org/define-properties set size:undefined disposed:false
1307 silly fetch manifest es-object-atoms@^1.0.0
1308 silly packumentCache full:https://registry.npmjs.org/es-object-atoms cache-miss
1309 http fetch GET 200 https://registry.npmjs.org/define-properties 317ms (cache miss)
1310 silly packumentCache full:https://registry.npmjs.org/define-properties set size:undefined disposed:false
1311 silly fetch manifest call-bound@^1.0.2
1312 silly packumentCache full:https://registry.npmjs.org/call-bound cache-miss
1313 http fetch GET 200 https://registry.npmjs.org/define-properties 346ms (cache miss)
1314 silly packumentCache full:https://registry.npmjs.org/define-properties set size:undefined disposed:false
1315 silly fetch manifest es-object-atoms@^1.0.0
1316 silly packumentCache full:https://registry.npmjs.org/es-object-atoms cache-miss
1317 http fetch GET 200 https://registry.npmjs.org/define-properties 363ms (cache miss)
1318 silly packumentCache full:https://registry.npmjs.org/define-properties set size:undefined disposed:false
1319 silly fetch manifest json5@^1.0.2
1320 silly packumentCache full:https://registry.npmjs.org/json5 cache-miss
1321 http fetch GET 200 https://registry.npmjs.org/define-properties 419ms (cache miss)
1322 silly packumentCache full:https://registry.npmjs.org/define-properties set size:undefined disposed:false
1323 silly fetch manifest minimist@^1.2.6
1324 silly packumentCache full:https://registry.npmjs.org/minimist cache-miss
1325 http cache https://registry.npmjs.org/define-properties 29ms (cache hit)
1326 silly packumentCache full:https://registry.npmjs.org/define-properties set size:31491 disposed:false
1327 silly fetch manifest strip-bom@^3.0.0
1328 silly packumentCache full:https://registry.npmjs.org/strip-bom cache-miss
1329 http cache https://registry.npmjs.org/es-object-atoms 34ms (cache hit)
1330 silly packumentCache full:https://registry.npmjs.org/es-object-atoms set size:15304 disposed:false
1331 silly fetch manifest @types/json5@^0.0.29
1332 silly packumentCache full:https://registry.npmjs.org/@types%2fjson5 cache-miss
1333 http cache https://registry.npmjs.org/call-bound 32ms (cache hit)
1334 silly packumentCache full:https://registry.npmjs.org/call-bound set size:15317 disposed:false
1335 http cache https://registry.npmjs.org/define-properties 34ms (cache hit)
1336 silly packumentCache full:https://registry.npmjs.org/define-properties set size:31491 disposed:false
1337 silly packumentCache full:https://registry.npmjs.org/define-properties dispose
1338 http cache https://registry.npmjs.org/es-object-atoms 34ms (cache hit)
1339 silly packumentCache full:https://registry.npmjs.org/es-object-atoms set size:15304 disposed:false
1340 silly packumentCache full:https://registry.npmjs.org/es-object-atoms dispose
1341 http cache https://registry.npmjs.org/es-object-atoms 33ms (cache hit)
1342 silly packumentCache full:https://registry.npmjs.org/es-object-atoms set size:15304 disposed:true
1343 silly packumentCache full:https://registry.npmjs.org/es-object-atoms dispose
1344 http cache https://registry.npmjs.org/call-bound 35ms (cache hit)
1345 silly packumentCache full:https://registry.npmjs.org/call-bound set size:15317 disposed:false
1346 silly packumentCache full:https://registry.npmjs.org/call-bound dispose
1347 http fetch GET 200 https://registry.npmjs.org/es-abstract 380ms (cache miss)
1348 silly packumentCache full:https://registry.npmjs.org/es-abstract set size:undefined disposed:false
1349 http fetch GET 200 https://registry.npmjs.org/es-abstract 454ms (cache miss)
1350 silly packumentCache full:https://registry.npmjs.org/es-abstract set size:undefined disposed:false
1351 http fetch GET 200 https://registry.npmjs.org/es-abstract 455ms (cache miss)
1352 silly packumentCache full:https://registry.npmjs.org/es-abstract set size:undefined disposed:false
1353 http fetch GET 200 https://registry.npmjs.org/es-abstract 352ms (cache miss)
1354 silly packumentCache full:https://registry.npmjs.org/es-abstract set size:undefined disposed:false
1355 http fetch GET 200 https://registry.npmjs.org/es-abstract 408ms (cache miss)
1356 silly packumentCache full:https://registry.npmjs.org/es-abstract set size:undefined disposed:false
1357 http fetch GET 200 https://registry.npmjs.org/json5 60ms (cache miss)
1358 silly packumentCache full:https://registry.npmjs.org/json5 set size:undefined disposed:false
1359 http fetch GET 200 https://registry.npmjs.org/strip-bom 46ms (cache miss)
1360 silly packumentCache full:https://registry.npmjs.org/strip-bom set size:undefined disposed:false
1361 http fetch GET 200 https://registry.npmjs.org/minimist 58ms (cache miss)
1362 silly packumentCache full:https://registry.npmjs.org/minimist set size:undefined disposed:false
1363 http fetch GET 200 https://registry.npmjs.org/es-abstract 78ms (cache miss)
1364 silly packumentCache full:https://registry.npmjs.org/es-abstract set size:undefined disposed:false
1365 http fetch GET 200 https://registry.npmjs.org/@types%2fjson5 710ms (cache miss)
1366 silly packumentCache full:https://registry.npmjs.org/@types%2fjson5 set size:undefined disposed:false
1367 silly placeDep ROOT call-bind@1.0.8 OK for: array-includes@3.1.9 want: ^1.0.8
1368 silly placeDep ROOT call-bound@1.0.4 OK for: array-includes@3.1.9 want: ^1.0.4
1369 silly placeDep ROOT define-properties@1.2.1 OK for: array-includes@3.1.9 want: ^1.2.1
1370 silly placeDep ROOT es-abstract@1.24.1 OK for: array-includes@3.1.9 want: ^1.24.0
1371 silly placeDep ROOT es-object-atoms@1.1.1 OK for: array-includes@3.1.9 want: ^1.1.1
1372 silly placeDep ROOT get-intrinsic@1.3.0 OK for: array-includes@3.1.9 want: ^1.3.0
1373 silly placeDep ROOT is-string@1.1.1 OK for: array-includes@3.1.9 want: ^1.1.1
1374 silly placeDep ROOT math-intrinsics@1.1.0 OK for: array-includes@3.1.9 want: ^1.1.0
1375 silly fetch manifest call-bind-apply-helpers@^1.0.0
1376 silly packumentCache full:https://registry.npmjs.org/call-bind-apply-helpers cache-miss
1377 silly fetch manifest es-define-property@^1.0.0
1378 silly packumentCache full:https://registry.npmjs.org/es-define-property cache-miss
1379 silly fetch manifest get-intrinsic@^1.2.4
1380 silly packumentCache full:https://registry.npmjs.org/get-intrinsic cache-miss
1381 silly fetch manifest set-function-length@^1.2.2
1382 silly packumentCache full:https://registry.npmjs.org/set-function-length cache-miss
1383 silly fetch manifest call-bind-apply-helpers@^1.0.2
1384 silly packumentCache full:https://registry.npmjs.org/call-bind-apply-helpers cache-miss
1385 silly fetch manifest define-data-property@^1.0.1
1386 silly packumentCache full:https://registry.npmjs.org/define-data-property cache-miss
1387 silly fetch manifest has-property-descriptors@^1.0.0
1388 silly packumentCache full:https://registry.npmjs.org/has-property-descriptors cache-miss
1389 silly fetch manifest object-keys@^1.1.1
1390 silly packumentCache full:https://registry.npmjs.org/object-keys cache-miss
1391 silly fetch manifest array-buffer-byte-length@^1.0.2
1392 silly packumentCache full:https://registry.npmjs.org/array-buffer-byte-length cache-miss
1393 silly fetch manifest arraybuffer.prototype.slice@^1.0.4
1394 silly packumentCache full:https://registry.npmjs.org/arraybuffer.prototype.slice cache-miss
1395 silly fetch manifest available-typed-arrays@^1.0.7
1396 silly packumentCache full:https://registry.npmjs.org/available-typed-arrays cache-miss
1397 silly fetch manifest data-view-buffer@^1.0.2
1398 silly packumentCache full:https://registry.npmjs.org/data-view-buffer cache-miss
1399 silly fetch manifest data-view-byte-length@^1.0.2
1400 silly packumentCache full:https://registry.npmjs.org/data-view-byte-length cache-miss
1401 silly fetch manifest data-view-byte-offset@^1.0.1
1402 silly packumentCache full:https://registry.npmjs.org/data-view-byte-offset cache-miss
1403 silly fetch manifest es-define-property@^1.0.1
1404 silly packumentCache full:https://registry.npmjs.org/es-define-property cache-miss
1405 http cache https://registry.npmjs.org/get-intrinsic 19ms (cache hit)
1406 silly packumentCache full:https://registry.npmjs.org/get-intrinsic set size:60985 disposed:false
1407 silly fetch manifest es-set-tostringtag@^2.1.0
1408 silly packumentCache full:https://registry.npmjs.org/es-set-tostringtag cache-miss
1409 http fetch GET 200 https://registry.npmjs.org/call-bind-apply-helpers 42ms (cache miss)
1410 silly packumentCache full:https://registry.npmjs.org/call-bind-apply-helpers set size:undefined disposed:false
1411 silly fetch manifest es-to-primitive@^1.3.0
1412 silly packumentCache full:https://registry.npmjs.org/es-to-primitive cache-miss
1413 http fetch GET 200 https://registry.npmjs.org/es-define-property 44ms (cache miss)
1414 silly packumentCache full:https://registry.npmjs.org/es-define-property set size:undefined disposed:false
1415 silly fetch manifest function.prototype.name@^1.1.8
1416 silly packumentCache full:https://registry.npmjs.org/function.prototype.name cache-miss
1417 http fetch GET 200 https://registry.npmjs.org/call-bind-apply-helpers 51ms (cache miss)
1418 silly packumentCache full:https://registry.npmjs.org/call-bind-apply-helpers set size:undefined disposed:false
1419 silly fetch manifest get-proto@^1.0.1
1420 silly packumentCache full:https://registry.npmjs.org/get-proto cache-miss
1421 http fetch GET 200 https://registry.npmjs.org/array-buffer-byte-length 59ms (cache miss)
1422 silly packumentCache full:https://registry.npmjs.org/array-buffer-byte-length set size:undefined disposed:false
1423 silly fetch manifest get-symbol-description@^1.1.0
1424 silly packumentCache full:https://registry.npmjs.org/get-symbol-description cache-miss
1425 http fetch GET 200 https://registry.npmjs.org/es-define-property 60ms (cache miss)
1426 silly packumentCache full:https://registry.npmjs.org/es-define-property set size:undefined disposed:false
1427 silly fetch manifest globalthis@^1.0.4
1428 silly packumentCache full:https://registry.npmjs.org/globalthis cache-miss
1429 http fetch GET 200 https://registry.npmjs.org/arraybuffer.prototype.slice 64ms (cache miss)
1430 silly packumentCache full:https://registry.npmjs.org/arraybuffer.prototype.slice set size:undefined disposed:false
1431 silly fetch manifest gopd@^1.2.0
1432 silly packumentCache full:https://registry.npmjs.org/gopd cache-miss
1433 http fetch GET 200 https://registry.npmjs.org/object-keys 69ms (cache miss)
1434 silly packumentCache full:https://registry.npmjs.org/object-keys set size:undefined disposed:false
1435 silly fetch manifest has-property-descriptors@^1.0.2
1436 silly packumentCache full:https://registry.npmjs.org/has-property-descriptors cache-miss
1437 http fetch GET 200 https://registry.npmjs.org/data-view-byte-length 70ms (cache miss)
1438 silly packumentCache full:https://registry.npmjs.org/data-view-byte-length set size:undefined disposed:false
1439 silly fetch manifest has-proto@^1.2.0
1440 silly packumentCache full:https://registry.npmjs.org/has-proto cache-miss
1441 http fetch GET 200 https://registry.npmjs.org/data-view-byte-offset 77ms (cache miss)
1442 silly packumentCache full:https://registry.npmjs.org/data-view-byte-offset set size:undefined disposed:false
1443 silly fetch manifest has-symbols@^1.1.0
1444 silly packumentCache full:https://registry.npmjs.org/has-symbols cache-miss
1445 http fetch GET 200 https://registry.npmjs.org/es-set-tostringtag 60ms (cache miss)
1446 silly packumentCache full:https://registry.npmjs.org/es-set-tostringtag set size:undefined disposed:false
1447 silly fetch manifest internal-slot@^1.1.0
1448 silly packumentCache full:https://registry.npmjs.org/internal-slot cache-miss
1449 http fetch GET 200 https://registry.npmjs.org/available-typed-arrays 81ms (cache miss)
1450 silly packumentCache full:https://registry.npmjs.org/available-typed-arrays set size:undefined disposed:false
1451 silly fetch manifest is-array-buffer@^3.0.5
1452 silly packumentCache full:https://registry.npmjs.org/is-array-buffer cache-miss
1453 http fetch GET 200 https://registry.npmjs.org/function.prototype.name 49ms (cache miss)
1454 silly packumentCache full:https://registry.npmjs.org/function.prototype.name set size:undefined disposed:false
1455 silly fetch manifest is-callable@^1.2.7
1456 silly packumentCache full:https://registry.npmjs.org/is-callable cache-miss
1457 http fetch GET 200 https://registry.npmjs.org/get-proto 45ms (cache miss)
1458 silly packumentCache full:https://registry.npmjs.org/get-proto set size:undefined disposed:false
1459 silly fetch manifest is-data-view@^1.0.2
1460 silly packumentCache full:https://registry.npmjs.org/is-data-view cache-miss
1461 http fetch GET 200 https://registry.npmjs.org/get-symbol-description 40ms (cache miss)
1462 silly packumentCache full:https://registry.npmjs.org/get-symbol-description set size:undefined disposed:false
1463 silly fetch manifest is-negative-zero@^2.0.3
1464 silly packumentCache full:https://registry.npmjs.org/is-negative-zero cache-miss
1465 http fetch GET 200 https://registry.npmjs.org/gopd 39ms (cache miss)
1466 silly packumentCache full:https://registry.npmjs.org/gopd set size:undefined disposed:false
1467 silly fetch manifest is-regex@^1.2.1
1468 silly packumentCache full:https://registry.npmjs.org/is-regex cache-miss
1469 http fetch GET 200 https://registry.npmjs.org/has-proto 37ms (cache miss)
1470 silly packumentCache full:https://registry.npmjs.org/has-proto set size:undefined disposed:false
1471 silly fetch manifest is-set@^2.0.3
1472 silly packumentCache full:https://registry.npmjs.org/is-set cache-miss
1473 http fetch GET 200 https://registry.npmjs.org/has-symbols 39ms (cache miss)
1474 silly packumentCache full:https://registry.npmjs.org/has-symbols set size:undefined disposed:false
1475 silly fetch manifest is-shared-array-buffer@^1.0.4
1476 silly packumentCache full:https://registry.npmjs.org/is-shared-array-buffer cache-miss
1477 http fetch GET 200 https://registry.npmjs.org/internal-slot 42ms (cache miss)
1478 silly packumentCache full:https://registry.npmjs.org/internal-slot set size:undefined disposed:false
1479 silly fetch manifest is-typed-array@^1.1.15
1480 silly packumentCache full:https://registry.npmjs.org/is-typed-array cache-miss
1481 http fetch GET 200 https://registry.npmjs.org/is-array-buffer 44ms (cache miss)
1482 silly packumentCache full:https://registry.npmjs.org/is-array-buffer set size:undefined disposed:false
1483 silly fetch manifest is-weakref@^1.1.1
1484 silly packumentCache full:https://registry.npmjs.org/is-weakref cache-miss
1485 http fetch GET 200 https://registry.npmjs.org/is-data-view 42ms (cache miss)
1486 silly packumentCache full:https://registry.npmjs.org/is-data-view set size:undefined disposed:false
1487 silly fetch manifest object-inspect@^1.13.4
1488 silly packumentCache full:https://registry.npmjs.org/object-inspect cache-miss
1489 http fetch GET 200 https://registry.npmjs.org/is-callable 47ms (cache miss)
1490 silly packumentCache full:https://registry.npmjs.org/is-callable set size:undefined disposed:false
1491 silly fetch manifest object.assign@^4.1.7
1492 silly packumentCache full:https://registry.npmjs.org/object.assign cache-miss
1493 http fetch GET 200 https://registry.npmjs.org/is-negative-zero 43ms (cache miss)
1494 silly packumentCache full:https://registry.npmjs.org/is-negative-zero set size:undefined disposed:false
1495 silly fetch manifest own-keys@^1.0.1
1496 silly packumentCache full:https://registry.npmjs.org/own-keys cache-miss
1497 http fetch GET 200 https://registry.npmjs.org/is-regex 40ms (cache miss)
1498 silly packumentCache full:https://registry.npmjs.org/is-regex set size:undefined disposed:false
1499 silly fetch manifest regexp.prototype.flags@^1.5.4
1500 silly packumentCache full:https://registry.npmjs.org/regexp.prototype.flags cache-miss
1501 http fetch GET 200 https://registry.npmjs.org/is-weakref 41ms (cache miss)
1502 silly packumentCache full:https://registry.npmjs.org/is-weakref set size:undefined disposed:false
1503 silly fetch manifest safe-array-concat@^1.1.3
1504 silly packumentCache full:https://registry.npmjs.org/safe-array-concat cache-miss
1505 http fetch GET 200 https://registry.npmjs.org/own-keys 32ms (cache miss)
1506 silly packumentCache full:https://registry.npmjs.org/own-keys set size:undefined disposed:false
1507 silly fetch manifest safe-push-apply@^1.0.0
1508 silly packumentCache full:https://registry.npmjs.org/safe-push-apply cache-miss
1509 http fetch GET 200 https://registry.npmjs.org/regexp.prototype.flags 33ms (cache miss)
1510 silly packumentCache full:https://registry.npmjs.org/regexp.prototype.flags set size:undefined disposed:false
1511 silly fetch manifest safe-regex-test@^1.1.0
1512 silly packumentCache full:https://registry.npmjs.org/safe-regex-test cache-miss
1513 http cache https://registry.npmjs.org/safe-regex-test 4ms (cache hit)
1514 silly packumentCache full:https://registry.npmjs.org/safe-regex-test set size:17412 disposed:false
1515 silly fetch manifest set-proto@^1.0.0
1516 silly packumentCache full:https://registry.npmjs.org/set-proto cache-miss
1517 http fetch GET 200 https://registry.npmjs.org/safe-array-concat 38ms (cache miss)
1518 silly packumentCache full:https://registry.npmjs.org/safe-array-concat set size:undefined disposed:false
1519 silly fetch manifest stop-iteration-iterator@^1.1.0
1520 silly packumentCache full:https://registry.npmjs.org/stop-iteration-iterator cache-miss
1521 http fetch GET 200 https://registry.npmjs.org/safe-push-apply 34ms (cache miss)
1522 silly packumentCache full:https://registry.npmjs.org/safe-push-apply set size:undefined disposed:false
1523 silly fetch manifest string.prototype.trim@^1.2.10
1524 silly packumentCache full:https://registry.npmjs.org/string.prototype.trim cache-miss
1525 http fetch GET 200 https://registry.npmjs.org/set-proto 36ms (cache miss)
1526 silly packumentCache full:https://registry.npmjs.org/set-proto set size:undefined disposed:false
1527 silly fetch manifest string.prototype.trimstart@^1.0.8
1528 silly packumentCache full:https://registry.npmjs.org/string.prototype.trimstart cache-miss
1529 http fetch GET 200 https://registry.npmjs.org/stop-iteration-iterator 27ms (cache miss)
1530 silly packumentCache full:https://registry.npmjs.org/stop-iteration-iterator set size:undefined disposed:false
1531 silly fetch manifest typed-array-buffer@^1.0.3
1532 silly packumentCache full:https://registry.npmjs.org/typed-array-buffer cache-miss
1533 http fetch GET 200 https://registry.npmjs.org/string.prototype.trim 35ms (cache miss)
1534 silly packumentCache full:https://registry.npmjs.org/string.prototype.trim set size:undefined disposed:false
1535 silly fetch manifest typed-array-byte-length@^1.0.3
1536 silly packumentCache full:https://registry.npmjs.org/typed-array-byte-length cache-miss
1537 http fetch GET 200 https://registry.npmjs.org/string.prototype.trimstart 34ms (cache miss)
1538 silly packumentCache full:https://registry.npmjs.org/string.prototype.trimstart set size:undefined disposed:false
1539 silly fetch manifest typed-array-byte-offset@^1.0.4
1540 silly packumentCache full:https://registry.npmjs.org/typed-array-byte-offset cache-miss
1541 http fetch GET 200 https://registry.npmjs.org/typed-array-buffer 41ms (cache miss)
1542 silly packumentCache full:https://registry.npmjs.org/typed-array-buffer set size:undefined disposed:false
1543 silly fetch manifest typed-array-length@^1.0.7
1544 silly packumentCache full:https://registry.npmjs.org/typed-array-length cache-miss
1545 http fetch GET 200 https://registry.npmjs.org/data-view-buffer 320ms (cache miss)
1546 silly packumentCache full:https://registry.npmjs.org/data-view-buffer set size:undefined disposed:false
1547 silly fetch manifest unbox-primitive@^1.1.0
1548 silly packumentCache full:https://registry.npmjs.org/unbox-primitive cache-miss
1549 http fetch GET 200 https://registry.npmjs.org/set-function-length 330ms (cache miss)
1550 silly packumentCache full:https://registry.npmjs.org/set-function-length set size:undefined disposed:false
1551 silly fetch manifest which-typed-array@^1.1.19
1552 silly packumentCache full:https://registry.npmjs.org/which-typed-array cache-miss
1553 http fetch GET 200 https://registry.npmjs.org/has-property-descriptors 266ms (cache miss)
1554 silly packumentCache full:https://registry.npmjs.org/has-property-descriptors set size:undefined disposed:false
1555 silly fetch manifest has-tostringtag@^1.0.2
1556 silly packumentCache full:https://registry.npmjs.org/has-tostringtag cache-miss
1557 http fetch GET 200 https://registry.npmjs.org/define-data-property 340ms (cache miss)
1558 silly packumentCache full:https://registry.npmjs.org/define-data-property set size:undefined disposed:false
1559 http fetch GET 200 https://registry.npmjs.org/has-property-descriptors 341ms (cache miss)
1560 silly packumentCache full:https://registry.npmjs.org/has-property-descriptors set size:undefined disposed:false
1561 http fetch GET 200 https://registry.npmjs.org/unbox-primitive 38ms (cache miss)
1562 silly packumentCache full:https://registry.npmjs.org/unbox-primitive set size:undefined disposed:false
1563 http fetch GET 200 https://registry.npmjs.org/es-to-primitive 325ms (cache miss)
1564 silly packumentCache full:https://registry.npmjs.org/es-to-primitive set size:undefined disposed:false
1565 http fetch GET 200 https://registry.npmjs.org/which-typed-array 37ms (cache miss)
1566 silly packumentCache full:https://registry.npmjs.org/which-typed-array set size:undefined disposed:false
1567 http fetch GET 200 https://registry.npmjs.org/has-tostringtag 33ms (cache miss)
1568 silly packumentCache full:https://registry.npmjs.org/has-tostringtag set size:undefined disposed:false
1569 http fetch GET 200 https://registry.npmjs.org/globalthis 314ms (cache miss)
1570 silly packumentCache full:https://registry.npmjs.org/globalthis set size:undefined disposed:false
1571 http fetch GET 200 https://registry.npmjs.org/is-set 314ms (cache miss)
1572 silly packumentCache full:https://registry.npmjs.org/is-set set size:undefined disposed:false
1573 http fetch GET 200 https://registry.npmjs.org/is-shared-array-buffer 318ms (cache miss)
1574 silly packumentCache full:https://registry.npmjs.org/is-shared-array-buffer set size:undefined disposed:false
1575 http fetch GET 200 https://registry.npmjs.org/is-typed-array 327ms (cache miss)
1576 silly packumentCache full:https://registry.npmjs.org/is-typed-array set size:undefined disposed:false
1577 http fetch GET 200 https://registry.npmjs.org/object.assign 315ms (cache miss)
1578 silly packumentCache full:https://registry.npmjs.org/object.assign set size:undefined disposed:false
1579 http fetch GET 200 https://registry.npmjs.org/object-inspect 328ms (cache miss)
1580 silly packumentCache full:https://registry.npmjs.org/object-inspect set size:undefined disposed:false
1581 http fetch GET 200 https://registry.npmjs.org/typed-array-byte-length 317ms (cache miss)
1582 silly packumentCache full:https://registry.npmjs.org/typed-array-byte-length set size:undefined disposed:false
1583 http fetch GET 200 https://registry.npmjs.org/typed-array-byte-offset 318ms (cache miss)
1584 silly packumentCache full:https://registry.npmjs.org/typed-array-byte-offset set size:undefined disposed:false
1585 http fetch GET 200 https://registry.npmjs.org/typed-array-length 315ms (cache miss)
1586 silly packumentCache full:https://registry.npmjs.org/typed-array-length set size:undefined disposed:false
1587 silly placeDep ROOT es-errors@1.3.0 OK for: array.prototype.findlastindex@1.2.6 want: ^1.3.0
1588 silly placeDep ROOT es-shim-unscopables@1.1.0 OK for: array.prototype.findlastindex@1.2.6 want: ^1.1.0
1589 silly placeDep ROOT call-bind-apply-helpers@1.0.2 OK for: call-bind@1.0.8 want: ^1.0.0
1590 silly placeDep ROOT es-define-property@1.0.1 OK for: call-bind@1.0.8 want: ^1.0.0
1591 silly placeDep ROOT set-function-length@1.2.2 OK for: call-bind@1.0.8 want: ^1.2.2
1592 silly fetch manifest define-data-property@^1.1.4
1593 silly packumentCache full:https://registry.npmjs.org/define-data-property cache-miss
1594 silly fetch manifest gopd@^1.0.1
1595 silly packumentCache full:https://registry.npmjs.org/gopd cache-miss
1596 http cache https://registry.npmjs.org/define-data-property 7ms (cache hit)
1597 silly packumentCache full:https://registry.npmjs.org/define-data-property set size:28048 disposed:false
1598 http cache https://registry.npmjs.org/gopd 8ms (cache hit)
1599 silly packumentCache full:https://registry.npmjs.org/gopd set size:11458 disposed:false
1600 silly placeDep ROOT function-bind@1.1.2 OK for: call-bind-apply-helpers@1.0.2 want: ^1.1.2
1601 silly placeDep ROOT define-data-property@1.1.4 OK for: define-properties@1.2.1 want: ^1.0.1
1602 silly placeDep ROOT has-property-descriptors@1.0.2 OK for: define-properties@1.2.1 want: ^1.0.0
1603 silly placeDep ROOT object-keys@1.1.1 OK for: define-properties@1.2.1 want: ^1.1.1
1604 silly placeDep ROOT gopd@1.2.0 OK for: define-data-property@1.1.4 want: ^1.0.1
1605 silly placeDep ROOT array-buffer-byte-length@1.0.2 OK for: es-abstract@1.24.1 want: ^1.0.2
1606 silly placeDep ROOT arraybuffer.prototype.slice@1.0.4 OK for: es-abstract@1.24.1 want: ^1.0.4
1607 silly placeDep ROOT available-typed-arrays@1.0.7 OK for: es-abstract@1.24.1 want: ^1.0.7
1608 silly placeDep ROOT data-view-buffer@1.0.2 OK for: es-abstract@1.24.1 want: ^1.0.2
1609 silly placeDep ROOT data-view-byte-length@1.0.2 OK for: es-abstract@1.24.1 want: ^1.0.2
1610 silly placeDep ROOT data-view-byte-offset@1.0.1 OK for: es-abstract@1.24.1 want: ^1.0.1
1611 silly placeDep ROOT es-set-tostringtag@2.1.0 OK for: es-abstract@1.24.1 want: ^2.1.0
1612 silly placeDep ROOT es-to-primitive@1.3.0 OK for: es-abstract@1.24.1 want: ^1.3.0
1613 silly placeDep ROOT function.prototype.name@1.1.8 OK for: es-abstract@1.24.1 want: ^1.1.8
1614 silly placeDep ROOT get-proto@1.0.1 OK for: es-abstract@1.24.1 want: ^1.0.1
1615 silly placeDep ROOT get-symbol-description@1.1.0 OK for: es-abstract@1.24.1 want: ^1.1.0
1616 silly placeDep ROOT globalthis@1.0.4 OK for: es-abstract@1.24.1 want: ^1.0.4
1617 silly placeDep ROOT has-proto@1.2.0 OK for: es-abstract@1.24.1 want: ^1.2.0
1618 silly placeDep ROOT has-symbols@1.1.0 OK for: es-abstract@1.24.1 want: ^1.1.0
1619 silly placeDep ROOT internal-slot@1.1.0 OK for: es-abstract@1.24.1 want: ^1.1.0
1620 silly placeDep ROOT is-array-buffer@3.0.5 OK for: es-abstract@1.24.1 want: ^3.0.5
1621 silly placeDep ROOT is-callable@1.2.7 OK for: es-abstract@1.24.1 want: ^1.2.7
1622 silly placeDep ROOT is-data-view@1.0.2 OK for: es-abstract@1.24.1 want: ^1.0.2
1623 silly placeDep ROOT is-negative-zero@2.0.3 OK for: es-abstract@1.24.1 want: ^2.0.3
1624 silly placeDep ROOT is-regex@1.2.1 OK for: es-abstract@1.24.1 want: ^1.2.1
1625 silly placeDep ROOT is-set@2.0.3 OK for: es-abstract@1.24.1 want: ^2.0.3
1626 silly placeDep ROOT is-shared-array-buffer@1.0.4 OK for: es-abstract@1.24.1 want: ^1.0.4
1627 silly placeDep ROOT is-typed-array@1.1.15 OK for: es-abstract@1.24.1 want: ^1.1.15
1628 silly placeDep ROOT is-weakref@1.1.1 OK for: es-abstract@1.24.1 want: ^1.1.1
1629 silly placeDep ROOT object-inspect@1.13.4 OK for: es-abstract@1.24.1 want: ^1.13.4
1630 silly placeDep ROOT object.assign@4.1.7 OK for: es-abstract@1.24.1 want: ^4.1.7
1631 silly placeDep ROOT own-keys@1.0.1 OK for: es-abstract@1.24.1 want: ^1.0.1
1632 silly placeDep ROOT regexp.prototype.flags@1.5.4 OK for: es-abstract@1.24.1 want: ^1.5.4
1633 silly placeDep ROOT safe-array-concat@1.1.3 OK for: es-abstract@1.24.1 want: ^1.1.3
1634 silly placeDep ROOT safe-push-apply@1.0.0 OK for: es-abstract@1.24.1 want: ^1.0.0
1635 silly placeDep ROOT safe-regex-test@1.1.0 OK for: es-abstract@1.24.1 want: ^1.1.0
1636 silly placeDep ROOT set-proto@1.0.0 OK for: es-abstract@1.24.1 want: ^1.0.0
1637 silly placeDep ROOT stop-iteration-iterator@1.1.0 OK for: es-abstract@1.24.1 want: ^1.1.0
1638 silly placeDep ROOT string.prototype.trim@1.2.10 OK for: es-abstract@1.24.1 want: ^1.2.10
1639 silly placeDep ROOT string.prototype.trimstart@1.0.8 OK for: es-abstract@1.24.1 want: ^1.0.8
1640 silly placeDep ROOT typed-array-buffer@1.0.3 OK for: es-abstract@1.24.1 want: ^1.0.3
1641 silly placeDep ROOT typed-array-byte-length@1.0.3 OK for: es-abstract@1.24.1 want: ^1.0.3
1642 silly placeDep ROOT typed-array-byte-offset@1.0.4 OK for: es-abstract@1.24.1 want: ^1.0.4
1643 silly placeDep ROOT typed-array-length@1.0.7 OK for: es-abstract@1.24.1 want: ^1.0.7
1644 silly placeDep ROOT unbox-primitive@1.1.0 OK for: es-abstract@1.24.1 want: ^1.1.0
1645 silly placeDep ROOT which-typed-array@1.1.19 OK for: es-abstract@1.24.1 want: ^1.1.19
1646 silly fetch manifest is-array-buffer@^3.0.4
1647 silly packumentCache full:https://registry.npmjs.org/is-array-buffer cache-miss
1648 silly fetch manifest possible-typed-array-names@^1.0.0
1649 silly packumentCache full:https://registry.npmjs.org/possible-typed-array-names cache-miss
1650 silly fetch manifest is-data-view@^1.0.1
1651 silly packumentCache full:https://registry.npmjs.org/is-data-view cache-miss
1652 silly fetch manifest is-date-object@^1.0.5
1653 silly packumentCache full:https://registry.npmjs.org/is-date-object cache-miss
1654 silly fetch manifest is-symbol@^1.0.4
1655 silly packumentCache full:https://registry.npmjs.org/is-symbol cache-miss
1656 silly fetch manifest functions-have-names@^1.2.3
1657 silly packumentCache full:https://registry.npmjs.org/functions-have-names cache-miss
1658 silly fetch manifest dunder-proto@^1.0.1
1659 silly packumentCache full:https://registry.npmjs.org/dunder-proto cache-miss
1660 silly fetch manifest dunder-proto@^1.0.0
1661 silly packumentCache full:https://registry.npmjs.org/dunder-proto cache-miss
1662 silly fetch manifest side-channel@^1.1.0
1663 silly packumentCache full:https://registry.npmjs.org/side-channel cache-miss
1664 silly fetch manifest is-typed-array@^1.1.13
1665 silly packumentCache full:https://registry.npmjs.org/is-typed-array cache-miss
1666 silly fetch manifest which-typed-array@^1.1.16
1667 silly packumentCache full:https://registry.npmjs.org/which-typed-array cache-miss
1668 silly fetch manifest set-function-name@^2.0.2
1669 silly packumentCache full:https://registry.npmjs.org/set-function-name cache-miss
1670 silly fetch manifest isarray@^2.0.5
1671 silly packumentCache full:https://registry.npmjs.org/isarray cache-miss
1672 silly fetch manifest isarray@^2.0.5
1673 silly packumentCache full:https://registry.npmjs.org/isarray cache-miss
1674 silly fetch manifest dunder-proto@^1.0.1
1675 silly packumentCache full:https://registry.npmjs.org/dunder-proto cache-miss
1676 http cache https://registry.npmjs.org/is-array-buffer 24ms (cache hit)
1677 silly packumentCache full:https://registry.npmjs.org/is-array-buffer set size:33562 disposed:false
1678 silly fetch manifest for-each@^0.3.3
1679 silly packumentCache full:https://registry.npmjs.org/for-each cache-miss
1680 http cache https://registry.npmjs.org/is-data-view 25ms (cache hit)
1681 silly packumentCache full:https://registry.npmjs.org/is-data-view set size:13756 disposed:false
1682 silly fetch manifest for-each@^0.3.3
1683 silly packumentCache full:https://registry.npmjs.org/for-each cache-miss
1684 http cache https://registry.npmjs.org/is-typed-array 25ms (cache hit)
1685 silly packumentCache full:https://registry.npmjs.org/is-typed-array set size:79965 disposed:false
1686 silly fetch manifest reflect.getprototypeof@^1.0.9
1687 silly packumentCache full:https://registry.npmjs.org/reflect.getprototypeof cache-miss
1688 http cache https://registry.npmjs.org/which-typed-array 29ms (cache hit)
1689 silly packumentCache full:https://registry.npmjs.org/which-typed-array set size:89701 disposed:false
1690 silly fetch manifest for-each@^0.3.3
1691 silly packumentCache full:https://registry.npmjs.org/for-each cache-miss
1692 http fetch GET 200 https://registry.npmjs.org/dunder-proto 48ms (cache miss)
1693 silly packumentCache full:https://registry.npmjs.org/dunder-proto set size:undefined disposed:false
1694 silly fetch manifest possible-typed-array-names@^1.0.0
1695 silly packumentCache full:https://registry.npmjs.org/possible-typed-array-names cache-miss
1696 http fetch GET 200 https://registry.npmjs.org/side-channel 50ms (cache miss)
1697 silly packumentCache full:https://registry.npmjs.org/side-channel set size:undefined disposed:false
1698 silly fetch manifest reflect.getprototypeof@^1.0.6
1699 silly packumentCache full:https://registry.npmjs.org/reflect.getprototypeof cache-miss
1700 http fetch GET 200 https://registry.npmjs.org/dunder-proto 57ms (cache miss)
1701 silly packumentCache full:https://registry.npmjs.org/dunder-proto set size:undefined disposed:false
1702 silly fetch manifest has-bigints@^1.0.2
1703 silly packumentCache full:https://registry.npmjs.org/has-bigints cache-miss
1704 http fetch GET 200 https://registry.npmjs.org/dunder-proto 62ms (cache miss)
1705 silly packumentCache full:https://registry.npmjs.org/dunder-proto set size:undefined disposed:false
1706 silly fetch manifest which-boxed-primitive@^1.1.1
1707 silly packumentCache full:https://registry.npmjs.org/which-boxed-primitive cache-miss
1708 http fetch GET 200 https://registry.npmjs.org/set-function-name 63ms (cache miss)
1709 silly packumentCache full:https://registry.npmjs.org/set-function-name set size:undefined disposed:false
1710 silly fetch manifest for-each@^0.3.5
1711 silly packumentCache full:https://registry.npmjs.org/for-each cache-miss
1712 http fetch GET 200 https://registry.npmjs.org/is-symbol 66ms (cache miss)
1713 silly packumentCache full:https://registry.npmjs.org/is-symbol set size:undefined disposed:false
1714 http fetch GET 200 https://registry.npmjs.org/functions-have-names 68ms (cache miss)
1715 silly packumentCache full:https://registry.npmjs.org/functions-have-names set size:undefined disposed:false
1716 http fetch GET 200 https://registry.npmjs.org/for-each 49ms (cache miss)
1717 silly packumentCache full:https://registry.npmjs.org/for-each set size:undefined disposed:false
1718 http fetch GET 200 https://registry.npmjs.org/for-each 42ms (cache miss)
1719 silly packumentCache full:https://registry.npmjs.org/for-each set size:undefined disposed:false
1720 http fetch GET 200 https://registry.npmjs.org/for-each 50ms (cache miss)
1721 silly packumentCache full:https://registry.npmjs.org/for-each set size:undefined disposed:false
1722 http fetch GET 200 https://registry.npmjs.org/reflect.getprototypeof 49ms (cache miss)
1723 silly packumentCache full:https://registry.npmjs.org/reflect.getprototypeof set size:undefined disposed:false
1724 http fetch GET 200 https://registry.npmjs.org/reflect.getprototypeof 35ms (cache miss)
1725 silly packumentCache full:https://registry.npmjs.org/reflect.getprototypeof set size:undefined disposed:false
1726 http fetch GET 200 https://registry.npmjs.org/for-each 31ms (cache miss)
1727 silly packumentCache full:https://registry.npmjs.org/for-each set size:undefined disposed:false
1728 http fetch GET 200 https://registry.npmjs.org/has-bigints 36ms (cache miss)
1729 silly packumentCache full:https://registry.npmjs.org/has-bigints set size:undefined disposed:false
1730 http fetch GET 200 https://registry.npmjs.org/which-boxed-primitive 37ms (cache miss)
1731 silly packumentCache full:https://registry.npmjs.org/which-boxed-primitive set size:undefined disposed:false
1732 http fetch GET 200 https://registry.npmjs.org/isarray 331ms (cache miss)
1733 silly packumentCache full:https://registry.npmjs.org/isarray set size:undefined disposed:false
1734 http fetch GET 200 https://registry.npmjs.org/isarray 334ms (cache miss)
1735 silly packumentCache full:https://registry.npmjs.org/isarray set size:undefined disposed:false
1736 http fetch GET 200 https://registry.npmjs.org/is-date-object 341ms (cache miss)
1737 silly packumentCache full:https://registry.npmjs.org/is-date-object set size:undefined disposed:false
1738 http fetch GET 200 https://registry.npmjs.org/possible-typed-array-names 343ms (cache miss)
1739 silly packumentCache full:https://registry.npmjs.org/possible-typed-array-names set size:undefined disposed:false
1740 http fetch GET 200 https://registry.npmjs.org/possible-typed-array-names 294ms (cache miss)
1741 silly packumentCache full:https://registry.npmjs.org/possible-typed-array-names set size:undefined disposed:false
1742 silly placeDep ROOT possible-typed-array-names@1.1.0 OK for: available-typed-arrays@1.0.7 want: ^1.0.0
1743 silly placeDep ROOT has-tostringtag@1.0.2 OK for: es-set-tostringtag@2.1.0 want: ^1.0.2
1744 silly placeDep ROOT is-date-object@1.1.0 OK for: es-to-primitive@1.3.0 want: ^1.0.5
1745 silly placeDep ROOT is-symbol@1.1.1 OK for: es-to-primitive@1.3.0 want: ^1.0.4
1746 silly placeDep node_modules/eslint-module-utils debug@3.2.7 OK for: eslint-module-utils@2.12.1 want: ^3.2.7
1747 silly placeDep ROOT aria-query@5.3.2 OK for: eslint-plugin-jsx-a11y@6.10.2 want: ^5.3.2
1748 silly placeDep ROOT ast-types-flow@0.0.8 OK for: eslint-plugin-jsx-a11y@6.10.2 want: ^0.0.8
1749 silly placeDep ROOT axe-core@4.11.0 OK for: eslint-plugin-jsx-a11y@6.10.2 want: ^4.10.0
1750 silly placeDep ROOT axobject-query@4.1.0 OK for: eslint-plugin-jsx-a11y@6.10.2 want: ^4.1.0
1751 silly placeDep ROOT damerau-levenshtein@1.0.8 OK for: eslint-plugin-jsx-a11y@6.10.2 want: ^1.0.8
1752 silly placeDep ROOT emoji-regex@9.2.2 OK for: eslint-plugin-jsx-a11y@6.10.2 want: ^9.2.2
1753 silly placeDep ROOT jsx-ast-utils@3.3.5 OK for: eslint-plugin-jsx-a11y@6.10.2 want: ^3.3.5
1754 silly placeDep ROOT language-tags@1.0.9 OK for: eslint-plugin-jsx-a11y@6.10.2 want: ^1.0.9
1755 silly placeDep ROOT string.prototype.includes@2.0.1 OK for: eslint-plugin-jsx-a11y@6.10.2 want: ^2.0.1
1756 silly fetch manifest language-subtag-registry@^0.3.20
1757 silly packumentCache full:https://registry.npmjs.org/language-subtag-registry cache-miss
1758 http fetch GET 200 https://registry.npmjs.org/language-subtag-registry 886ms (cache miss)
1759 silly packumentCache full:https://registry.npmjs.org/language-subtag-registry set size:undefined disposed:false
1760 silly placeDep ROOT array.prototype.findlast@1.2.5 OK for: eslint-plugin-react@7.37.5 want: ^1.2.5
1761 silly placeDep ROOT array.prototype.tosorted@1.1.4 OK for: eslint-plugin-react@7.37.5 want: ^1.1.4
1762 silly placeDep ROOT es-iterator-helpers@1.2.2 OK for: eslint-plugin-react@7.37.5 want: ^1.2.1
1763 silly placeDep ROOT estraverse@5.3.0 OK for: eslint-plugin-react@7.37.5 want: ^5.3.0
1764 silly placeDep ROOT object.entries@1.1.9 OK for: eslint-plugin-react@7.37.5 want: ^1.1.9
1765 silly placeDep ROOT prop-types@15.8.1 OK for: eslint-plugin-react@7.37.5 want: ^15.8.1
1766 silly placeDep node_modules/eslint-plugin-react resolve@2.0.0-next.5 OK for: eslint-plugin-react@7.37.5 want: ^2.0.0-next.5
1767 silly placeDep ROOT string.prototype.matchall@4.0.12 OK for: eslint-plugin-react@7.37.5 want: ^4.0.12
1768 silly placeDep ROOT string.prototype.repeat@1.0.0 OK for: eslint-plugin-react@7.37.5 want: ^1.0.0
1769 silly fetch manifest iterator.prototype@^1.1.5
1770 silly packumentCache full:https://registry.npmjs.org/iterator.prototype cache-miss
1771 silly fetch manifest loose-envify@^1.4.0
1772 silly packumentCache full:https://registry.npmjs.org/loose-envify cache-miss
1773 silly fetch manifest object-assign@^4.1.1
1774 silly packumentCache full:https://registry.npmjs.org/object-assign cache-miss
1775 silly fetch manifest react-is@^16.13.1
1776 silly packumentCache full:https://registry.npmjs.org/react-is cache-miss
1777 http fetch GET 200 https://registry.npmjs.org/loose-envify 52ms (cache miss)
1778 silly packumentCache full:https://registry.npmjs.org/loose-envify set size:undefined disposed:false
1779 http fetch GET 200 https://registry.npmjs.org/react-is 209ms (cache miss)
1780 silly packumentCache full:https://registry.npmjs.org/react-is set size:undefined disposed:false
1781 http fetch GET 200 https://registry.npmjs.org/object-assign 316ms (cache miss)
1782 silly packumentCache full:https://registry.npmjs.org/object-assign set size:undefined disposed:false
1783 http fetch GET 200 https://registry.npmjs.org/iterator.prototype 323ms (cache miss)
1784 silly packumentCache full:https://registry.npmjs.org/iterator.prototype set size:undefined disposed:false
1785 silly placeDep ROOT iterator.prototype@1.1.5 OK for: es-iterator-helpers@1.2.2 want: ^1.1.5
1786 silly placeDep ROOT @babel/core@7.28.5 OK for: eslint-plugin-react-hooks@7.0.1 want: ^7.24.4
1787 silly placeDep ROOT @babel/parser@7.28.5 OK for: eslint-plugin-react-hooks@7.0.1 want: ^7.24.4
1788 silly placeDep ROOT hermes-parser@0.25.1 OK for: eslint-plugin-react-hooks@7.0.1 want: ^0.25.1
1789 silly placeDep ROOT zod@4.2.1 OK for: eslint-plugin-react-hooks@7.0.1 want: ^3.25.0 || ^4.0.0
1790 silly placeDep ROOT zod-validation-error@4.0.2 OK for: eslint-plugin-react-hooks@7.0.1 want: ^3.5.0 || ^4.0.0
1791 silly fetch manifest @babel/code-frame@^7.27.1
1792 silly packumentCache full:https://registry.npmjs.org/@babel%2fcode-frame cache-miss
1793 silly fetch manifest @babel/generator@^7.28.5
1794 silly packumentCache full:https://registry.npmjs.org/@babel%2fgenerator cache-miss
1795 silly fetch manifest @babel/helper-compilation-targets@^7.27.2
1796 silly packumentCache full:https://registry.npmjs.org/@babel%2fhelper-compilation-targets cache-miss
1797 silly fetch manifest @babel/helper-module-transforms@^7.28.3
1798 silly packumentCache full:https://registry.npmjs.org/@babel%2fhelper-module-transforms cache-miss
1799 silly fetch manifest @babel/helpers@^7.28.4
1800 silly packumentCache full:https://registry.npmjs.org/@babel%2fhelpers cache-miss
1801 silly fetch manifest @babel/parser@^7.28.5
1802 silly packumentCache full:https://registry.npmjs.org/@babel%2fparser cache-miss
1803 silly fetch manifest @babel/template@^7.27.2
1804 silly packumentCache full:https://registry.npmjs.org/@babel%2ftemplate cache-miss
1805 silly fetch manifest @babel/traverse@^7.28.5
1806 silly packumentCache full:https://registry.npmjs.org/@babel%2ftraverse cache-miss
1807 silly fetch manifest convert-source-map@^2.0.0
1808 silly packumentCache full:https://registry.npmjs.org/convert-source-map cache-miss
1809 silly fetch manifest gensync@^1.0.0-beta.2
1810 silly packumentCache full:https://registry.npmjs.org/gensync cache-miss
1811 silly fetch manifest json5@^2.2.3
1812 silly packumentCache full:https://registry.npmjs.org/json5 cache-miss
1813 silly fetch manifest hermes-estree@0.25.1
1814 silly packumentCache full:https://registry.npmjs.org/hermes-estree cache-miss
1815 http cache https://registry.npmjs.org/@babel%2fparser 16ms (cache hit)
1816 silly packumentCache full:https://registry.npmjs.org/@babel%2fparser set size:702781 disposed:false
1817 http cache https://registry.npmjs.org/json5 24ms (cache hit)
1818 silly packumentCache full:https://registry.npmjs.org/json5 set size:86136 disposed:false
1819 http fetch GET 200 https://registry.npmjs.org/hermes-estree 42ms (cache miss)
1820 silly packumentCache full:https://registry.npmjs.org/hermes-estree set size:undefined disposed:false
1821 http fetch GET 200 https://registry.npmjs.org/gensync 332ms (cache miss)
1822 silly packumentCache full:https://registry.npmjs.org/gensync set size:undefined disposed:false
1823 http fetch GET 200 https://registry.npmjs.org/convert-source-map 337ms (cache miss)
1824 silly packumentCache full:https://registry.npmjs.org/convert-source-map set size:undefined disposed:false
1825 http fetch GET 200 https://registry.npmjs.org/@babel%2fhelper-module-transforms 349ms (cache miss)
1826 silly packumentCache full:https://registry.npmjs.org/@babel%2fhelper-module-transforms set size:undefined disposed:false
1827 http fetch GET 200 https://registry.npmjs.org/@babel%2ftemplate 615ms (cache miss)
1828 silly packumentCache full:https://registry.npmjs.org/@babel%2ftemplate set size:undefined disposed:false
1829 http fetch GET 200 https://registry.npmjs.org/@babel%2fhelper-compilation-targets 626ms (cache miss)
1830 silly packumentCache full:https://registry.npmjs.org/@babel%2fhelper-compilation-targets set size:undefined disposed:false
1831 http fetch GET 200 https://registry.npmjs.org/@babel%2fhelpers 631ms (cache miss)
1832 silly packumentCache full:https://registry.npmjs.org/@babel%2fhelpers set size:undefined disposed:false
1833 http fetch GET 200 https://registry.npmjs.org/@babel%2fcode-frame 641ms (cache miss)
1834 silly packumentCache full:https://registry.npmjs.org/@babel%2fcode-frame set size:undefined disposed:false
1835 http fetch GET 200 https://registry.npmjs.org/@babel%2fgenerator 897ms (cache miss)
1836 silly packumentCache full:https://registry.npmjs.org/@babel%2fgenerator set size:undefined disposed:false
1837 http fetch GET 200 https://registry.npmjs.org/@babel%2ftraverse 1202ms (cache miss)
1838 silly packumentCache full:https://registry.npmjs.org/@babel%2ftraverse set size:undefined disposed:false
1839 silly fetch manifest @babel/core@^7.0.0
1840 silly packumentCache full:https://registry.npmjs.org/@babel%2fcore cache-miss
1841 http cache https://registry.npmjs.org/@babel%2fcore 10ms (cache hit)
1842 silly packumentCache full:https://registry.npmjs.org/@babel%2fcore set size:738278 disposed:false
1843 silly placeDep ROOT @babel/code-frame@7.27.1 OK for: @babel/core@7.28.5 want: ^7.27.1
1844 silly placeDep ROOT @babel/generator@7.28.5 OK for: @babel/core@7.28.5 want: ^7.28.5
1845 silly placeDep ROOT @babel/helper-compilation-targets@7.27.2 OK for: @babel/core@7.28.5 want: ^7.27.2
1846 silly placeDep ROOT @babel/helper-module-transforms@7.28.3 OK for: @babel/core@7.28.5 want: ^7.28.3
1847 silly placeDep ROOT @babel/helpers@7.28.4 OK for: @babel/core@7.28.5 want: ^7.28.4
1848 silly placeDep ROOT @babel/template@7.27.2 OK for: @babel/core@7.28.5 want: ^7.27.2
1849 silly placeDep ROOT @babel/traverse@7.28.5 OK for: @babel/core@7.28.5 want: ^7.28.5
1850 silly placeDep ROOT convert-source-map@2.0.0 OK for: @babel/core@7.28.5 want: ^2.0.0
1851 silly placeDep ROOT gensync@1.0.0-beta.2 OK for: @babel/core@7.28.5 want: ^1.0.0-beta.2
1852 silly placeDep ROOT json5@2.2.3 OK for: @babel/core@7.28.5 want: ^2.2.3
1853 silly fetch manifest js-tokens@^4.0.0
1854 silly packumentCache full:https://registry.npmjs.org/js-tokens cache-miss
1855 silly fetch manifest jsesc@^3.0.2
1856 silly packumentCache full:https://registry.npmjs.org/jsesc cache-miss
1857 silly fetch manifest lru-cache@^5.1.1
1858 silly packumentCache full:https://registry.npmjs.org/lru-cache cache-miss
1859 silly fetch manifest browserslist@^4.24.0
1860 silly packumentCache full:https://registry.npmjs.org/browserslist cache-miss
1861 silly fetch manifest @babel/compat-data@^7.27.2
1862 silly packumentCache full:https://registry.npmjs.org/@babel%2fcompat-data cache-miss
1863 silly fetch manifest @babel/helper-validator-option@^7.27.1
1864 silly packumentCache full:https://registry.npmjs.org/@babel%2fhelper-validator-option cache-miss
1865 silly fetch manifest @babel/traverse@^7.28.3
1866 silly packumentCache full:https://registry.npmjs.org/@babel%2ftraverse cache-miss
1867 silly fetch manifest @babel/helper-module-imports@^7.27.1
1868 silly packumentCache full:https://registry.npmjs.org/@babel%2fhelper-module-imports cache-miss
1869 silly fetch manifest @babel/helper-globals@^7.28.0
1870 silly packumentCache full:https://registry.npmjs.org/@babel%2fhelper-globals cache-miss
1871 http cache https://registry.npmjs.org/@babel%2ftraverse 17ms (cache hit)
1872 silly packumentCache full:https://registry.npmjs.org/@babel%2ftraverse set size:535703 disposed:false
1873 http fetch GET 200 https://registry.npmjs.org/js-tokens 48ms (cache miss)
1874 silly packumentCache full:https://registry.npmjs.org/js-tokens set size:undefined disposed:false
1875 http fetch GET 200 https://registry.npmjs.org/lru-cache 55ms (cache miss)
1876 silly packumentCache full:https://registry.npmjs.org/lru-cache set size:undefined disposed:false
1877 http fetch GET 200 https://registry.npmjs.org/browserslist 61ms (cache miss)
1878 silly packumentCache full:https://registry.npmjs.org/browserslist set size:undefined disposed:false
1879 http fetch GET 200 https://registry.npmjs.org/jsesc 333ms (cache miss)
1880 silly packumentCache full:https://registry.npmjs.org/jsesc set size:undefined disposed:false
1881 http fetch GET 200 https://registry.npmjs.org/@babel%2fhelper-validator-option 339ms (cache miss)
1882 silly packumentCache full:https://registry.npmjs.org/@babel%2fhelper-validator-option set size:undefined disposed:false
1883 http fetch GET 200 https://registry.npmjs.org/@babel%2fcompat-data 345ms (cache miss)
1884 silly packumentCache full:https://registry.npmjs.org/@babel%2fcompat-data set size:undefined disposed:false
1885 http fetch GET 200 https://registry.npmjs.org/@babel%2fhelper-globals 624ms (cache miss)
1886 silly packumentCache full:https://registry.npmjs.org/@babel%2fhelper-globals set size:undefined disposed:false
1887 http fetch GET 200 https://registry.npmjs.org/@babel%2fhelper-module-imports 631ms (cache miss)
1888 silly packumentCache full:https://registry.npmjs.org/@babel%2fhelper-module-imports set size:undefined disposed:false
1889 silly placeDep ROOT js-tokens@4.0.0 OK for: @babel/code-frame@7.27.1 want: ^4.0.0
1890 silly placeDep ROOT picocolors@1.1.1 OK for: @babel/code-frame@7.27.1 want: ^1.1.1
1891 silly placeDep ROOT jsesc@3.1.0 OK for: @babel/generator@7.28.5 want: ^3.0.2
1892 silly placeDep ROOT @babel/compat-data@7.28.5 OK for: @babel/helper-compilation-targets@7.27.2 want: ^7.27.2
1893 silly placeDep ROOT @babel/helper-validator-option@7.27.1 OK for: @babel/helper-compilation-targets@7.27.2 want: ^7.27.1
1894 silly placeDep ROOT browserslist@4.28.1 OK for: @babel/helper-compilation-targets@7.27.2 want: ^4.24.0
1895 silly placeDep ROOT lru-cache@5.1.1 OK for: @babel/helper-compilation-targets@7.27.2 want: ^5.1.1
1896 silly fetch manifest baseline-browser-mapping@^2.9.0
1897 silly packumentCache full:https://registry.npmjs.org/baseline-browser-mapping cache-miss
1898 silly fetch manifest caniuse-lite@^1.0.30001759
1899 silly packumentCache full:https://registry.npmjs.org/caniuse-lite cache-miss
1900 silly fetch manifest electron-to-chromium@^1.5.263
1901 silly packumentCache full:https://registry.npmjs.org/electron-to-chromium cache-miss
1902 silly fetch manifest node-releases@^2.0.27
1903 silly packumentCache full:https://registry.npmjs.org/node-releases cache-miss
1904 silly fetch manifest update-browserslist-db@^1.2.0
1905 silly packumentCache full:https://registry.npmjs.org/update-browserslist-db cache-miss
1906 silly fetch manifest yallist@^3.0.2
1907 silly packumentCache full:https://registry.npmjs.org/yallist cache-miss
1908 http cache https://registry.npmjs.org/baseline-browser-mapping 13ms (cache hit)
1909 silly packumentCache full:https://registry.npmjs.org/baseline-browser-mapping set size:356541 disposed:false
1910 http cache https://registry.npmjs.org/caniuse-lite 21ms (cache hit)
1911 silly packumentCache full:https://registry.npmjs.org/caniuse-lite set size:2236335 disposed:false
1912 http fetch GET 200 https://registry.npmjs.org/yallist 45ms (cache miss)
1913 silly packumentCache full:https://registry.npmjs.org/yallist set size:undefined disposed:false
1914 http fetch GET 200 https://registry.npmjs.org/update-browserslist-db 327ms (cache miss)
1915 silly packumentCache full:https://registry.npmjs.org/update-browserslist-db set size:undefined disposed:false
1916 http fetch GET 200 https://registry.npmjs.org/node-releases 331ms (cache miss)
1917 silly packumentCache full:https://registry.npmjs.org/node-releases set size:undefined disposed:false
1918 http fetch GET 200 https://registry.npmjs.org/electron-to-chromium 489ms (cache miss)
1919 silly packumentCache full:https://registry.npmjs.org/electron-to-chromium set size:undefined disposed:false
1920 silly placeDep ROOT @babel/helper-module-imports@7.27.1 OK for: @babel/helper-module-transforms@7.28.3 want: ^7.27.1
1921 silly placeDep ROOT @babel/helper-globals@7.28.0 OK for: @babel/traverse@7.28.5 want: ^7.28.0
1922 silly fetch manifest browserslist@>= 4.21.0
1923 silly packumentCache full:https://registry.npmjs.org/browserslist cache-miss
1924 http cache https://registry.npmjs.org/browserslist 19ms (cache hit)
1925 silly packumentCache full:https://registry.npmjs.org/browserslist set size:502989 disposed:false
1926 silly placeDep ROOT baseline-browser-mapping@2.9.11 OK for: browserslist@4.28.1 want: ^2.9.0
1927 silly placeDep ROOT caniuse-lite@1.0.30001761 OK for: browserslist@4.28.1 want: ^1.0.30001759
1928 silly placeDep ROOT electron-to-chromium@1.5.267 OK for: browserslist@4.28.1 want: ^1.5.263
1929 silly placeDep ROOT node-releases@2.0.27 OK for: browserslist@4.28.1 want: ^2.0.27
1930 silly placeDep ROOT update-browserslist-db@1.2.3 OK for: browserslist@4.28.1 want: ^1.2.0
1931 silly fetch manifest escalade@^3.2.0
1932 silly packumentCache full:https://registry.npmjs.org/escalade cache-miss
1933 http fetch GET 200 https://registry.npmjs.org/escalade 33ms (cache miss)
1934 silly packumentCache full:https://registry.npmjs.org/escalade set size:undefined disposed:false
1935 silly placeDep ROOT esrecurse@4.3.0 OK for: eslint-scope@8.4.0 want: ^4.3.0
1936 silly placeDep ROOT acorn@8.15.0 OK for: espree@10.4.0 want: ^8.15.0
1937 silly placeDep ROOT acorn-jsx@5.3.2 OK for: espree@10.4.0 want: ^5.3.2
1938 silly placeDep ROOT @nodelib/fs.stat@2.0.5 OK for: fast-glob@3.3.1 want: ^2.0.2
1939 silly placeDep ROOT @nodelib/fs.walk@1.2.8 OK for: fast-glob@3.3.1 want: ^1.2.3
1940 silly placeDep node_modules/fast-glob glob-parent@5.1.2 OK for: fast-glob@3.3.1 want: ^5.1.2
1941 silly placeDep ROOT merge2@1.4.1 OK for: fast-glob@3.3.1 want: ^1.3.0
1942 silly placeDep ROOT micromatch@4.0.8 OK for: fast-glob@3.3.1 want: ^4.0.4
1943 silly fetch manifest fastq@^1.6.0
1944 silly packumentCache full:https://registry.npmjs.org/fastq cache-miss
1945 silly fetch manifest @nodelib/fs.scandir@2.1.5
1946 silly packumentCache full:https://registry.npmjs.org/@nodelib%2ffs.scandir cache-miss
1947 silly fetch manifest braces@^3.0.3
1948 silly packumentCache full:https://registry.npmjs.org/braces cache-miss
1949 silly fetch manifest picomatch@^2.3.1
1950 silly packumentCache full:https://registry.npmjs.org/picomatch cache-miss
1951 http cache https://registry.npmjs.org/picomatch 12ms (cache hit)
1952 silly packumentCache full:https://registry.npmjs.org/picomatch set size:118818 disposed:false
1953 http fetch GET 200 https://registry.npmjs.org/braces 38ms (cache miss)
1954 silly packumentCache full:https://registry.npmjs.org/braces set size:undefined disposed:false
1955 http fetch GET 200 https://registry.npmjs.org/fastq 46ms (cache miss)
1956 silly packumentCache full:https://registry.npmjs.org/fastq set size:undefined disposed:false
1957 http fetch GET 200 https://registry.npmjs.org/@nodelib%2ffs.scandir 523ms (cache miss)
1958 silly packumentCache full:https://registry.npmjs.org/@nodelib%2ffs.scandir set size:undefined disposed:false
1959 silly placeDep ROOT @nodelib/fs.scandir@2.1.5 OK for: @nodelib/fs.walk@1.2.8 want: 2.1.5
1960 silly placeDep ROOT fastq@1.19.1 OK for: @nodelib/fs.walk@1.2.8 want: ^1.6.0
1961 silly fetch manifest run-parallel@^1.1.9
1962 silly packumentCache full:https://registry.npmjs.org/run-parallel cache-miss
1963 silly fetch manifest reusify@^1.0.4
1964 silly packumentCache full:https://registry.npmjs.org/reusify cache-miss
1965 http fetch GET 200 https://registry.npmjs.org/reusify 35ms (cache miss)
1966 silly packumentCache full:https://registry.npmjs.org/reusify set size:undefined disposed:false
1967 http fetch GET 200 https://registry.npmjs.org/run-parallel 328ms (cache miss)
1968 silly packumentCache full:https://registry.npmjs.org/run-parallel set size:undefined disposed:false
1969 silly placeDep ROOT run-parallel@1.2.0 OK for: @nodelib/fs.scandir@2.1.5 want: ^1.1.9
1970 silly fetch manifest queue-microtask@^1.2.2
1971 silly packumentCache full:https://registry.npmjs.org/queue-microtask cache-miss
1972 http fetch GET 200 https://registry.npmjs.org/queue-microtask 39ms (cache miss)
1973 silly packumentCache full:https://registry.npmjs.org/queue-microtask set size:undefined disposed:false
1974 silly placeDep ROOT reusify@1.1.0 OK for: fastq@1.19.1 want: ^1.0.4
1975 silly placeDep ROOT flat-cache@4.0.1 OK for: file-entry-cache@8.0.0 want: ^4.0.0
1976 silly fetch manifest keyv@^4.5.4
1977 silly packumentCache full:https://registry.npmjs.org/keyv cache-miss
1978 silly fetch manifest flatted@^3.2.9
1979 silly packumentCache full:https://registry.npmjs.org/flatted cache-miss
1980 http fetch GET 200 https://registry.npmjs.org/flatted 44ms (cache miss)
1981 silly packumentCache full:https://registry.npmjs.org/flatted set size:undefined disposed:false
1982 http fetch GET 200 https://registry.npmjs.org/keyv 410ms (cache miss)
1983 silly packumentCache full:https://registry.npmjs.org/keyv set size:undefined disposed:false
1984 silly placeDep ROOT locate-path@6.0.0 OK for: find-up@5.0.0 want: ^6.0.0
1985 silly placeDep ROOT path-exists@4.0.0 OK for: find-up@5.0.0 want: ^4.0.0
1986 silly fetch manifest p-locate@^5.0.0
1987 silly packumentCache full:https://registry.npmjs.org/p-locate cache-miss
1988 http fetch GET 200 https://registry.npmjs.org/p-locate 330ms (cache miss)
1989 silly packumentCache full:https://registry.npmjs.org/p-locate set size:undefined disposed:false
1990 silly placeDep ROOT flatted@3.3.3 OK for: flat-cache@4.0.1 want: ^3.2.9
1991 silly placeDep ROOT keyv@4.5.4 OK for: flat-cache@4.0.1 want: ^4.5.4
1992 silly fetch manifest json-buffer@3.0.1
1993 silly packumentCache full:https://registry.npmjs.org/json-buffer cache-miss
1994 http fetch GET 200 https://registry.npmjs.org/json-buffer 35ms (cache miss)
1995 silly packumentCache full:https://registry.npmjs.org/json-buffer set size:undefined disposed:false
1996 silly placeDep ROOT functions-have-names@1.2.3 OK for: function.prototype.name@1.1.8 want: ^1.2.3
1997 silly placeDep ROOT dunder-proto@1.0.1 OK for: get-proto@1.0.1 want: ^1.0.1
1998 silly placeDep ROOT resolve-pkg-maps@1.0.0 OK for: get-tsconfig@4.13.0 want: ^1.0.0
1999 silly placeDep ROOT hermes-estree@0.25.1 OK for: hermes-parser@0.25.1 want: 0.25.1
2000 silly placeDep ROOT parent-module@1.0.1 OK for: import-fresh@3.3.1 want: ^1.0.0
2001 silly placeDep ROOT resolve-from@4.0.0 OK for: import-fresh@3.3.1 want: ^4.0.0
2002 silly fetch manifest callsites@^3.0.0
2003 silly packumentCache full:https://registry.npmjs.org/callsites cache-miss
2004 http fetch GET 200 https://registry.npmjs.org/callsites 326ms (cache miss)
2005 silly packumentCache full:https://registry.npmjs.org/callsites set size:undefined disposed:false
2006 silly placeDep ROOT side-channel@1.1.0 OK for: internal-slot@1.1.0 want: ^1.1.0
2007 silly fetch manifest side-channel-list@^1.0.0
2008 silly packumentCache full:https://registry.npmjs.org/side-channel-list cache-miss
2009 silly fetch manifest side-channel-map@^1.0.1
2010 silly packumentCache full:https://registry.npmjs.org/side-channel-map cache-miss
2011 silly fetch manifest side-channel-weakmap@^1.0.2
2012 silly packumentCache full:https://registry.npmjs.org/side-channel-weakmap cache-miss
2013 http fetch GET 200 https://registry.npmjs.org/side-channel-list 36ms (cache miss)
2014 silly packumentCache full:https://registry.npmjs.org/side-channel-list set size:undefined disposed:false
2015 http fetch GET 200 https://registry.npmjs.org/side-channel-weakmap 38ms (cache miss)
2016 silly packumentCache full:https://registry.npmjs.org/side-channel-weakmap set size:undefined disposed:false
2017 http fetch GET 200 https://registry.npmjs.org/side-channel-map 319ms (cache miss)
2018 silly packumentCache full:https://registry.npmjs.org/side-channel-map set size:undefined disposed:false
2019 silly placeDep node_modules/is-bun-module semver@7.7.3 OK for: is-bun-module@2.0.0 want: ^7.7.1
2020 silly placeDep ROOT is-extglob@2.1.1 OK for: is-glob@4.0.3 want: ^2.1.1
2021 silly placeDep ROOT set-function-name@2.0.2 OK for: iterator.prototype@1.1.5 want: ^2.0.2
2022 silly placeDep ROOT argparse@2.0.1 OK for: js-yaml@4.1.1 want: ^2.0.1
2023 silly placeDep ROOT json-buffer@3.0.1 OK for: keyv@4.5.4 want: 3.0.1
2024 silly placeDep ROOT language-subtag-registry@0.3.23 OK for: language-tags@1.0.9 want: ^0.3.20
2025 silly placeDep ROOT prelude-ls@1.2.1 OK for: levn@0.4.1 want: ^1.2.1
2026 silly placeDep ROOT type-check@0.4.0 OK for: levn@0.4.1 want: ~0.4.0
2027 silly placeDep ROOT detect-libc@2.1.2 OK for: lightningcss@1.30.2 want: ^2.0.3
2028 silly placeDep ROOT lightningcss-android-arm64@1.30.2 OK for: lightningcss@1.30.2 want: 1.30.2
2029 silly placeDep ROOT lightningcss-darwin-arm64@1.30.2 OK for: lightningcss@1.30.2 want: 1.30.2
2030 silly placeDep ROOT lightningcss-darwin-x64@1.30.2 OK for: lightningcss@1.30.2 want: 1.30.2
2031 silly placeDep ROOT lightningcss-freebsd-x64@1.30.2 OK for: lightningcss@1.30.2 want: 1.30.2
2032 silly placeDep ROOT lightningcss-linux-arm-gnueabihf@1.30.2 OK for: lightningcss@1.30.2 want: 1.30.2
2033 silly placeDep ROOT lightningcss-linux-arm64-gnu@1.30.2 OK for: lightningcss@1.30.2 want: 1.30.2
2034 silly placeDep ROOT lightningcss-linux-arm64-musl@1.30.2 OK for: lightningcss@1.30.2 want: 1.30.2
2035 silly placeDep ROOT lightningcss-linux-x64-gnu@1.30.2 OK for: lightningcss@1.30.2 want: 1.30.2
2036 silly placeDep ROOT lightningcss-linux-x64-musl@1.30.2 OK for: lightningcss@1.30.2 want: 1.30.2
2037 silly placeDep ROOT lightningcss-win32-arm64-msvc@1.30.2 OK for: lightningcss@1.30.2 want: 1.30.2
2038 silly placeDep ROOT lightningcss-win32-x64-msvc@1.30.2 OK for: lightningcss@1.30.2 want: 1.30.2
2039 silly placeDep ROOT p-locate@5.0.0 OK for: locate-path@6.0.0 want: ^5.0.0
2040 silly fetch manifest p-limit@^3.0.2
2041 silly packumentCache full:https://registry.npmjs.org/p-limit cache-miss
2042 http fetch GET 200 https://registry.npmjs.org/p-limit 345ms (cache miss)
2043 silly packumentCache full:https://registry.npmjs.org/p-limit set size:undefined disposed:false
2044 silly placeDep ROOT yallist@3.1.1 OK for: lru-cache@5.1.1 want: ^3.0.2
2045 silly placeDep ROOT braces@3.0.3 OK for: micromatch@4.0.8 want: ^3.0.3
2046 silly placeDep ROOT picomatch@2.3.1 OK for: micromatch@4.0.8 want: ^2.3.1
2047 silly fetch manifest fill-range@^7.1.1
2048 silly packumentCache full:https://registry.npmjs.org/fill-range cache-miss
2049 http fetch GET 200 https://registry.npmjs.org/fill-range 39ms (cache miss)
2050 silly packumentCache full:https://registry.npmjs.org/fill-range set size:undefined disposed:false
2051 silly placeDep ROOT fill-range@7.1.1 OK for: braces@3.0.3 want: ^7.1.1
2052 silly fetch manifest to-regex-range@^5.0.1
2053 silly packumentCache full:https://registry.npmjs.org/to-regex-range cache-miss
2054 http fetch GET 200 https://registry.npmjs.org/to-regex-range 36ms (cache miss)
2055 silly packumentCache full:https://registry.npmjs.org/to-regex-range set size:undefined disposed:false
2056 silly placeDep ROOT to-regex-range@5.0.1 OK for: fill-range@7.1.1 want: ^5.0.1
2057 silly fetch manifest is-number@^7.0.0
2058 silly packumentCache full:https://registry.npmjs.org/is-number cache-miss
2059 http fetch GET 200 https://registry.npmjs.org/is-number 39ms (cache miss)
2060 silly packumentCache full:https://registry.npmjs.org/is-number set size:undefined disposed:false
2061 silly placeDep ROOT brace-expansion@1.1.12 OK for: minimatch@3.1.2 want: ^1.1.7
2062 silly fetch manifest balanced-match@^1.0.0
2063 silly packumentCache full:https://registry.npmjs.org/balanced-match cache-miss
2064 silly fetch manifest concat-map@0.0.1
2065 silly packumentCache full:https://registry.npmjs.org/concat-map cache-miss
2066 http fetch GET 200 https://registry.npmjs.org/concat-map 327ms (cache miss)
2067 silly packumentCache full:https://registry.npmjs.org/concat-map set size:undefined disposed:false
2068 http fetch GET 200 https://registry.npmjs.org/balanced-match 329ms (cache miss)
2069 silly packumentCache full:https://registry.npmjs.org/balanced-match set size:undefined disposed:false
2070 silly placeDep ROOT balanced-match@1.0.2 OK for: brace-expansion@1.1.12 want: ^1.0.0
2071 silly placeDep ROOT concat-map@0.0.1 OK for: brace-expansion@1.1.12 want: 0.0.1
2072 silly fetch manifest react@^18.2.0 || 19.0.0-rc-de68d2f4-20241204 || ^19.0.0
2073 silly packumentCache full:https://registry.npmjs.org/react cache-miss
2074 http cache https://registry.npmjs.org/react 36ms (cache hit)
2075 silly packumentCache full:https://registry.npmjs.org/react set size:6362607 disposed:false
2076 silly placeDep ROOT @next/env@16.1.0 OK for: next@16.1.0 want: 16.1.0
2077 silly placeDep ROOT @next/swc-darwin-arm64@16.1.0 OK for: next@16.1.0 want: 16.1.0
2078 silly placeDep ROOT @next/swc-darwin-x64@16.1.0 OK for: next@16.1.0 want: 16.1.0
2079 silly placeDep ROOT @next/swc-linux-arm64-gnu@16.1.0 OK for: next@16.1.0 want: 16.1.0
2080 silly placeDep ROOT @next/swc-linux-arm64-musl@16.1.0 OK for: next@16.1.0 want: 16.1.0
2081 silly placeDep ROOT @next/swc-linux-x64-gnu@16.1.0 OK for: next@16.1.0 want: 16.1.0
2082 silly placeDep ROOT @next/swc-linux-x64-musl@16.1.0 OK for: next@16.1.0 want: 16.1.0
2083 silly placeDep ROOT @next/swc-win32-arm64-msvc@16.1.0 OK for: next@16.1.0 want: 16.1.0
2084 silly placeDep ROOT @next/swc-win32-x64-msvc@16.1.0 OK for: next@16.1.0 want: 16.1.0
2085 silly placeDep ROOT @swc/helpers@0.5.15 OK for: next@16.1.0 want: 0.5.15
2086 silly placeDep node_modules/next postcss@8.4.31 OK for: next@16.1.0 want: 8.4.31
2087 silly placeDep ROOT sharp@0.34.5 OK for: next@16.1.0 want: ^0.34.4
2088 silly placeDep ROOT styled-jsx@5.1.6 OK for: next@16.1.0 want: 5.1.6
2089 silly fetch manifest tslib@^2.8.0
2090 silly packumentCache full:https://registry.npmjs.org/tslib cache-miss
2091 silly fetch manifest nanoid@^3.3.6
2092 silly packumentCache full:https://registry.npmjs.org/nanoid cache-miss
2093 silly fetch manifest @img/colour@^1.0.0
2094 silly packumentCache full:https://registry.npmjs.org/@img%2fcolour cache-miss
2095 silly fetch manifest semver@^7.7.3
2096 silly packumentCache full:https://registry.npmjs.org/semver cache-hit
2097 silly fetch manifest @img/sharp-darwin-arm64@0.34.5
2098 silly packumentCache full:https://registry.npmjs.org/@img%2fsharp-darwin-arm64 cache-miss
2099 silly fetch manifest @img/sharp-darwin-x64@0.34.5
2100 silly packumentCache full:https://registry.npmjs.org/@img%2fsharp-darwin-x64 cache-miss
2101 silly fetch manifest @img/sharp-libvips-darwin-arm64@1.2.4
2102 silly packumentCache full:https://registry.npmjs.org/@img%2fsharp-libvips-darwin-arm64 cache-miss
2103 silly fetch manifest @img/sharp-libvips-darwin-x64@1.2.4
2104 silly packumentCache full:https://registry.npmjs.org/@img%2fsharp-libvips-darwin-x64 cache-miss
2105 silly fetch manifest @img/sharp-libvips-linux-arm@1.2.4
2106 silly packumentCache full:https://registry.npmjs.org/@img%2fsharp-libvips-linux-arm cache-miss
2107 silly fetch manifest @img/sharp-libvips-linux-arm64@1.2.4
2108 silly packumentCache full:https://registry.npmjs.org/@img%2fsharp-libvips-linux-arm64 cache-miss
2109 silly fetch manifest @img/sharp-libvips-linux-ppc64@1.2.4
2110 silly packumentCache full:https://registry.npmjs.org/@img%2fsharp-libvips-linux-ppc64 cache-miss
2111 silly fetch manifest @img/sharp-libvips-linux-riscv64@1.2.4
2112 silly packumentCache full:https://registry.npmjs.org/@img%2fsharp-libvips-linux-riscv64 cache-miss
2113 silly fetch manifest @img/sharp-libvips-linux-s390x@1.2.4
2114 silly packumentCache full:https://registry.npmjs.org/@img%2fsharp-libvips-linux-s390x cache-miss
2115 silly fetch manifest @img/sharp-libvips-linux-x64@1.2.4
2116 silly packumentCache full:https://registry.npmjs.org/@img%2fsharp-libvips-linux-x64 cache-miss
2117 silly fetch manifest @img/sharp-libvips-linuxmusl-arm64@1.2.4
2118 silly packumentCache full:https://registry.npmjs.org/@img%2fsharp-libvips-linuxmusl-arm64 cache-miss
2119 silly fetch manifest @img/sharp-libvips-linuxmusl-x64@1.2.4
2120 silly packumentCache full:https://registry.npmjs.org/@img%2fsharp-libvips-linuxmusl-x64 cache-miss
2121 http cache https://registry.npmjs.org/nanoid 23ms (cache hit)
2122 silly packumentCache full:https://registry.npmjs.org/nanoid set size:298419 disposed:false
2123 silly fetch manifest @img/sharp-linux-arm@0.34.5
2124 silly packumentCache full:https://registry.npmjs.org/@img%2fsharp-linux-arm cache-miss
2125 http fetch GET 200 https://registry.npmjs.org/tslib 48ms (cache miss)
2126 silly packumentCache full:https://registry.npmjs.org/tslib set size:undefined disposed:false
2127 silly fetch manifest @img/sharp-linux-arm64@0.34.5
2128 silly packumentCache full:https://registry.npmjs.org/@img%2fsharp-linux-arm64 cache-miss
2129 http fetch GET 200 https://registry.npmjs.org/@img%2fsharp-libvips-linux-x64 63ms (cache miss)
2130 silly packumentCache full:https://registry.npmjs.org/@img%2fsharp-libvips-linux-x64 set size:undefined disposed:false
2131 silly fetch manifest @img/sharp-linux-ppc64@0.34.5
2132 silly packumentCache full:https://registry.npmjs.org/@img%2fsharp-linux-ppc64 cache-miss
2133 http fetch GET 200 https://registry.npmjs.org/@img%2fsharp-libvips-linux-arm 67ms (cache miss)
2134 silly packumentCache full:https://registry.npmjs.org/@img%2fsharp-libvips-linux-arm set size:undefined disposed:false
2135 silly fetch manifest @img/sharp-linux-riscv64@0.34.5
2136 silly packumentCache full:https://registry.npmjs.org/@img%2fsharp-linux-riscv64 cache-miss
2137 http fetch GET 200 https://registry.npmjs.org/@img%2fsharp-libvips-linuxmusl-x64 66ms (cache miss)
2138 silly packumentCache full:https://registry.npmjs.org/@img%2fsharp-libvips-linuxmusl-x64 set size:undefined disposed:false
2139 silly fetch manifest @img/sharp-linux-s390x@0.34.5
2140 silly packumentCache full:https://registry.npmjs.org/@img%2fsharp-linux-s390x cache-miss
2141 http fetch GET 200 https://registry.npmjs.org/@img%2fsharp-libvips-linuxmusl-arm64 71ms (cache miss)
2142 silly packumentCache full:https://registry.npmjs.org/@img%2fsharp-libvips-linuxmusl-arm64 set size:undefined disposed:false
2143 silly fetch manifest @img/sharp-linux-x64@0.34.5
2144 silly packumentCache full:https://registry.npmjs.org/@img%2fsharp-linux-x64 cache-miss
2145 http fetch GET 200 https://registry.npmjs.org/@img%2fsharp-libvips-darwin-arm64 74ms (cache miss)
2146 silly packumentCache full:https://registry.npmjs.org/@img%2fsharp-libvips-darwin-arm64 set size:undefined disposed:false
2147 silly fetch manifest @img/sharp-linuxmusl-arm64@0.34.5
2148 silly packumentCache full:https://registry.npmjs.org/@img%2fsharp-linuxmusl-arm64 cache-miss
2149 http fetch GET 200 https://registry.npmjs.org/@img%2fsharp-libvips-darwin-x64 75ms (cache miss)
2150 silly packumentCache full:https://registry.npmjs.org/@img%2fsharp-libvips-darwin-x64 set size:undefined disposed:false
2151 silly fetch manifest @img/sharp-linuxmusl-x64@0.34.5
2152 silly packumentCache full:https://registry.npmjs.org/@img%2fsharp-linuxmusl-x64 cache-miss
2153 http fetch GET 200 https://registry.npmjs.org/@img%2fsharp-libvips-linux-arm64 79ms (cache miss)
2154 silly packumentCache full:https://registry.npmjs.org/@img%2fsharp-libvips-linux-arm64 set size:undefined disposed:false
2155 silly fetch manifest @img/sharp-wasm32@0.34.5
2156 silly packumentCache full:https://registry.npmjs.org/@img%2fsharp-wasm32 cache-miss
2157 http fetch GET 200 https://registry.npmjs.org/@img%2fsharp-linux-arm 60ms (cache miss)
2158 silly packumentCache full:https://registry.npmjs.org/@img%2fsharp-linux-arm set size:undefined disposed:false
2159 silly fetch manifest @img/sharp-win32-arm64@0.34.5
2160 silly packumentCache full:https://registry.npmjs.org/@img%2fsharp-win32-arm64 cache-miss
2161 http fetch GET 200 https://registry.npmjs.org/@img%2fsharp-linux-arm64 48ms (cache miss)
2162 silly packumentCache full:https://registry.npmjs.org/@img%2fsharp-linux-arm64 set size:undefined disposed:false
2163 silly fetch manifest @img/sharp-win32-ia32@0.34.5
2164 silly packumentCache full:https://registry.npmjs.org/@img%2fsharp-win32-ia32 cache-miss
2165 http fetch GET 200 https://registry.npmjs.org/@img%2fsharp-linuxmusl-arm64 48ms (cache miss)
2166 silly packumentCache full:https://registry.npmjs.org/@img%2fsharp-linuxmusl-arm64 set size:undefined disposed:false
2167 silly fetch manifest @img/sharp-win32-x64@0.34.5
2168 silly packumentCache full:https://registry.npmjs.org/@img%2fsharp-win32-x64 cache-miss
2169 http fetch GET 200 https://registry.npmjs.org/@img%2fsharp-linuxmusl-x64 50ms (cache miss)
2170 silly packumentCache full:https://registry.npmjs.org/@img%2fsharp-linuxmusl-x64 set size:undefined disposed:false
2171 silly fetch manifest client-only@0.0.1
2172 silly packumentCache full:https://registry.npmjs.org/client-only cache-miss
2173 http fetch GET 200 https://registry.npmjs.org/@img%2fsharp-linux-x64 57ms (cache miss)
2174 silly packumentCache full:https://registry.npmjs.org/@img%2fsharp-linux-x64 set size:undefined disposed:false
2175 http fetch GET 200 https://registry.npmjs.org/@img%2fsharp-darwin-arm64 131ms (cache miss)
2176 silly packumentCache full:https://registry.npmjs.org/@img%2fsharp-darwin-arm64 set size:undefined disposed:false
2177 http fetch GET 200 https://registry.npmjs.org/@img%2fsharp-win32-x64 41ms (cache miss)
2178 silly packumentCache full:https://registry.npmjs.org/@img%2fsharp-win32-x64 set size:undefined disposed:false
2179 http fetch GET 200 https://registry.npmjs.org/@img%2fsharp-darwin-x64 390ms (cache miss)
2180 silly packumentCache full:https://registry.npmjs.org/@img%2fsharp-darwin-x64 set size:undefined disposed:false
2181 http fetch GET 200 https://registry.npmjs.org/@img%2fsharp-libvips-linux-ppc64 823ms (cache miss)
2182 silly packumentCache full:https://registry.npmjs.org/@img%2fsharp-libvips-linux-ppc64 set size:undefined disposed:false
2183 http fetch GET 200 https://registry.npmjs.org/@img%2fsharp-libvips-linux-s390x 824ms (cache miss)
2184 silly packumentCache full:https://registry.npmjs.org/@img%2fsharp-libvips-linux-s390x set size:undefined disposed:false
2185 http fetch GET 200 https://registry.npmjs.org/@img%2fsharp-linux-s390x 792ms (cache miss)
2186 silly packumentCache full:https://registry.npmjs.org/@img%2fsharp-linux-s390x set size:undefined disposed:false
2187 http fetch GET 200 https://registry.npmjs.org/@img%2fsharp-linux-ppc64 803ms (cache miss)
2188 silly packumentCache full:https://registry.npmjs.org/@img%2fsharp-linux-ppc64 set size:undefined disposed:false
2189 http fetch GET 200 https://registry.npmjs.org/@img%2fsharp-wasm32 800ms (cache miss)
2190 silly packumentCache full:https://registry.npmjs.org/@img%2fsharp-wasm32 set size:undefined disposed:false
2191 http fetch GET 200 https://registry.npmjs.org/@img%2fsharp-linux-riscv64 821ms (cache miss)
2192 silly packumentCache full:https://registry.npmjs.org/@img%2fsharp-linux-riscv64 set size:undefined disposed:false
2193 http fetch GET 200 https://registry.npmjs.org/@img%2fsharp-win32-arm64 802ms (cache miss)
2194 silly packumentCache full:https://registry.npmjs.org/@img%2fsharp-win32-arm64 set size:undefined disposed:false
2195 http fetch GET 200 https://registry.npmjs.org/@img%2fsharp-win32-ia32 806ms (cache miss)
2196 silly packumentCache full:https://registry.npmjs.org/@img%2fsharp-win32-ia32 set size:undefined disposed:false
2197 http fetch GET 200 https://registry.npmjs.org/client-only 861ms (cache miss)
2198 silly packumentCache full:https://registry.npmjs.org/client-only set size:undefined disposed:false
2199 http fetch GET 200 https://registry.npmjs.org/@img%2fcolour 1366ms (cache miss)
2200 silly packumentCache full:https://registry.npmjs.org/@img%2fcolour set size:undefined disposed:false
2201 http fetch GET 200 https://registry.npmjs.org/@img%2fsharp-libvips-linux-riscv64 1375ms (cache miss)
2202 silly packumentCache full:https://registry.npmjs.org/@img%2fsharp-libvips-linux-riscv64 set size:undefined disposed:false
2203 silly placeDep ROOT tslib@2.8.1 OK for: @swc/helpers@0.5.15 want: ^2.8.0
2204 silly placeDep ROOT deep-is@0.1.4 OK for: optionator@0.9.4 want: ^0.1.3
2205 silly placeDep ROOT fast-levenshtein@2.0.6 OK for: optionator@0.9.4 want: ^2.0.6
2206 silly placeDep ROOT word-wrap@1.2.5 OK for: optionator@0.9.4 want: ^1.2.5
2207 silly placeDep ROOT p-limit@3.1.0 OK for: p-locate@5.0.0 want: ^3.0.2
2208 silly fetch manifest yocto-queue@^0.1.0
2209 silly packumentCache full:https://registry.npmjs.org/yocto-queue cache-miss
2210 http fetch GET 200 https://registry.npmjs.org/yocto-queue 39ms (cache miss)
2211 silly packumentCache full:https://registry.npmjs.org/yocto-queue set size:undefined disposed:false
2212 silly placeDep ROOT yocto-queue@0.1.0 OK for: p-limit@3.1.0 want: ^0.1.0
2213 silly placeDep ROOT callsites@3.1.0 OK for: parent-module@1.0.1 want: ^3.0.0
2214 silly placeDep ROOT nanoid@3.3.11 OK for: postcss@8.5.6 want: ^3.3.11
2215 silly placeDep ROOT loose-envify@1.4.0 OK for: prop-types@15.8.1 want: ^1.4.0
2216 silly placeDep ROOT object-assign@4.1.1 OK for: prop-types@15.8.1 want: ^4.1.1
2217 silly placeDep ROOT react-is@16.13.1 OK for: prop-types@15.8.1 want: ^16.13.1
2218 silly placeDep ROOT scheduler@0.27.0 OK for: react-dom@19.2.3 want: ^0.27.0
2219 silly placeDep ROOT path-parse@1.0.7 OK for: resolve@1.22.11 want: ^1.0.7
2220 silly placeDep ROOT supports-preserve-symlinks-flag@1.0.0 OK for: resolve@1.22.11 want: ^1.0.0
2221 silly placeDep ROOT queue-microtask@1.2.3 OK for: run-parallel@1.2.0 want: ^1.2.2
2222 silly placeDep ROOT isarray@2.0.5 OK for: safe-array-concat@1.1.3 want: ^2.0.5
2223 silly placeDep ROOT @img/colour@1.0.0 OK for: sharp@0.34.5 want: ^1.0.0
2224 silly placeDep ROOT @img/sharp-darwin-arm64@0.34.5 OK for: sharp@0.34.5 want: 0.34.5
2225 silly placeDep ROOT @img/sharp-darwin-x64@0.34.5 OK for: sharp@0.34.5 want: 0.34.5
2226 silly placeDep ROOT @img/sharp-libvips-darwin-arm64@1.2.4 OK for: sharp@0.34.5 want: 1.2.4
2227 silly placeDep ROOT @img/sharp-libvips-darwin-x64@1.2.4 OK for: sharp@0.34.5 want: 1.2.4
2228 silly placeDep ROOT @img/sharp-libvips-linux-arm@1.2.4 OK for: sharp@0.34.5 want: 1.2.4
2229 silly placeDep ROOT @img/sharp-libvips-linux-arm64@1.2.4 OK for: sharp@0.34.5 want: 1.2.4
2230 silly placeDep ROOT @img/sharp-libvips-linux-ppc64@1.2.4 OK for: sharp@0.34.5 want: 1.2.4
2231 silly placeDep ROOT @img/sharp-libvips-linux-riscv64@1.2.4 OK for: sharp@0.34.5 want: 1.2.4
2232 silly placeDep ROOT @img/sharp-libvips-linux-s390x@1.2.4 OK for: sharp@0.34.5 want: 1.2.4
2233 silly placeDep ROOT @img/sharp-libvips-linux-x64@1.2.4 OK for: sharp@0.34.5 want: 1.2.4
2234 silly placeDep ROOT @img/sharp-libvips-linuxmusl-arm64@1.2.4 OK for: sharp@0.34.5 want: 1.2.4
2235 silly placeDep ROOT @img/sharp-libvips-linuxmusl-x64@1.2.4 OK for: sharp@0.34.5 want: 1.2.4
2236 silly placeDep ROOT @img/sharp-linux-arm@0.34.5 OK for: sharp@0.34.5 want: 0.34.5
2237 silly placeDep ROOT @img/sharp-linux-arm64@0.34.5 OK for: sharp@0.34.5 want: 0.34.5
2238 silly placeDep ROOT @img/sharp-linux-ppc64@0.34.5 OK for: sharp@0.34.5 want: 0.34.5
2239 silly placeDep ROOT @img/sharp-linux-riscv64@0.34.5 OK for: sharp@0.34.5 want: 0.34.5
2240 silly placeDep ROOT @img/sharp-linux-s390x@0.34.5 OK for: sharp@0.34.5 want: 0.34.5
2241 silly placeDep ROOT @img/sharp-linux-x64@0.34.5 OK for: sharp@0.34.5 want: 0.34.5
2242 silly placeDep ROOT @img/sharp-linuxmusl-arm64@0.34.5 OK for: sharp@0.34.5 want: 0.34.5
2243 silly placeDep ROOT @img/sharp-linuxmusl-x64@0.34.5 OK for: sharp@0.34.5 want: 0.34.5
2244 silly placeDep ROOT @img/sharp-wasm32@0.34.5 OK for: sharp@0.34.5 want: 0.34.5
2245 silly placeDep ROOT @img/sharp-win32-arm64@0.34.5 OK for: sharp@0.34.5 want: 0.34.5
2246 silly placeDep ROOT @img/sharp-win32-ia32@0.34.5 OK for: sharp@0.34.5 want: 0.34.5
2247 silly placeDep ROOT @img/sharp-win32-x64@0.34.5 OK for: sharp@0.34.5 want: 0.34.5
2248 silly placeDep node_modules/sharp semver@7.7.3 OK for: sharp@0.34.5 want: ^7.7.3
2249 silly fetch manifest @emnapi/runtime@^1.7.0
2250 silly packumentCache full:https://registry.npmjs.org/@emnapi%2fruntime cache-miss
2251 http fetch GET 200 https://registry.npmjs.org/@emnapi%2fruntime 250ms (cache miss)
2252 silly packumentCache full:https://registry.npmjs.org/@emnapi%2fruntime set size:undefined disposed:false
2253 silly placeDep ROOT @emnapi/runtime@1.7.1 OK for: @img/sharp-wasm32@0.34.5 want: ^1.7.0
2254 silly placeDep ROOT shebang-regex@3.0.0 OK for: shebang-command@2.0.0 want: ^3.0.0
2255 silly placeDep ROOT side-channel-list@1.0.0 OK for: side-channel@1.1.0 want: ^1.0.0
2256 silly placeDep ROOT side-channel-map@1.0.1 OK for: side-channel@1.1.0 want: ^1.0.1
2257 silly placeDep ROOT side-channel-weakmap@1.0.2 OK for: side-channel@1.1.0 want: ^1.0.2
2258 silly placeDep ROOT client-only@0.0.1 OK for: styled-jsx@5.1.6 want: 0.0.1
2259 silly placeDep ROOT has-flag@4.0.0 OK for: supports-color@7.2.0 want: ^4.0.0
2260 silly placeDep node_modules/tinyglobby fdir@6.5.0 OK for: tinyglobby@0.2.15 want: ^6.5.0
2261 silly placeDep node_modules/tinyglobby picomatch@4.0.3 OK for: fdir@6.5.0 want: ^3 || ^4
2262 silly placeDep ROOT is-number@7.0.0 OK for: to-regex-range@5.0.1 want: ^7.0.0
2263 silly placeDep ROOT @types/json5@0.0.29 OK for: tsconfig-paths@3.15.0 want: ^0.0.29
2264 silly placeDep node_modules/tsconfig-paths json5@1.0.2 OK for: tsconfig-paths@3.15.0 want: ^1.0.2
2265 silly placeDep ROOT minimist@1.2.8 OK for: tsconfig-paths@3.15.0 want: ^1.2.6
2266 silly placeDep ROOT strip-bom@3.0.0 OK for: tsconfig-paths@3.15.0 want: ^3.0.0
2267 silly fetch manifest minimist@^1.2.0
2268 silly packumentCache full:https://registry.npmjs.org/minimist cache-miss
2269 http cache https://registry.npmjs.org/minimist 6ms (cache hit)
2270 silly packumentCache full:https://registry.npmjs.org/minimist set size:77082 disposed:false
2271 silly placeDep ROOT for-each@0.3.5 OK for: typed-array-byte-length@1.0.3 want: ^0.3.3
2272 silly placeDep ROOT reflect.getprototypeof@1.0.10 OK for: typed-array-byte-offset@1.0.4 want: ^1.0.9
2273 silly fetch manifest which-builtin-type@^1.2.1
2274 silly packumentCache full:https://registry.npmjs.org/which-builtin-type cache-miss
2275 http fetch GET 200 https://registry.npmjs.org/which-builtin-type 29ms (cache miss)
2276 silly packumentCache full:https://registry.npmjs.org/which-builtin-type set size:undefined disposed:false
2277 silly placeDep ROOT which-builtin-type@1.2.1 OK for: reflect.getprototypeof@1.0.10 want: ^1.2.1
2278 silly fetch manifest is-async-function@^2.0.0
2279 silly packumentCache full:https://registry.npmjs.org/is-async-function cache-miss
2280 silly fetch manifest is-finalizationregistry@^1.1.0
2281 silly packumentCache full:https://registry.npmjs.org/is-finalizationregistry cache-miss
2282 silly fetch manifest is-generator-function@^1.0.10
2283 silly packumentCache full:https://registry.npmjs.org/is-generator-function cache-miss
2284 silly fetch manifest which-boxed-primitive@^1.1.0
2285 silly packumentCache full:https://registry.npmjs.org/which-boxed-primitive cache-miss
2286 silly fetch manifest which-collection@^1.0.2
2287 silly packumentCache full:https://registry.npmjs.org/which-collection cache-miss
2288 http cache https://registry.npmjs.org/which-boxed-primitive 9ms (cache hit)
2289 silly packumentCache full:https://registry.npmjs.org/which-boxed-primitive set size:19407 disposed:false
2290 http fetch GET 200 https://registry.npmjs.org/is-async-function 40ms (cache miss)
2291 silly packumentCache full:https://registry.npmjs.org/is-async-function set size:undefined disposed:false
2292 http fetch GET 200 https://registry.npmjs.org/is-finalizationregistry 41ms (cache miss)
2293 silly packumentCache full:https://registry.npmjs.org/is-finalizationregistry set size:undefined disposed:false
2294 http fetch GET 200 https://registry.npmjs.org/which-collection 41ms (cache miss)
2295 silly packumentCache full:https://registry.npmjs.org/which-collection set size:undefined disposed:false
2296 http fetch GET 200 https://registry.npmjs.org/is-generator-function 50ms (cache miss)
2297 silly packumentCache full:https://registry.npmjs.org/is-generator-function set size:undefined disposed:false
2298 silly fetch manifest eslint@^8.57.0 || ^9.0.0
2299 silly packumentCache full:https://registry.npmjs.org/eslint cache-miss
2300 http cache https://registry.npmjs.org/eslint 13ms (cache hit)
2301 silly packumentCache full:https://registry.npmjs.org/eslint set size:1900943 disposed:false
2302 silly fetch manifest typescript@>=4.8.4 <6.0.0
2303 silly packumentCache full:https://registry.npmjs.org/typescript cache-miss
2304 http cache https://registry.npmjs.org/typescript 48ms (cache hit)
2305 silly packumentCache full:https://registry.npmjs.org/typescript set size:15035626 disposed:false
2306 silly placeDep ROOT @typescript-eslint/eslint-plugin@8.50.0 OK for: typescript-eslint@8.50.0 want: 8.50.0
2307 silly placeDep ROOT @typescript-eslint/parser@8.50.0 OK for: @typescript-eslint/eslint-plugin@8.50.0 want: ^8.50.0
2308 silly placeDep ROOT @typescript-eslint/typescript-estree@8.50.0 OK for: typescript-eslint@8.50.0 want: 8.50.0
2309 silly placeDep ROOT @typescript-eslint/utils@8.50.0 OK for: typescript-eslint@8.50.0 want: 8.50.0
2310 silly fetch manifest ignore@^7.0.0
2311 silly packumentCache full:https://registry.npmjs.org/ignore cache-miss
2312 silly fetch manifest ts-api-utils@^2.1.0
2313 silly packumentCache full:https://registry.npmjs.org/ts-api-utils cache-miss
2314 silly fetch manifest @typescript-eslint/type-utils@8.50.0
2315 silly packumentCache full:https://registry.npmjs.org/@typescript-eslint%2ftype-utils cache-miss
2316 silly fetch manifest @typescript-eslint/visitor-keys@8.50.0
2317 silly packumentCache full:https://registry.npmjs.org/@typescript-eslint%2fvisitor-keys cache-miss
2318 silly fetch manifest @typescript-eslint/scope-manager@8.50.0
2319 silly packumentCache full:https://registry.npmjs.org/@typescript-eslint%2fscope-manager cache-miss
2320 silly fetch manifest @typescript-eslint/types@8.50.0
2321 silly packumentCache full:https://registry.npmjs.org/@typescript-eslint%2ftypes cache-miss
2322 silly fetch manifest @typescript-eslint/visitor-keys@8.50.0
2323 silly packumentCache full:https://registry.npmjs.org/@typescript-eslint%2fvisitor-keys cache-miss
2324 silly fetch manifest @typescript-eslint/scope-manager@8.50.0
2325 silly packumentCache full:https://registry.npmjs.org/@typescript-eslint%2fscope-manager cache-miss
2326 silly fetch manifest semver@^7.6.0
2327 silly packumentCache full:https://registry.npmjs.org/semver cache-hit
2328 silly fetch manifest minimatch@^9.0.4
2329 silly packumentCache full:https://registry.npmjs.org/minimatch cache-miss
2330 silly fetch manifest ts-api-utils@^2.1.0
2331 silly packumentCache full:https://registry.npmjs.org/ts-api-utils cache-miss
2332 silly fetch manifest @typescript-eslint/types@8.50.0
2333 silly packumentCache full:https://registry.npmjs.org/@typescript-eslint%2ftypes cache-miss
2334 silly fetch manifest @typescript-eslint/visitor-keys@8.50.0
2335 silly packumentCache full:https://registry.npmjs.org/@typescript-eslint%2fvisitor-keys cache-miss
2336 silly fetch manifest @typescript-eslint/tsconfig-utils@8.50.0
2337 silly packumentCache full:https://registry.npmjs.org/@typescript-eslint%2ftsconfig-utils cache-miss
2338 silly fetch manifest @typescript-eslint/project-service@8.50.0
2339 silly packumentCache full:https://registry.npmjs.org/@typescript-eslint%2fproject-service cache-miss
2340 silly fetch manifest @typescript-eslint/types@8.50.0
2341 silly packumentCache full:https://registry.npmjs.org/@typescript-eslint%2ftypes cache-miss
2342 http cache https://registry.npmjs.org/ignore 30ms (cache hit)
2343 silly packumentCache full:https://registry.npmjs.org/ignore set size:237380 disposed:false
2344 silly fetch manifest @typescript-eslint/scope-manager@8.50.0
2345 silly packumentCache full:https://registry.npmjs.org/@typescript-eslint%2fscope-manager cache-miss
2346 http cache https://registry.npmjs.org/minimatch 33ms (cache hit)
2347 silly packumentCache full:https://registry.npmjs.org/minimatch set size:303959 disposed:false
2348 http fetch GET 200 https://registry.npmjs.org/ts-api-utils 358ms (cache miss)
2349 silly packumentCache full:https://registry.npmjs.org/ts-api-utils set size:undefined disposed:false
2350 http fetch GET 200 https://registry.npmjs.org/ts-api-utils 360ms (cache miss)
2351 silly packumentCache full:https://registry.npmjs.org/ts-api-utils set size:undefined disposed:false
2352 http fetch GET 200 https://registry.npmjs.org/@typescript-eslint%2fproject-service 507ms (cache miss)
2353 silly packumentCache full:https://registry.npmjs.org/@typescript-eslint%2fproject-service set size:undefined disposed:false
2354 http fetch GET 200 https://registry.npmjs.org/@typescript-eslint%2ftsconfig-utils 560ms (cache miss)
2355 silly packumentCache full:https://registry.npmjs.org/@typescript-eslint%2ftsconfig-utils set size:undefined disposed:false
2356 http fetch GET 200 https://registry.npmjs.org/@typescript-eslint%2fvisitor-keys 1084ms (cache miss)
2357 silly packumentCache full:https://registry.npmjs.org/@typescript-eslint%2fvisitor-keys set size:undefined disposed:false
2358 http fetch GET 200 https://registry.npmjs.org/@typescript-eslint%2ftypes 1719ms (cache miss)
2359 silly packumentCache full:https://registry.npmjs.org/@typescript-eslint%2ftypes set size:undefined disposed:false
2360 http fetch GET 200 https://registry.npmjs.org/@typescript-eslint%2fvisitor-keys 1828ms (cache miss)
2361 silly packumentCache full:https://registry.npmjs.org/@typescript-eslint%2fvisitor-keys set size:undefined disposed:false
2362 http fetch GET 200 https://registry.npmjs.org/@typescript-eslint%2ftype-utils 2000ms (cache miss)
2363 silly packumentCache full:https://registry.npmjs.org/@typescript-eslint%2ftype-utils set size:undefined disposed:false
2364 http fetch GET 200 https://registry.npmjs.org/@typescript-eslint%2fscope-manager 2157ms (cache miss)
2365 silly packumentCache full:https://registry.npmjs.org/@typescript-eslint%2fscope-manager set size:undefined disposed:false
2366 http fetch GET 200 https://registry.npmjs.org/@typescript-eslint%2ftypes 2236ms (cache miss)
2367 silly packumentCache full:https://registry.npmjs.org/@typescript-eslint%2ftypes set size:undefined disposed:false
2368 http fetch GET 200 https://registry.npmjs.org/@typescript-eslint%2fvisitor-keys 2365ms (cache miss)
2369 silly packumentCache full:https://registry.npmjs.org/@typescript-eslint%2fvisitor-keys set size:undefined disposed:false
2370 http fetch GET 200 https://registry.npmjs.org/@typescript-eslint%2ftypes 2451ms (cache miss)
2371 silly packumentCache full:https://registry.npmjs.org/@typescript-eslint%2ftypes set size:undefined disposed:false
2372 http fetch GET 200 https://registry.npmjs.org/@typescript-eslint%2fscope-manager 2635ms (cache miss)
2373 silly packumentCache full:https://registry.npmjs.org/@typescript-eslint%2fscope-manager set size:undefined disposed:false
2374 http fetch GET 200 https://registry.npmjs.org/@typescript-eslint%2fscope-manager 2748ms (cache miss)
2375 silly packumentCache full:https://registry.npmjs.org/@typescript-eslint%2fscope-manager set size:undefined disposed:false
2376 silly placeDep ROOT @typescript-eslint/scope-manager@8.50.0 OK for: @typescript-eslint/eslint-plugin@8.50.0 want: 8.50.0
2377 silly placeDep ROOT @typescript-eslint/type-utils@8.50.0 OK for: @typescript-eslint/eslint-plugin@8.50.0 want: 8.50.0
2378 silly placeDep ROOT @typescript-eslint/visitor-keys@8.50.0 OK for: @typescript-eslint/eslint-plugin@8.50.0 want: 8.50.0
2379 silly placeDep node_modules/@typescript-eslint/eslint-plugin ignore@7.0.5 OK for: @typescript-eslint/eslint-plugin@8.50.0 want: ^7.0.0
2380 silly placeDep ROOT ts-api-utils@2.1.0 OK for: @typescript-eslint/eslint-plugin@8.50.0 want: ^2.1.0
2381 silly placeDep ROOT @typescript-eslint/types@8.50.0 OK for: @typescript-eslint/parser@8.50.0 want: 8.50.0
2382 silly placeDep ROOT @typescript-eslint/project-service@8.50.0 OK for: @typescript-eslint/typescript-estree@8.50.0 want: 8.50.0
2383 silly placeDep ROOT @typescript-eslint/tsconfig-utils@8.50.0 OK for: @typescript-eslint/typescript-estree@8.50.0 want: 8.50.0
2384 silly placeDep node_modules/@typescript-eslint/typescript-estree minimatch@9.0.5 OK for: @typescript-eslint/typescript-estree@8.50.0 want: ^9.0.4
2385 silly placeDep node_modules/@typescript-eslint/typescript-estree semver@7.7.3 OK for: @typescript-eslint/typescript-estree@8.50.0 want: ^7.6.0
2386 silly fetch manifest @typescript-eslint/tsconfig-utils@^8.50.0
2387 silly packumentCache full:https://registry.npmjs.org/@typescript-eslint%2ftsconfig-utils cache-miss
2388 silly fetch manifest brace-expansion@^2.0.1
2389 silly packumentCache full:https://registry.npmjs.org/brace-expansion cache-miss
2390 http cache https://registry.npmjs.org/@typescript-eslint%2ftsconfig-utils 16ms (cache hit)
2391 silly packumentCache full:https://registry.npmjs.org/@typescript-eslint%2ftsconfig-utils set size:666314 disposed:false
2392 http cache https://registry.npmjs.org/brace-expansion 22ms (cache hit)
2393 silly packumentCache full:https://registry.npmjs.org/brace-expansion set size:46250 disposed:false
2394 silly placeDep ROOT has-bigints@1.1.0 OK for: unbox-primitive@1.1.0 want: ^1.0.2
2395 silly placeDep ROOT which-boxed-primitive@1.1.1 OK for: unbox-primitive@1.1.0 want: ^1.1.1
2396 silly fetch manifest is-bigint@^1.1.0
2397 silly packumentCache full:https://registry.npmjs.org/is-bigint cache-miss
2398 silly fetch manifest is-boolean-object@^1.2.1
2399 silly packumentCache full:https://registry.npmjs.org/is-boolean-object cache-miss
2400 silly fetch manifest is-number-object@^1.1.1
2401 silly packumentCache full:https://registry.npmjs.org/is-number-object cache-miss
2402 http fetch GET 200 https://registry.npmjs.org/is-bigint 31ms (cache miss)
2403 silly packumentCache full:https://registry.npmjs.org/is-bigint set size:undefined disposed:false
2404 http fetch GET 200 https://registry.npmjs.org/is-boolean-object 39ms (cache miss)
2405 silly packumentCache full:https://registry.npmjs.org/is-boolean-object set size:undefined disposed:false
2406 http fetch GET 200 https://registry.npmjs.org/is-number-object 45ms (cache miss)
2407 silly packumentCache full:https://registry.npmjs.org/is-number-object set size:undefined disposed:false
2408 silly placeDep ROOT @unrs/resolver-binding-android-arm-eabi@1.11.1 OK for: unrs-resolver@1.11.1 want: 1.11.1
2409 silly placeDep ROOT @unrs/resolver-binding-android-arm64@1.11.1 OK for: unrs-resolver@1.11.1 want: 1.11.1
2410 silly placeDep ROOT @unrs/resolver-binding-darwin-arm64@1.11.1 OK for: unrs-resolver@1.11.1 want: 1.11.1
2411 silly placeDep ROOT @unrs/resolver-binding-darwin-x64@1.11.1 OK for: unrs-resolver@1.11.1 want: 1.11.1
2412 silly placeDep ROOT @unrs/resolver-binding-freebsd-x64@1.11.1 OK for: unrs-resolver@1.11.1 want: 1.11.1
2413 silly placeDep ROOT @unrs/resolver-binding-linux-arm-gnueabihf@1.11.1 OK for: unrs-resolver@1.11.1 want: 1.11.1
2414 silly placeDep ROOT @unrs/resolver-binding-linux-arm-musleabihf@1.11.1 OK for: unrs-resolver@1.11.1 want: 1.11.1
2415 silly placeDep ROOT @unrs/resolver-binding-linux-arm64-gnu@1.11.1 OK for: unrs-resolver@1.11.1 want: 1.11.1
2416 silly placeDep ROOT @unrs/resolver-binding-linux-arm64-musl@1.11.1 OK for: unrs-resolver@1.11.1 want: 1.11.1
2417 silly placeDep ROOT @unrs/resolver-binding-linux-ppc64-gnu@1.11.1 OK for: unrs-resolver@1.11.1 want: 1.11.1
2418 silly placeDep ROOT @unrs/resolver-binding-linux-riscv64-gnu@1.11.1 OK for: unrs-resolver@1.11.1 want: 1.11.1
2419 silly placeDep ROOT @unrs/resolver-binding-linux-riscv64-musl@1.11.1 OK for: unrs-resolver@1.11.1 want: 1.11.1
2420 silly placeDep ROOT @unrs/resolver-binding-linux-s390x-gnu@1.11.1 OK for: unrs-resolver@1.11.1 want: 1.11.1
2421 silly placeDep ROOT @unrs/resolver-binding-linux-x64-gnu@1.11.1 OK for: unrs-resolver@1.11.1 want: 1.11.1
2422 silly placeDep ROOT @unrs/resolver-binding-linux-x64-musl@1.11.1 OK for: unrs-resolver@1.11.1 want: 1.11.1
2423 silly placeDep ROOT @unrs/resolver-binding-wasm32-wasi@1.11.1 OK for: unrs-resolver@1.11.1 want: 1.11.1
2424 silly placeDep ROOT @unrs/resolver-binding-win32-arm64-msvc@1.11.1 OK for: unrs-resolver@1.11.1 want: 1.11.1
2425 silly placeDep ROOT @unrs/resolver-binding-win32-ia32-msvc@1.11.1 OK for: unrs-resolver@1.11.1 want: 1.11.1
2426 silly placeDep ROOT @unrs/resolver-binding-win32-x64-msvc@1.11.1 OK for: unrs-resolver@1.11.1 want: 1.11.1
2427 silly placeDep ROOT napi-postinstall@0.3.4 OK for: unrs-resolver@1.11.1 want: ^0.3.0
2428 silly fetch manifest @napi-rs/wasm-runtime@^0.2.11
2429 silly packumentCache full:https://registry.npmjs.org/@napi-rs%2fwasm-runtime cache-miss
2430 http fetch GET 200 https://registry.npmjs.org/@napi-rs%2fwasm-runtime 534ms (cache miss)
2431 silly packumentCache full:https://registry.npmjs.org/@napi-rs%2fwasm-runtime set size:undefined disposed:false
2432 silly placeDep ROOT @napi-rs/wasm-runtime@0.2.12 OK for: @unrs/resolver-binding-wasm32-wasi@1.11.1 want: ^0.2.11
2433 silly fetch manifest @emnapi/core@^1.4.3
2434 silly packumentCache full:https://registry.npmjs.org/@emnapi%2fcore cache-miss
2435 silly fetch manifest @tybys/wasm-util@^0.10.0
2436 silly packumentCache full:https://registry.npmjs.org/@tybys%2fwasm-util cache-miss
2437 http fetch GET 200 https://registry.npmjs.org/@tybys%2fwasm-util 258ms (cache miss)
2438 silly packumentCache full:https://registry.npmjs.org/@tybys%2fwasm-util set size:undefined disposed:false
2439 http fetch GET 200 https://registry.npmjs.org/@emnapi%2fcore 675ms (cache miss)
2440 silly packumentCache full:https://registry.npmjs.org/@emnapi%2fcore set size:undefined disposed:false
2441 silly placeDep ROOT @emnapi/core@1.7.1 OK for: @napi-rs/wasm-runtime@0.2.12 want: ^1.4.3
2442 silly placeDep ROOT @tybys/wasm-util@0.10.1 OK for: @napi-rs/wasm-runtime@0.2.12 want: ^0.10.0
2443 silly fetch manifest @emnapi/wasi-threads@1.1.0
2444 silly packumentCache full:https://registry.npmjs.org/@emnapi%2fwasi-threads cache-miss
2445 http fetch GET 200 https://registry.npmjs.org/@emnapi%2fwasi-threads 248ms (cache miss)
2446 silly packumentCache full:https://registry.npmjs.org/@emnapi%2fwasi-threads set size:undefined disposed:false
2447 silly placeDep ROOT @emnapi/wasi-threads@1.1.0 OK for: @emnapi/core@1.7.1 want: 1.1.0
2448 silly placeDep ROOT escalade@3.2.0 OK for: update-browserslist-db@1.2.3 want: ^3.2.0
2449 silly placeDep ROOT punycode@2.3.1 OK for: uri-js@4.4.1 want: ^2.1.0
2450 silly placeDep ROOT isexe@2.0.0 OK for: which@2.0.2 want: ^2.0.0
2451 silly placeDep ROOT is-bigint@1.1.0 OK for: which-boxed-primitive@1.1.1 want: ^1.1.0
2452 silly placeDep ROOT is-boolean-object@1.2.2 OK for: which-boxed-primitive@1.1.1 want: ^1.2.1
2453 silly placeDep ROOT is-number-object@1.1.1 OK for: which-boxed-primitive@1.1.1 want: ^1.1.1
2454 silly placeDep ROOT is-async-function@2.1.1 OK for: which-builtin-type@1.2.1 want: ^2.0.0
2455 silly placeDep ROOT is-finalizationregistry@1.1.1 OK for: which-builtin-type@1.2.1 want: ^1.1.0
2456 silly placeDep ROOT is-generator-function@1.1.2 OK for: which-builtin-type@1.2.1 want: ^1.0.10
2457 silly placeDep ROOT which-collection@1.0.2 OK for: which-builtin-type@1.2.1 want: ^1.0.2
2458 silly fetch manifest async-function@^1.0.0
2459 silly packumentCache full:https://registry.npmjs.org/async-function cache-miss
2460 silly fetch manifest generator-function@^2.0.0
2461 silly packumentCache full:https://registry.npmjs.org/generator-function cache-miss
2462 silly fetch manifest is-map@^2.0.3
2463 silly packumentCache full:https://registry.npmjs.org/is-map cache-miss
2464 silly fetch manifest is-weakmap@^2.0.2
2465 silly packumentCache full:https://registry.npmjs.org/is-weakmap cache-miss
2466 silly fetch manifest is-weakset@^2.0.3
2467 silly packumentCache full:https://registry.npmjs.org/is-weakset cache-miss
2468 http fetch GET 200 https://registry.npmjs.org/is-map 41ms (cache miss)
2469 silly packumentCache full:https://registry.npmjs.org/is-map set size:undefined disposed:false
2470 http fetch GET 200 https://registry.npmjs.org/async-function 43ms (cache miss)
2471 silly packumentCache full:https://registry.npmjs.org/async-function set size:undefined disposed:false
2472 http fetch GET 200 https://registry.npmjs.org/generator-function 44ms (cache miss)
2473 silly packumentCache full:https://registry.npmjs.org/generator-function set size:undefined disposed:false
2474 http fetch GET 200 https://registry.npmjs.org/is-weakset 322ms (cache miss)
2475 silly packumentCache full:https://registry.npmjs.org/is-weakset set size:undefined disposed:false
2476 http fetch GET 200 https://registry.npmjs.org/is-weakmap 324ms (cache miss)
2477 silly packumentCache full:https://registry.npmjs.org/is-weakmap set size:undefined disposed:false
2478 silly placeDep ROOT async-function@1.0.0 OK for: is-async-function@2.1.1 want: ^1.0.0
2479 silly placeDep ROOT generator-function@2.0.1 OK for: is-generator-function@1.1.2 want: ^2.0.0
2480 silly placeDep ROOT is-map@2.0.3 OK for: which-collection@1.0.2 want: ^2.0.3
2481 silly placeDep ROOT is-weakmap@2.0.2 OK for: which-collection@1.0.2 want: ^2.0.2
2482 silly placeDep ROOT is-weakset@2.0.4 OK for: which-collection@1.0.2 want: ^2.0.3
2483 silly placeDep node_modules/@typescript-eslint/typescript-estree brace-expansion@2.0.2 OK for: minimatch@9.0.5 want: ^2.0.1
2484 silly reify moves {}
2485 verbose reify failed optional dependency D:\Mini_Project\career-automate-admin\node_modules\@tailwindcss\oxide-wasm32-wasi
2486 silly reify mark deleted [
2486 silly reify   'D:\\Mini_Project\\career-automate-admin\\node_modules\\@tailwindcss\\oxide-wasm32-wasi'
2486 silly reify ]
2487 silly audit bulk request {
2487 silly audit   '@tailwindcss/postcss': [ '4.1.18' ],
2487 silly audit   '@types/node': [ '20.19.27' ],
2487 silly audit   '@types/react': [ '19.2.7' ],
2487 silly audit   '@types/react-dom': [ '19.2.3' ],
2487 silly audit   'babel-plugin-react-compiler': [ '1.0.0' ],
2487 silly audit   eslint: [ '9.39.2' ],
2487 silly audit   'eslint-config-next': [ '16.1.0' ],
2487 silly audit   next: [ '16.1.0' ],
2487 silly audit   react: [ '19.2.3' ],
2487 silly audit   'react-dom': [ '19.2.3' ],
2487 silly audit   tailwindcss: [ '4.1.18' ],
2487 silly audit   typescript: [ '5.9.3' ],
2487 silly audit   '@alloc/quick-lru': [ '5.2.0' ],
2487 silly audit   '@tailwindcss/node': [ '4.1.18' ],
2487 silly audit   '@tailwindcss/oxide': [ '4.1.18' ],
2487 silly audit   postcss: [ '8.5.6', '8.4.31' ],
2487 silly audit   '@jridgewell/remapping': [ '2.3.5' ],
2487 silly audit   'enhanced-resolve': [ '5.18.4' ],
2487 silly audit   jiti: [ '2.6.1' ],
2487 silly audit   lightningcss: [ '1.30.2' ],
2487 silly audit   'magic-string': [ '0.30.21' ],
2487 silly audit   'source-map-js': [ '1.2.1' ],
2487 silly audit   '@jridgewell/gen-mapping': [ '0.3.13' ],
2487 silly audit   '@jridgewell/trace-mapping': [ '0.3.31' ],
2487 silly audit   '@jridgewell/sourcemap-codec': [ '1.5.5' ],
2487 silly audit   '@jridgewell/resolve-uri': [ '3.1.2' ],
2487 silly audit   '@tailwindcss/oxide-android-arm64': [ '4.1.18' ],
2487 silly audit   '@tailwindcss/oxide-darwin-arm64': [ '4.1.18' ],
2487 silly audit   '@tailwindcss/oxide-darwin-x64': [ '4.1.18' ],
2487 silly audit   '@tailwindcss/oxide-freebsd-x64': [ '4.1.18' ],
2487 silly audit   '@tailwindcss/oxide-linux-arm-gnueabihf': [ '4.1.18' ],
2487 silly audit   '@tailwindcss/oxide-linux-arm64-gnu': [ '4.1.18' ],
2487 silly audit   '@tailwindcss/oxide-linux-arm64-musl': [ '4.1.18' ],
2487 silly audit   '@tailwindcss/oxide-linux-x64-gnu': [ '4.1.18' ],
2487 silly audit   '@tailwindcss/oxide-linux-x64-musl': [ '4.1.18' ],
2487 silly audit   '@tailwindcss/oxide-win32-arm64-msvc': [ '4.1.18' ],
2487 silly audit   '@tailwindcss/oxide-win32-x64-msvc': [ '4.1.18' ],
2487 silly audit   'undici-types': [ '6.21.0' ],
2487 silly audit   csstype: [ '3.2.3' ],
2487 silly audit   '@babel/types': [ '7.28.5' ],
2487 silly audit   '@babel/helper-string-parser': [ '7.27.1' ],
2487 silly audit   '@babel/helper-validator-identifier': [ '7.28.5' ],
2487 silly audit   'graceful-fs': [ '4.2.11' ],
2487 silly audit   tapable: [ '2.3.0' ],
2487 silly audit   '@eslint-community/eslint-utils': [ '4.9.0' ],
2487 silly audit   '@eslint-community/regexpp': [ '4.12.2' ],
2487 silly audit   '@eslint/config-array': [ '0.21.1' ],
2487 silly audit   '@eslint/config-helpers': [ '0.4.2' ],
2487 silly audit   '@eslint/core': [ '0.17.0' ],
2487 silly audit   '@eslint/eslintrc': [ '3.3.3' ],
2487 silly audit   '@eslint/js': [ '9.39.2' ],
2487 silly audit   '@eslint/plugin-kit': [ '0.4.1' ],
2487 silly audit   '@humanfs/node': [ '0.16.7' ],
2487 silly audit   '@humanwhocodes/module-importer': [ '1.0.1' ],
2487 silly audit   '@humanwhocodes/retry': [ '0.4.3' ],
2487 silly audit   '@types/estree': [ '1.0.8' ],
2487 silly audit   ajv: [ '6.12.6' ],
2487 silly audit   chalk: [ '4.1.2' ],
2487 silly audit   'cross-spawn': [ '7.0.6' ],
2487 silly audit   debug: [ '4.4.3', '3.2.7' ],
2487 silly audit   'escape-string-regexp': [ '4.0.0' ],
2487 silly audit   'eslint-scope': [ '8.4.0' ],
2487 silly audit   'eslint-visitor-keys': [ '4.2.1', '3.4.3' ],
2487 silly audit   espree: [ '10.4.0' ],
2487 silly audit   esquery: [ '1.6.0' ],
2487 silly audit   esutils: [ '2.0.3' ],
2487 silly audit   'fast-deep-equal': [ '3.1.3' ],
2487 silly audit   'file-entry-cache': [ '8.0.0' ],
2487 silly audit   'find-up': [ '5.0.0' ],
2487 silly audit   'glob-parent': [ '6.0.2', '5.1.2' ],
2487 silly audit   ignore: [ '5.3.2', '7.0.5' ],
2487 silly audit   imurmurhash: [ '0.1.4' ],
2487 silly audit   'is-glob': [ '4.0.3' ],
2487 silly audit   'json-stable-stringify-without-jsonify': [ '1.0.1' ],
2487 silly audit   'lodash.merge': [ '4.6.2' ],
2487 silly audit   minimatch: [ '3.1.2', '9.0.5' ],
2487 silly audit   'natural-compare': [ '1.4.0' ],
2487 silly audit   optionator: [ '0.9.4' ],
2487 silly audit   '@eslint/object-schema': [ '2.1.7' ],
2487 silly audit   '@types/json-schema': [ '7.0.15' ],
2487 silly audit   globals: [ '14.0.0', '16.4.0' ],
2487 silly audit   'import-fresh': [ '3.3.1' ],
2487 silly audit   'js-yaml': [ '4.1.1' ],
2487 silly audit   'strip-json-comments': [ '3.1.1' ],
2487 silly audit   levn: [ '0.4.1' ],
2487 silly audit   '@humanfs/core': [ '0.19.1' ],
2487 silly audit   'fast-json-stable-stringify': [ '2.1.0' ],
2487 silly audit   'json-schema-traverse': [ '0.4.1' ],
2487 silly audit   'uri-js': [ '4.4.1' ],
2487 silly audit   'ansi-styles': [ '4.3.0' ],
2487 silly audit   'supports-color': [ '7.2.0' ],
2487 silly audit   'color-convert': [ '2.0.1' ],
2487 silly audit   'color-name': [ '1.1.4' ],
2487 silly audit   'path-key': [ '3.1.1' ],
2487 silly audit   'shebang-command': [ '2.0.0' ],
2487 silly audit   which: [ '2.0.2' ],
2487 silly audit   ms: [ '2.1.3' ],
2487 silly audit   '@next/eslint-plugin-next': [ '16.1.0' ],
2487 silly audit   'eslint-import-resolver-node': [ '0.3.9' ],
2487 silly audit   'eslint-import-resolver-typescript': [ '3.10.1' ],
2487 silly audit   'eslint-plugin-import': [ '2.32.0' ],
2487 silly audit   'eslint-plugin-jsx-a11y': [ '6.10.2' ],
2487 silly audit   'eslint-plugin-react': [ '7.37.5' ],
2487 silly audit   'eslint-plugin-react-hooks': [ '7.0.1' ],
2487 silly audit   'typescript-eslint': [ '8.50.0' ],
2487 silly audit   'fast-glob': [ '3.3.1' ],
2487 silly audit   'is-core-module': [ '2.16.1' ],
2487 silly audit   resolve: [ '1.22.11', '2.0.0-next.5' ],
2487 silly audit   '@nolyfill/is-core-module': [ '1.0.39' ],
2487 silly audit   'get-tsconfig': [ '4.13.0' ],
2487 silly audit   'is-bun-module': [ '2.0.0' ],
2487 silly audit   'stable-hash': [ '0.0.5' ],
2487 silly audit   tinyglobby: [ '0.2.15' ],
2487 silly audit   'unrs-resolver': [ '1.11.1' ],
2487 silly audit   '@rtsao/scc': [ '1.1.0' ],
2487 silly audit   'array-includes': [ '3.1.9' ],
2487 silly audit   'array.prototype.findlastindex': [ '1.2.6' ],
2487 silly audit   'array.prototype.flat': [ '1.3.3' ],
2487 silly audit   'array.prototype.flatmap': [ '1.3.3' ],
2487 silly audit   doctrine: [ '2.1.0' ],
2487 silly audit   'eslint-module-utils': [ '2.12.1' ],
2487 silly audit   hasown: [ '2.0.2' ],
2487 silly audit   'object.fromentries': [ '2.0.8' ],
2487 silly audit   'object.groupby': [ '1.0.3' ],
2487 silly audit   'object.values': [ '1.2.1' ],
2487 silly audit   semver: [ '6.3.1', '7.7.3' ],
2487 silly audit   'string.prototype.trimend': [ '1.0.9' ],
2487 silly audit   'tsconfig-paths': [ '3.15.0' ],
2487 silly audit   'call-bind': [ '1.0.8' ],
2487 silly audit   'call-bound': [ '1.0.4' ],
2487 silly audit   'define-properties': [ '1.2.1' ],
2487 silly audit   'es-abstract': [ '1.24.1' ],
2487 silly audit   'es-object-atoms': [ '1.1.1' ],
2487 silly audit   'get-intrinsic': [ '1.3.0' ],
2487 silly audit   'is-string': [ '1.1.1' ],
2487 silly audit   'math-intrinsics': [ '1.1.0' ],
2487 silly audit   'es-errors': [ '1.3.0' ],
2487 silly audit   'es-shim-unscopables': [ '1.1.0' ],
2487 silly audit   'call-bind-apply-helpers': [ '1.0.2' ],
2487 silly audit   'es-define-property': [ '1.0.1' ],
2487 silly audit   'set-function-length': [ '1.2.2' ],
2487 silly audit   'function-bind': [ '1.1.2' ],
2487 silly audit   'define-data-property': [ '1.1.4' ],
2487 silly audit   'has-property-descriptors': [ '1.0.2' ],
2487 silly audit   'object-keys': [ '1.1.1' ],
2487 silly audit   gopd: [ '1.2.0' ],
2487 silly audit   'array-buffer-byte-length': [ '1.0.2' ],
2487 silly audit   'arraybuffer.prototype.slice': [ '1.0.4' ],
2487 silly audit   'available-typed-arrays': [ '1.0.7' ],
2487 silly audit   'data-view-buffer': [ '1.0.2' ],
2487 silly audit   'data-view-byte-length': [ '1.0.2' ],
2487 silly audit   'data-view-byte-offset': [ '1.0.1' ],
2487 silly audit   'es-set-tostringtag': [ '2.1.0' ],
2487 silly audit   'es-to-primitive': [ '1.3.0' ],
2487 silly audit   'function.prototype.name': [ '1.1.8' ],
2487 silly audit   'get-proto': [ '1.0.1' ],
2487 silly audit   'get-symbol-description': [ '1.1.0' ],
2487 silly audit   globalthis: [ '1.0.4' ],
2487 silly audit   'has-proto': [ '1.2.0' ],
2487 silly audit   'has-symbols': [ '1.1.0' ],
2487 silly audit   'internal-slot': [ '1.1.0' ],
2487 silly audit   'is-array-buffer': [ '3.0.5' ],
2487 silly audit   'is-callable': [ '1.2.7' ],
2487 silly audit   'is-data-view': [ '1.0.2' ],
2487 silly audit   'is-negative-zero': [ '2.0.3' ],
2487 silly audit   'is-regex': [ '1.2.1' ],
2487 silly audit   'is-set': [ '2.0.3' ],
2487 silly audit   'is-shared-array-buffer': [ '1.0.4' ],
2487 silly audit   'is-typed-array': [ '1.1.15' ],
2487 silly audit   'is-weakref': [ '1.1.1' ],
2487 silly audit   'object-inspect': [ '1.13.4' ],
2487 silly audit   'object.assign': [ '4.1.7' ],
2487 silly audit   'own-keys': [ '1.0.1' ],
2487 silly audit   'regexp.prototype.flags': [ '1.5.4' ],
2487 silly audit   'safe-array-concat': [ '1.1.3' ],
2487 silly audit   'safe-push-apply': [ '1.0.0' ],
2487 silly audit   'safe-regex-test': [ '1.1.0' ],
2487 silly audit   'set-proto': [ '1.0.0' ],
2487 silly audit   'stop-iteration-iterator': [ '1.1.0' ],
2487 silly audit   'string.prototype.trim': [ '1.2.10' ],
2487 silly audit   'string.prototype.trimstart': [ '1.0.8' ],
2487 silly audit   'typed-array-buffer': [ '1.0.3' ],
2487 silly audit   'typed-array-byte-length': [ '1.0.3' ],
2487 silly audit   'typed-array-byte-offset': [ '1.0.4' ],
2487 silly audit   'typed-array-length': [ '1.0.7' ],
2487 silly audit   'unbox-primitive': [ '1.1.0' ],
2487 silly audit   'which-typed-array': [ '1.1.19' ],
2487 silly audit   'possible-typed-array-names': [ '1.1.0' ],
2487 silly audit   'has-tostringtag': [ '1.0.2' ],
2487 silly audit   'is-date-object': [ '1.1.0' ],
2487 silly audit   'is-symbol': [ '1.1.1' ],
2487 silly audit   'aria-query': [ '5.3.2' ],
2487 silly audit   'ast-types-flow': [ '0.0.8' ],
2487 silly audit   'axe-core': [ '4.11.0' ],
2487 silly audit   'axobject-query': [ '4.1.0' ],
2487 silly audit   'damerau-levenshtein': [ '1.0.8' ],
2487 silly audit   'emoji-regex': [ '9.2.2' ],
2487 silly audit   'jsx-ast-utils': [ '3.3.5' ],
2487 silly audit   'language-tags': [ '1.0.9' ],
2487 silly audit   'string.prototype.includes': [ '2.0.1' ],
2487 silly audit   'array.prototype.findlast': [ '1.2.5' ],
2487 silly audit   'array.prototype.tosorted': [ '1.1.4' ],
2487 silly audit   'es-iterator-helpers': [ '1.2.2' ],
2487 silly audit   estraverse: [ '5.3.0' ],
2487 silly audit   'object.entries': [ '1.1.9' ],
2487 silly audit   'prop-types': [ '15.8.1' ],
2487 silly audit   'string.prototype.matchall': [ '4.0.12' ],
2487 silly audit   'string.prototype.repeat': [ '1.0.0' ],
2487 silly audit   'iterator.prototype': [ '1.1.5' ],
2487 silly audit   '@babel/core': [ '7.28.5' ],
2487 silly audit   '@babel/parser': [ '7.28.5' ],
2487 silly audit   'hermes-parser': [ '0.25.1' ],
2487 silly audit   zod: [ '4.2.1' ],
2487 silly audit   'zod-validation-error': [ '4.0.2' ],
2487 silly audit   '@babel/code-frame': [ '7.27.1' ],
2487 silly audit   '@babel/generator': [ '7.28.5' ],
2487 silly audit   '@babel/helper-compilation-targets': [ '7.27.2' ],
2487 silly audit   '@babel/helper-module-transforms': [ '7.28.3' ],
2487 silly audit   '@babel/helpers': [ '7.28.4' ],
2487 silly audit   '@babel/template': [ '7.27.2' ],
2487 silly audit   '@babel/traverse': [ '7.28.5' ],
2487 silly audit   'convert-source-map': [ '2.0.0' ],
2487 silly audit   gensync: [ '1.0.0-beta.2' ],
2487 silly audit   json5: [ '2.2.3', '1.0.2' ],
2487 silly audit   'js-tokens': [ '4.0.0' ],
2487 silly audit   picocolors: [ '1.1.1' ],
2487 silly audit   jsesc: [ '3.1.0' ],
2487 silly audit   '@babel/compat-data': [ '7.28.5' ],
2487 silly audit   '@babel/helper-validator-option': [ '7.27.1' ],
2487 silly audit   browserslist: [ '4.28.1' ],
2487 silly audit   'lru-cache': [ '5.1.1' ],
2487 silly audit   '@babel/helper-module-imports': [ '7.27.1' ],
2487 silly audit   '@babel/helper-globals': [ '7.28.0' ],
2487 silly audit   'baseline-browser-mapping': [ '2.9.11' ],
2487 silly audit   'caniuse-lite': [ '1.0.30001761' ],
2487 silly audit   'electron-to-chromium': [ '1.5.267' ],
2487 silly audit   'node-releases': [ '2.0.27' ],
2487 silly audit   'update-browserslist-db': [ '1.2.3' ],
2487 silly audit   esrecurse: [ '4.3.0' ],
2487 silly audit   acorn: [ '8.15.0' ],
2487 silly audit   'acorn-jsx': [ '5.3.2' ],
2487 silly audit   '@nodelib/fs.stat': [ '2.0.5' ],
2487 silly audit   '@nodelib/fs.walk': [ '1.2.8' ],
2487 silly audit   merge2: [ '1.4.1' ],
2487 silly audit   micromatch: [ '4.0.8' ],
2487 silly audit   '@nodelib/fs.scandir': [ '2.1.5' ],
2487 silly audit   fastq: [ '1.19.1' ],
2487 silly audit   'run-parallel': [ '1.2.0' ],
2487 silly audit   reusify: [ '1.1.0' ],
2487 silly audit   'flat-cache': [ '4.0.1' ],
2487 silly audit   'locate-path': [ '6.0.0' ],
2487 silly audit   'path-exists': [ '4.0.0' ],
2487 silly audit   flatted: [ '3.3.3' ],
2487 silly audit   keyv: [ '4.5.4' ],
2487 silly audit   'functions-have-names': [ '1.2.3' ],
2487 silly audit   'dunder-proto': [ '1.0.1' ],
2487 silly audit   'resolve-pkg-maps': [ '1.0.0' ],
2487 silly audit   'hermes-estree': [ '0.25.1' ],
2487 silly audit   'parent-module': [ '1.0.1' ],
2487 silly audit   'resolve-from': [ '4.0.0' ],
2487 silly audit   'side-channel': [ '1.1.0' ],
2487 silly audit   'is-extglob': [ '2.1.1' ],
2487 silly audit   'set-function-name': [ '2.0.2' ],
2487 silly audit   argparse: [ '2.0.1' ],
2487 silly audit   'json-buffer': [ '3.0.1' ],
2487 silly audit   'language-subtag-registry': [ '0.3.23' ],
2487 silly audit   'prelude-ls': [ '1.2.1' ],
2487 silly audit   'type-check': [ '0.4.0' ],
2487 silly audit   'detect-libc': [ '2.1.2' ],
2487 silly audit   'lightningcss-android-arm64': [ '1.30.2' ],
2487 silly audit   'lightningcss-darwin-arm64': [ '1.30.2' ],
2487 silly audit   'lightningcss-darwin-x64': [ '1.30.2' ],
2487 silly audit   'lightningcss-freebsd-x64': [ '1.30.2' ],
2487 silly audit   'lightningcss-linux-arm-gnueabihf': [ '1.30.2' ],
2487 silly audit   'lightningcss-linux-arm64-gnu': [ '1.30.2' ],
2487 silly audit   'lightningcss-linux-arm64-musl': [ '1.30.2' ],
2487 silly audit   'lightningcss-linux-x64-gnu': [ '1.30.2' ],
2487 silly audit   'lightningcss-linux-x64-musl': [ '1.30.2' ],
2487 silly audit   'lightningcss-win32-arm64-msvc': [ '1.30.2' ],
2487 silly audit   'lightningcss-win32-x64-msvc': [ '1.30.2' ],
2487 silly audit   'p-locate': [ '5.0.0' ],
2487 silly audit   yallist: [ '3.1.1' ],
2487 silly audit   braces: [ '3.0.3' ],
2487 silly audit   picomatch: [ '2.3.1', '4.0.3' ],
2487 silly audit   'fill-range': [ '7.1.1' ],
2487 silly audit   'to-regex-range': [ '5.0.1' ],
2487 silly audit   'brace-expansion': [ '1.1.12', '2.0.2' ],
2487 silly audit   'balanced-match': [ '1.0.2' ],
2487 silly audit   'concat-map': [ '0.0.1' ],
2487 silly audit   '@next/env': [ '16.1.0' ],
2487 silly audit   '@next/swc-darwin-arm64': [ '16.1.0' ],
2487 silly audit   '@next/swc-darwin-x64': [ '16.1.0' ],
2487 silly audit   '@next/swc-linux-arm64-gnu': [ '16.1.0' ],
2487 silly audit   '@next/swc-linux-arm64-musl': [ '16.1.0' ],
2487 silly audit   '@next/swc-linux-x64-gnu': [ '16.1.0' ],
2487 silly audit   '@next/swc-linux-x64-musl': [ '16.1.0' ],
2487 silly audit   '@next/swc-win32-arm64-msvc': [ '16.1.0' ],
2487 silly audit   '@next/swc-win32-x64-msvc': [ '16.1.0' ],
2487 silly audit   '@swc/helpers': [ '0.5.15' ],
2487 silly audit   sharp: [ '0.34.5' ],
2487 silly audit   'styled-jsx': [ '5.1.6' ],
2487 silly audit   tslib: [ '2.8.1' ],
2487 silly audit   'deep-is': [ '0.1.4' ],
2487 silly audit   'fast-levenshtein': [ '2.0.6' ],
2487 silly audit   'word-wrap': [ '1.2.5' ],
2487 silly audit   'p-limit': [ '3.1.0' ],
2487 silly audit   'yocto-queue': [ '0.1.0' ],
2487 silly audit   callsites: [ '3.1.0' ],
2487 silly audit   nanoid: [ '3.3.11' ],
2487 silly audit   'loose-envify': [ '1.4.0' ],
2487 silly audit   'object-assign': [ '4.1.1' ],
2487 silly audit   'react-is': [ '16.13.1' ],
2487 silly audit   scheduler: [ '0.27.0' ],
2487 silly audit   'path-parse': [ '1.0.7' ],
2487 silly audit   'supports-preserve-symlinks-flag': [ '1.0.0' ],
2487 silly audit   'queue-microtask': [ '1.2.3' ],
2487 silly audit   isarray: [ '2.0.5' ],
2487 silly audit   '@img/colour': [ '1.0.0' ],
2487 silly audit   '@img/sharp-darwin-arm64': [ '0.34.5' ],
2487 silly audit   '@img/sharp-darwin-x64': [ '0.34.5' ],
2487 silly audit   '@img/sharp-libvips-darwin-arm64': [ '1.2.4' ],
2487 silly audit   '@img/sharp-libvips-darwin-x64': [ '1.2.4' ],
2487 silly audit   '@img/sharp-libvips-linux-arm': [ '1.2.4' ],
2487 silly audit   '@img/sharp-libvips-linux-arm64': [ '1.2.4' ],
2487 silly audit   '@img/sharp-libvips-linux-ppc64': [ '1.2.4' ],
2487 silly audit   '@img/sharp-libvips-linux-riscv64': [ '1.2.4' ],
2487 silly audit   '@img/sharp-libvips-linux-s390x': [ '1.2.4' ],
2487 silly audit   '@img/sharp-libvips-linux-x64': [ '1.2.4' ],
2487 silly audit   '@img/sharp-libvips-linuxmusl-arm64': [ '1.2.4' ],
2487 silly audit   '@img/sharp-libvips-linuxmusl-x64': [ '1.2.4' ],
2487 silly audit   '@img/sharp-linux-arm': [ '0.34.5' ],
2487 silly audit   '@img/sharp-linux-arm64': [ '0.34.5' ],
2487 silly audit   '@img/sharp-linux-ppc64': [ '0.34.5' ],
2487 silly audit   '@img/sharp-linux-riscv64': [ '0.34.5' ],
2487 silly audit   '@img/sharp-linux-s390x': [ '0.34.5' ],
2487 silly audit   '@img/sharp-linux-x64': [ '0.34.5' ],
2487 silly audit   '@img/sharp-linuxmusl-arm64': [ '0.34.5' ],
2487 silly audit   '@img/sharp-linuxmusl-x64': [ '0.34.5' ],
2487 silly audit   '@img/sharp-wasm32': [ '0.34.5' ],
2487 silly audit   '@img/sharp-win32-arm64': [ '0.34.5' ],
2487 silly audit   '@img/sharp-win32-ia32': [ '0.34.5' ],
2487 silly audit   '@img/sharp-win32-x64': [ '0.34.5' ],
2487 silly audit   '@emnapi/runtime': [ '1.7.1' ],
2487 silly audit   'shebang-regex': [ '3.0.0' ],
2487 silly audit   'side-channel-list': [ '1.0.0' ],
2487 silly audit   'side-channel-map': [ '1.0.1' ],
2487 silly audit   'side-channel-weakmap': [ '1.0.2' ],
2487 silly audit   'client-only': [ '0.0.1' ],
2487 silly audit   'has-flag': [ '4.0.0' ],
2487 silly audit   fdir: [ '6.5.0' ],
2487 silly audit   'is-number': [ '7.0.0' ],
2487 silly audit   '@types/json5': [ '0.0.29' ],
2487 silly audit   minimist: [ '1.2.8' ],
2487 silly audit   'strip-bom': [ '3.0.0' ],
2487 silly audit   'for-each': [ '0.3.5' ],
2487 silly audit   'reflect.getprototypeof': [ '1.0.10' ],
2487 silly audit   'which-builtin-type': [ '1.2.1' ],
2487 silly audit   '@typescript-eslint/eslint-plugin': [ '8.50.0' ],
2487 silly audit   '@typescript-eslint/parser': [ '8.50.0' ],
2487 silly audit   '@typescript-eslint/typescript-estree': [ '8.50.0' ],
2487 silly audit   '@typescript-eslint/utils': [ '8.50.0' ],
2487 silly audit   '@typescript-eslint/scope-manager': [ '8.50.0' ],
2487 silly audit   '@typescript-eslint/type-utils': [ '8.50.0' ],
2487 silly audit   '@typescript-eslint/visitor-keys': [ '8.50.0' ],
2487 silly audit   'ts-api-utils': [ '2.1.0' ],
2487 silly audit   '@typescript-eslint/types': [ '8.50.0' ],
2487 silly audit   '@typescript-eslint/project-service': [ '8.50.0' ],
2487 silly audit   '@typescript-eslint/tsconfig-utils': [ '8.50.0' ],
2487 silly audit   'has-bigints': [ '1.1.0' ],
2487 silly audit   'which-boxed-primitive': [ '1.1.1' ],
2487 silly audit   '@unrs/resolver-binding-android-arm-eabi': [ '1.11.1' ],
2487 silly audit   '@unrs/resolver-binding-android-arm64': [ '1.11.1' ],
2487 silly audit   '@unrs/resolver-binding-darwin-arm64': [ '1.11.1' ],
2487 silly audit   '@unrs/resolver-binding-darwin-x64': [ '1.11.1' ],
2487 silly audit   '@unrs/resolver-binding-freebsd-x64': [ '1.11.1' ],
2487 silly audit   '@unrs/resolver-binding-linux-arm-gnueabihf': [ '1.11.1' ],
2487 silly audit   '@unrs/resolver-binding-linux-arm-musleabihf': [ '1.11.1' ],
2487 silly audit   '@unrs/resolver-binding-linux-arm64-gnu': [ '1.11.1' ],
2487 silly audit   '@unrs/resolver-binding-linux-arm64-musl': [ '1.11.1' ],
2487 silly audit   '@unrs/resolver-binding-linux-ppc64-gnu': [ '1.11.1' ],
2487 silly audit   '@unrs/resolver-binding-linux-riscv64-gnu': [ '1.11.1' ],
2487 silly audit   '@unrs/resolver-binding-linux-riscv64-musl': [ '1.11.1' ],
2487 silly audit   '@unrs/resolver-binding-linux-s390x-gnu': [ '1.11.1' ],
2487 silly audit   '@unrs/resolver-binding-linux-x64-gnu': [ '1.11.1' ],
2487 silly audit   '@unrs/resolver-binding-linux-x64-musl': [ '1.11.1' ],
2487 silly audit   '@unrs/resolver-binding-wasm32-wasi': [ '1.11.1' ],
2487 silly audit   '@unrs/resolver-binding-win32-arm64-msvc': [ '1.11.1' ],
2487 silly audit   '@unrs/resolver-binding-win32-ia32-msvc': [ '1.11.1' ],
2487 silly audit   '@unrs/resolver-binding-win32-x64-msvc': [ '1.11.1' ],
2487 silly audit   'napi-postinstall': [ '0.3.4' ],
2487 silly audit   '@napi-rs/wasm-runtime': [ '0.2.12' ],
2487 silly audit   '@emnapi/core': [ '1.7.1' ],
2487 silly audit   '@tybys/wasm-util': [ '0.10.1' ],
2487 silly audit   '@emnapi/wasi-threads': [ '1.1.0' ],
2487 silly audit   escalade: [ '3.2.0' ],
2487 silly audit   punycode: [ '2.3.1' ],
2487 silly audit   isexe: [ '2.0.0' ],
2487 silly audit   'is-bigint': [ '1.1.0' ],
2487 silly audit   'is-boolean-object': [ '1.2.2' ],
2487 silly audit   'is-number-object': [ '1.1.1' ],
2487 silly audit   'is-async-function': [ '2.1.1' ],
2487 silly audit   'is-finalizationregistry': [ '1.1.1' ],
2487 silly audit   'is-generator-function': [ '1.1.2' ],
2487 silly audit   'which-collection': [ '1.0.2' ],
2487 silly audit   'async-function': [ '1.0.0' ],
2487 silly audit   'generator-function': [ '2.0.1' ],
2487 silly audit   'is-map': [ '2.0.3' ],
2487 silly audit   'is-weakmap': [ '2.0.2' ],
2487 silly audit   'is-weakset': [ '2.0.4' ],
2487 silly audit   '@tailwindcss/oxide-wasm32-wasi': [ '4.1.18' ]
2487 silly audit }
2488 verbose reify failed optional dependency D:\Mini_Project\career-automate-admin\node_modules\@unrs\resolver-binding-win32-ia32-msvc
2489 silly reify mark deleted [
2489 silly reify   'D:\\Mini_Project\\career-automate-admin\\node_modules\\@unrs\\resolver-binding-win32-ia32-msvc'
2489 silly reify ]
2490 verbose reify failed optional dependency D:\Mini_Project\career-automate-admin\node_modules\@unrs\resolver-binding-win32-arm64-msvc
2491 silly reify mark deleted [
2491 silly reify   'D:\\Mini_Project\\career-automate-admin\\node_modules\\@unrs\\resolver-binding-win32-arm64-msvc'
2491 silly reify ]
2492 verbose reify failed optional dependency D:\Mini_Project\career-automate-admin\node_modules\@unrs\resolver-binding-wasm32-wasi
2493 silly reify mark deleted [
2493 silly reify   'D:\\Mini_Project\\career-automate-admin\\node_modules\\@unrs\\resolver-binding-wasm32-wasi'
2493 silly reify ]
2494 verbose reify failed optional dependency D:\Mini_Project\career-automate-admin\node_modules\@unrs\resolver-binding-linux-x64-musl
2495 silly reify mark deleted [
2495 silly reify   'D:\\Mini_Project\\career-automate-admin\\node_modules\\@unrs\\resolver-binding-linux-x64-musl'
2495 silly reify ]
2496 verbose reify failed optional dependency D:\Mini_Project\career-automate-admin\node_modules\@unrs\resolver-binding-linux-x64-gnu
2497 silly reify mark deleted [
2497 silly reify   'D:\\Mini_Project\\career-automate-admin\\node_modules\\@unrs\\resolver-binding-linux-x64-gnu'
2497 silly reify ]
2498 verbose reify failed optional dependency D:\Mini_Project\career-automate-admin\node_modules\@unrs\resolver-binding-linux-s390x-gnu
2499 silly reify mark deleted [
2499 silly reify   'D:\\Mini_Project\\career-automate-admin\\node_modules\\@unrs\\resolver-binding-linux-s390x-gnu'
2499 silly reify ]
2500 verbose reify failed optional dependency D:\Mini_Project\career-automate-admin\node_modules\@unrs\resolver-binding-linux-riscv64-musl
2501 silly reify mark deleted [
2501 silly reify   'D:\\Mini_Project\\career-automate-admin\\node_modules\\@unrs\\resolver-binding-linux-riscv64-musl'
2501 silly reify ]
2502 verbose reify failed optional dependency D:\Mini_Project\career-automate-admin\node_modules\@unrs\resolver-binding-linux-riscv64-gnu
2503 silly reify mark deleted [
2503 silly reify   'D:\\Mini_Project\\career-automate-admin\\node_modules\\@unrs\\resolver-binding-linux-riscv64-gnu'
2503 silly reify ]
2504 verbose reify failed optional dependency D:\Mini_Project\career-automate-admin\node_modules\@unrs\resolver-binding-linux-ppc64-gnu
2505 silly reify mark deleted [
2505 silly reify   'D:\\Mini_Project\\career-automate-admin\\node_modules\\@unrs\\resolver-binding-linux-ppc64-gnu'
2505 silly reify ]
2506 verbose reify failed optional dependency D:\Mini_Project\career-automate-admin\node_modules\@unrs\resolver-binding-linux-arm64-musl
2507 silly reify mark deleted [
2507 silly reify   'D:\\Mini_Project\\career-automate-admin\\node_modules\\@unrs\\resolver-binding-linux-arm64-musl'
2507 silly reify ]
2508 verbose reify failed optional dependency D:\Mini_Project\career-automate-admin\node_modules\@unrs\resolver-binding-linux-arm64-gnu
2509 silly reify mark deleted [
2509 silly reify   'D:\\Mini_Project\\career-automate-admin\\node_modules\\@unrs\\resolver-binding-linux-arm64-gnu'
2509 silly reify ]
2510 verbose reify failed optional dependency D:\Mini_Project\career-automate-admin\node_modules\@unrs\resolver-binding-linux-arm-musleabihf
2511 silly reify mark deleted [
2511 silly reify   'D:\\Mini_Project\\career-automate-admin\\node_modules\\@unrs\\resolver-binding-linux-arm-musleabihf'
2511 silly reify ]
2512 verbose reify failed optional dependency D:\Mini_Project\career-automate-admin\node_modules\@unrs\resolver-binding-linux-arm-gnueabihf
2513 silly reify mark deleted [
2513 silly reify   'D:\\Mini_Project\\career-automate-admin\\node_modules\\@unrs\\resolver-binding-linux-arm-gnueabihf'
2513 silly reify ]
2514 verbose reify failed optional dependency D:\Mini_Project\career-automate-admin\node_modules\@unrs\resolver-binding-freebsd-x64
2515 silly reify mark deleted [
2515 silly reify   'D:\\Mini_Project\\career-automate-admin\\node_modules\\@unrs\\resolver-binding-freebsd-x64'
2515 silly reify ]
2516 verbose reify failed optional dependency D:\Mini_Project\career-automate-admin\node_modules\@unrs\resolver-binding-darwin-x64
2517 silly reify mark deleted [
2517 silly reify   'D:\\Mini_Project\\career-automate-admin\\node_modules\\@unrs\\resolver-binding-darwin-x64'
2517 silly reify ]
2518 verbose reify failed optional dependency D:\Mini_Project\career-automate-admin\node_modules\@unrs\resolver-binding-darwin-arm64
2519 silly reify mark deleted [
2519 silly reify   'D:\\Mini_Project\\career-automate-admin\\node_modules\\@unrs\\resolver-binding-darwin-arm64'
2519 silly reify ]
2520 verbose reify failed optional dependency D:\Mini_Project\career-automate-admin\node_modules\@unrs\resolver-binding-android-arm64
2521 silly reify mark deleted [
2521 silly reify   'D:\\Mini_Project\\career-automate-admin\\node_modules\\@unrs\\resolver-binding-android-arm64'
2521 silly reify ]
2522 verbose reify failed optional dependency D:\Mini_Project\career-automate-admin\node_modules\@unrs\resolver-binding-android-arm-eabi
2523 silly reify mark deleted [
2523 silly reify   'D:\\Mini_Project\\career-automate-admin\\node_modules\\@unrs\\resolver-binding-android-arm-eabi'
2523 silly reify ]
2524 verbose reify failed optional dependency D:\Mini_Project\career-automate-admin\node_modules\@img\sharp-win32-ia32
2525 silly reify mark deleted [
2525 silly reify   'D:\\Mini_Project\\career-automate-admin\\node_modules\\@img\\sharp-win32-ia32'
2525 silly reify ]
2526 verbose reify failed optional dependency D:\Mini_Project\career-automate-admin\node_modules\@img\sharp-win32-arm64
2527 silly reify mark deleted [
2527 silly reify   'D:\\Mini_Project\\career-automate-admin\\node_modules\\@img\\sharp-win32-arm64'
2527 silly reify ]
2528 verbose reify failed optional dependency D:\Mini_Project\career-automate-admin\node_modules\@img\sharp-wasm32
2529 silly reify mark deleted [
2529 silly reify   'D:\\Mini_Project\\career-automate-admin\\node_modules\\@img\\sharp-wasm32'
2529 silly reify ]
2530 verbose reify failed optional dependency D:\Mini_Project\career-automate-admin\node_modules\@img\sharp-linuxmusl-x64
2531 silly reify mark deleted [
2531 silly reify   'D:\\Mini_Project\\career-automate-admin\\node_modules\\@img\\sharp-linuxmusl-x64'
2531 silly reify ]
2532 verbose reify failed optional dependency D:\Mini_Project\career-automate-admin\node_modules\@img\sharp-linuxmusl-arm64
2533 silly reify mark deleted [
2533 silly reify   'D:\\Mini_Project\\career-automate-admin\\node_modules\\@img\\sharp-linuxmusl-arm64'
2533 silly reify ]
2534 verbose reify failed optional dependency D:\Mini_Project\career-automate-admin\node_modules\@img\sharp-linux-x64
2535 silly reify mark deleted [
2535 silly reify   'D:\\Mini_Project\\career-automate-admin\\node_modules\\@img\\sharp-linux-x64'
2535 silly reify ]
2536 verbose reify failed optional dependency D:\Mini_Project\career-automate-admin\node_modules\@img\sharp-linux-s390x
2537 silly reify mark deleted [
2537 silly reify   'D:\\Mini_Project\\career-automate-admin\\node_modules\\@img\\sharp-linux-s390x'
2537 silly reify ]
2538 verbose reify failed optional dependency D:\Mini_Project\career-automate-admin\node_modules\@img\sharp-linux-riscv64
2539 silly reify mark deleted [
2539 silly reify   'D:\\Mini_Project\\career-automate-admin\\node_modules\\@img\\sharp-linux-riscv64'
2539 silly reify ]
2540 verbose reify failed optional dependency D:\Mini_Project\career-automate-admin\node_modules\@img\sharp-linux-ppc64
2541 silly reify mark deleted [
2541 silly reify   'D:\\Mini_Project\\career-automate-admin\\node_modules\\@img\\sharp-linux-ppc64'
2541 silly reify ]
2542 verbose reify failed optional dependency D:\Mini_Project\career-automate-admin\node_modules\@img\sharp-linux-arm64
2543 silly reify mark deleted [
2543 silly reify   'D:\\Mini_Project\\career-automate-admin\\node_modules\\@img\\sharp-linux-arm64'
2543 silly reify ]
2544 verbose reify failed optional dependency D:\Mini_Project\career-automate-admin\node_modules\@img\sharp-linux-arm
2545 silly reify mark deleted [
2545 silly reify   'D:\\Mini_Project\\career-automate-admin\\node_modules\\@img\\sharp-linux-arm'
2545 silly reify ]
2546 verbose reify failed optional dependency D:\Mini_Project\career-automate-admin\node_modules\@img\sharp-libvips-linuxmusl-x64
2547 silly reify mark deleted [
2547 silly reify   'D:\\Mini_Project\\career-automate-admin\\node_modules\\@img\\sharp-libvips-linuxmusl-x64'
2547 silly reify ]
2548 verbose reify failed optional dependency D:\Mini_Project\career-automate-admin\node_modules\@img\sharp-libvips-linuxmusl-arm64
2549 silly reify mark deleted [
2549 silly reify   'D:\\Mini_Project\\career-automate-admin\\node_modules\\@img\\sharp-libvips-linuxmusl-arm64'
2549 silly reify ]
2550 verbose reify failed optional dependency D:\Mini_Project\career-automate-admin\node_modules\@img\sharp-libvips-linux-x64
2551 silly reify mark deleted [
2551 silly reify   'D:\\Mini_Project\\career-automate-admin\\node_modules\\@img\\sharp-libvips-linux-x64'
2551 silly reify ]
2552 verbose reify failed optional dependency D:\Mini_Project\career-automate-admin\node_modules\@img\sharp-libvips-linux-s390x
2553 silly reify mark deleted [
2553 silly reify   'D:\\Mini_Project\\career-automate-admin\\node_modules\\@img\\sharp-libvips-linux-s390x'
2553 silly reify ]
2554 verbose reify failed optional dependency D:\Mini_Project\career-automate-admin\node_modules\@img\sharp-libvips-linux-riscv64
2555 silly reify mark deleted [
2555 silly reify   'D:\\Mini_Project\\career-automate-admin\\node_modules\\@img\\sharp-libvips-linux-riscv64'
2555 silly reify ]
2556 verbose reify failed optional dependency D:\Mini_Project\career-automate-admin\node_modules\@img\sharp-libvips-linux-ppc64
2557 silly reify mark deleted [
2557 silly reify   'D:\\Mini_Project\\career-automate-admin\\node_modules\\@img\\sharp-libvips-linux-ppc64'
2557 silly reify ]
2558 verbose reify failed optional dependency D:\Mini_Project\career-automate-admin\node_modules\@img\sharp-libvips-linux-arm64
2559 silly reify mark deleted [
2559 silly reify   'D:\\Mini_Project\\career-automate-admin\\node_modules\\@img\\sharp-libvips-linux-arm64'
2559 silly reify ]
2560 verbose reify failed optional dependency D:\Mini_Project\career-automate-admin\node_modules\@img\sharp-libvips-linux-arm
2561 silly reify mark deleted [
2561 silly reify   'D:\\Mini_Project\\career-automate-admin\\node_modules\\@img\\sharp-libvips-linux-arm'
2561 silly reify ]
2562 verbose reify failed optional dependency D:\Mini_Project\career-automate-admin\node_modules\@img\sharp-libvips-darwin-x64
2563 silly reify mark deleted [
2563 silly reify   'D:\\Mini_Project\\career-automate-admin\\node_modules\\@img\\sharp-libvips-darwin-x64'
2563 silly reify ]
2564 verbose reify failed optional dependency D:\Mini_Project\career-automate-admin\node_modules\@img\sharp-libvips-darwin-arm64
2565 silly reify mark deleted [
2565 silly reify   'D:\\Mini_Project\\career-automate-admin\\node_modules\\@img\\sharp-libvips-darwin-arm64'
2565 silly reify ]
2566 verbose reify failed optional dependency D:\Mini_Project\career-automate-admin\node_modules\@img\sharp-darwin-x64
2567 silly reify mark deleted [
2567 silly reify   'D:\\Mini_Project\\career-automate-admin\\node_modules\\@img\\sharp-darwin-x64'
2567 silly reify ]
2568 verbose reify failed optional dependency D:\Mini_Project\career-automate-admin\node_modules\@img\sharp-darwin-arm64
2569 silly reify mark deleted [
2569 silly reify   'D:\\Mini_Project\\career-automate-admin\\node_modules\\@img\\sharp-darwin-arm64'
2569 silly reify ]
2570 verbose reify failed optional dependency D:\Mini_Project\career-automate-admin\node_modules\@next\swc-win32-arm64-msvc
2571 silly reify mark deleted [
2571 silly reify   'D:\\Mini_Project\\career-automate-admin\\node_modules\\@next\\swc-win32-arm64-msvc'
2571 silly reify ]
2572 verbose reify failed optional dependency D:\Mini_Project\career-automate-admin\node_modules\@next\swc-linux-x64-musl
2573 silly reify mark deleted [
2573 silly reify   'D:\\Mini_Project\\career-automate-admin\\node_modules\\@next\\swc-linux-x64-musl'
2573 silly reify ]
2574 verbose reify failed optional dependency D:\Mini_Project\career-automate-admin\node_modules\@next\swc-linux-x64-gnu
2575 silly reify mark deleted [
2575 silly reify   'D:\\Mini_Project\\career-automate-admin\\node_modules\\@next\\swc-linux-x64-gnu'
2575 silly reify ]
2576 verbose reify failed optional dependency D:\Mini_Project\career-automate-admin\node_modules\@next\swc-linux-arm64-musl
2577 silly reify mark deleted [
2577 silly reify   'D:\\Mini_Project\\career-automate-admin\\node_modules\\@next\\swc-linux-arm64-musl'
2577 silly reify ]
2578 verbose reify failed optional dependency D:\Mini_Project\career-automate-admin\node_modules\@next\swc-linux-arm64-gnu
2579 silly reify mark deleted [
2579 silly reify   'D:\\Mini_Project\\career-automate-admin\\node_modules\\@next\\swc-linux-arm64-gnu'
2579 silly reify ]
2580 verbose reify failed optional dependency D:\Mini_Project\career-automate-admin\node_modules\@next\swc-darwin-x64
2581 silly reify mark deleted [
2581 silly reify   'D:\\Mini_Project\\career-automate-admin\\node_modules\\@next\\swc-darwin-x64'
2581 silly reify ]
2582 verbose reify failed optional dependency D:\Mini_Project\career-automate-admin\node_modules\@next\swc-darwin-arm64
2583 silly reify mark deleted [
2583 silly reify   'D:\\Mini_Project\\career-automate-admin\\node_modules\\@next\\swc-darwin-arm64'
2583 silly reify ]
2584 verbose reify failed optional dependency D:\Mini_Project\career-automate-admin\node_modules\lightningcss-win32-arm64-msvc
2585 silly reify mark deleted [
2585 silly reify   'D:\\Mini_Project\\career-automate-admin\\node_modules\\lightningcss-win32-arm64-msvc'
2585 silly reify ]
2586 verbose reify failed optional dependency D:\Mini_Project\career-automate-admin\node_modules\lightningcss-linux-x64-musl
2587 silly reify mark deleted [
2587 silly reify   'D:\\Mini_Project\\career-automate-admin\\node_modules\\lightningcss-linux-x64-musl'
2587 silly reify ]
2588 verbose reify failed optional dependency D:\Mini_Project\career-automate-admin\node_modules\lightningcss-linux-x64-gnu
2589 silly reify mark deleted [
2589 silly reify   'D:\\Mini_Project\\career-automate-admin\\node_modules\\lightningcss-linux-x64-gnu'
2589 silly reify ]
2590 verbose reify failed optional dependency D:\Mini_Project\career-automate-admin\node_modules\lightningcss-linux-arm64-musl
2591 silly reify mark deleted [
2591 silly reify   'D:\\Mini_Project\\career-automate-admin\\node_modules\\lightningcss-linux-arm64-musl'
2591 silly reify ]
2592 verbose reify failed optional dependency D:\Mini_Project\career-automate-admin\node_modules\lightningcss-linux-arm64-gnu
2593 silly reify mark deleted [
2593 silly reify   'D:\\Mini_Project\\career-automate-admin\\node_modules\\lightningcss-linux-arm64-gnu'
2593 silly reify ]
2594 verbose reify failed optional dependency D:\Mini_Project\career-automate-admin\node_modules\lightningcss-linux-arm-gnueabihf
2595 silly reify mark deleted [
2595 silly reify   'D:\\Mini_Project\\career-automate-admin\\node_modules\\lightningcss-linux-arm-gnueabihf'
2595 silly reify ]
2596 verbose reify failed optional dependency D:\Mini_Project\career-automate-admin\node_modules\lightningcss-freebsd-x64
2597 silly reify mark deleted [
2597 silly reify   'D:\\Mini_Project\\career-automate-admin\\node_modules\\lightningcss-freebsd-x64'
2597 silly reify ]
2598 verbose reify failed optional dependency D:\Mini_Project\career-automate-admin\node_modules\lightningcss-darwin-x64
2599 silly reify mark deleted [
2599 silly reify   'D:\\Mini_Project\\career-automate-admin\\node_modules\\lightningcss-darwin-x64'
2599 silly reify ]
2600 verbose reify failed optional dependency D:\Mini_Project\career-automate-admin\node_modules\lightningcss-darwin-arm64
2601 silly reify mark deleted [
2601 silly reify   'D:\\Mini_Project\\career-automate-admin\\node_modules\\lightningcss-darwin-arm64'
2601 silly reify ]
2602 verbose reify failed optional dependency D:\Mini_Project\career-automate-admin\node_modules\lightningcss-android-arm64
2603 silly reify mark deleted [
2603 silly reify   'D:\\Mini_Project\\career-automate-admin\\node_modules\\lightningcss-android-arm64'
2603 silly reify ]
2604 verbose reify failed optional dependency D:\Mini_Project\career-automate-admin\node_modules\@tailwindcss\oxide-win32-arm64-msvc
2605 silly reify mark deleted [
2605 silly reify   'D:\\Mini_Project\\career-automate-admin\\node_modules\\@tailwindcss\\oxide-win32-arm64-msvc'
2605 silly reify ]
2606 verbose reify failed optional dependency D:\Mini_Project\career-automate-admin\node_modules\@tailwindcss\oxide-linux-x64-musl
2607 silly reify mark deleted [
2607 silly reify   'D:\\Mini_Project\\career-automate-admin\\node_modules\\@tailwindcss\\oxide-linux-x64-musl'
2607 silly reify ]
2608 verbose reify failed optional dependency D:\Mini_Project\career-automate-admin\node_modules\@tailwindcss\oxide-linux-x64-gnu
2609 silly reify mark deleted [
2609 silly reify   'D:\\Mini_Project\\career-automate-admin\\node_modules\\@tailwindcss\\oxide-linux-x64-gnu'
2609 silly reify ]
2610 verbose reify failed optional dependency D:\Mini_Project\career-automate-admin\node_modules\@tailwindcss\oxide-linux-arm64-musl
2611 silly reify mark deleted [
2611 silly reify   'D:\\Mini_Project\\career-automate-admin\\node_modules\\@tailwindcss\\oxide-linux-arm64-musl'
2611 silly reify ]
2612 verbose reify failed optional dependency D:\Mini_Project\career-automate-admin\node_modules\@tailwindcss\oxide-linux-arm64-gnu
2613 silly reify mark deleted [
2613 silly reify   'D:\\Mini_Project\\career-automate-admin\\node_modules\\@tailwindcss\\oxide-linux-arm64-gnu'
2613 silly reify ]
2614 verbose reify failed optional dependency D:\Mini_Project\career-automate-admin\node_modules\@tailwindcss\oxide-linux-arm-gnueabihf
2615 silly reify mark deleted [
2615 silly reify   'D:\\Mini_Project\\career-automate-admin\\node_modules\\@tailwindcss\\oxide-linux-arm-gnueabihf'
2615 silly reify ]
2616 verbose reify failed optional dependency D:\Mini_Project\career-automate-admin\node_modules\@tailwindcss\oxide-freebsd-x64
2617 silly reify mark deleted [
2617 silly reify   'D:\\Mini_Project\\career-automate-admin\\node_modules\\@tailwindcss\\oxide-freebsd-x64'
2617 silly reify ]
2618 verbose reify failed optional dependency D:\Mini_Project\career-automate-admin\node_modules\@tailwindcss\oxide-darwin-x64
2619 silly reify mark deleted [
2619 silly reify   'D:\\Mini_Project\\career-automate-admin\\node_modules\\@tailwindcss\\oxide-darwin-x64'
2619 silly reify ]
2620 verbose reify failed optional dependency D:\Mini_Project\career-automate-admin\node_modules\@tailwindcss\oxide-darwin-arm64
2621 silly reify mark deleted [
2621 silly reify   'D:\\Mini_Project\\career-automate-admin\\node_modules\\@tailwindcss\\oxide-darwin-arm64'
2621 silly reify ]
2622 verbose reify failed optional dependency D:\Mini_Project\career-automate-admin\node_modules\@tailwindcss\oxide-android-arm64
2623 silly reify mark deleted [
2623 silly reify   'D:\\Mini_Project\\career-automate-admin\\node_modules\\@tailwindcss\\oxide-android-arm64'
2623 silly reify ]
2624 http cache is-weakset@https://registry.npmjs.org/is-weakset/-/is-weakset-2.0.4.tgz 0ms (cache hit)
2625 http cache is-weakmap@https://registry.npmjs.org/is-weakmap/-/is-weakmap-2.0.2.tgz 0ms (cache hit)
2626 http cache generator-function@https://registry.npmjs.org/generator-function/-/generator-function-2.0.1.tgz 0ms (cache hit)
2627 http cache is-map@https://registry.npmjs.org/is-map/-/is-map-2.0.3.tgz 0ms (cache hit)
2628 http cache which-collection@https://registry.npmjs.org/which-collection/-/which-collection-1.0.2.tgz 0ms (cache hit)
2629 http cache is-generator-function@https://registry.npmjs.org/is-generator-function/-/is-generator-function-1.1.2.tgz 0ms (cache hit)
2630 http cache is-finalizationregistry@https://registry.npmjs.org/is-finalizationregistry/-/is-finalizationregistry-1.1.1.tgz 0ms (cache hit)
2631 http cache async-function@https://registry.npmjs.org/async-function/-/async-function-1.0.0.tgz 0ms (cache hit)
2632 http cache is-async-function@https://registry.npmjs.org/is-async-function/-/is-async-function-2.1.1.tgz 0ms (cache hit)
2633 http cache is-number-object@https://registry.npmjs.org/is-number-object/-/is-number-object-1.1.1.tgz 0ms (cache hit)
2634 http cache is-boolean-object@https://registry.npmjs.org/is-boolean-object/-/is-boolean-object-1.2.2.tgz 0ms (cache hit)
2635 http cache is-bigint@https://registry.npmjs.org/is-bigint/-/is-bigint-1.1.0.tgz 0ms (cache hit)
2636 http cache isexe@https://registry.npmjs.org/isexe/-/isexe-2.0.0.tgz 0ms (cache hit)
2637 http cache @emnapi/wasi-threads@https://registry.npmjs.org/@emnapi/wasi-threads/-/wasi-threads-1.1.0.tgz 0ms (cache hit)
2638 http cache @emnapi/core@https://registry.npmjs.org/@emnapi/core/-/core-1.7.1.tgz 0ms (cache hit)
2639 http cache @tybys/wasm-util@https://registry.npmjs.org/@tybys/wasm-util/-/wasm-util-0.10.1.tgz 0ms (cache hit)
2640 http cache @napi-rs/wasm-runtime@https://registry.npmjs.org/@napi-rs/wasm-runtime/-/wasm-runtime-0.2.12.tgz 0ms (cache hit)
2641 http cache punycode@https://registry.npmjs.org/punycode/-/punycode-2.3.1.tgz 0ms (cache hit)
2642 http cache @unrs/resolver-binding-win32-x64-msvc@https://registry.npmjs.org/@unrs/resolver-binding-win32-x64-msvc/-/resolver-binding-win32-x64-msvc-1.11.1.tgz 0ms (cache hit)
2643 http cache escalade@https://registry.npmjs.org/escalade/-/escalade-3.2.0.tgz 0ms (cache hit)
2644 http cache @typescript-eslint/tsconfig-utils@https://registry.npmjs.org/@typescript-eslint/tsconfig-utils/-/tsconfig-utils-8.50.0.tgz 0ms (cache hit)
2645 http cache @typescript-eslint/project-service@https://registry.npmjs.org/@typescript-eslint/project-service/-/project-service-8.50.0.tgz 0ms (cache hit)
2646 http cache napi-postinstall@https://registry.npmjs.org/napi-postinstall/-/napi-postinstall-0.3.4.tgz 0ms (cache hit)
2647 http cache which-boxed-primitive@https://registry.npmjs.org/which-boxed-primitive/-/which-boxed-primitive-1.1.1.tgz 0ms (cache hit)
2648 http cache has-bigints@https://registry.npmjs.org/has-bigints/-/has-bigints-1.1.0.tgz 0ms (cache hit)
2649 http cache @typescript-eslint/types@https://registry.npmjs.org/@typescript-eslint/types/-/types-8.50.0.tgz 0ms (cache hit)
2650 http cache ts-api-utils@https://registry.npmjs.org/ts-api-utils/-/ts-api-utils-2.1.0.tgz 0ms (cache hit)
2651 http cache @typescript-eslint/type-utils@https://registry.npmjs.org/@typescript-eslint/type-utils/-/type-utils-8.50.0.tgz 0ms (cache hit)
2652 http cache @typescript-eslint/visitor-keys@https://registry.npmjs.org/@typescript-eslint/visitor-keys/-/visitor-keys-8.50.0.tgz 0ms (cache hit)
2653 http cache @typescript-eslint/scope-manager@https://registry.npmjs.org/@typescript-eslint/scope-manager/-/scope-manager-8.50.0.tgz 0ms (cache hit)
2654 http cache @typescript-eslint/utils@https://registry.npmjs.org/@typescript-eslint/utils/-/utils-8.50.0.tgz 0ms (cache hit)
2655 http cache which-builtin-type@https://registry.npmjs.org/which-builtin-type/-/which-builtin-type-1.2.1.tgz 0ms (cache hit)
2656 http cache @typescript-eslint/parser@https://registry.npmjs.org/@typescript-eslint/parser/-/parser-8.50.0.tgz 0ms (cache hit)
2657 http cache @typescript-eslint/typescript-estree@https://registry.npmjs.org/@typescript-eslint/typescript-estree/-/typescript-estree-8.50.0.tgz 0ms (cache hit)
2658 http cache reflect.getprototypeof@https://registry.npmjs.org/reflect.getprototypeof/-/reflect.getprototypeof-1.0.10.tgz 0ms (cache hit)
2659 http cache for-each@https://registry.npmjs.org/for-each/-/for-each-0.3.5.tgz 0ms (cache hit)
2660 http cache strip-bom@https://registry.npmjs.org/strip-bom/-/strip-bom-3.0.0.tgz 0ms (cache hit)
2661 http cache @typescript-eslint/eslint-plugin@https://registry.npmjs.org/@typescript-eslint/eslint-plugin/-/eslint-plugin-8.50.0.tgz 0ms (cache hit)
2662 http cache @types/json5@https://registry.npmjs.org/@types/json5/-/json5-0.0.29.tgz 0ms (cache hit)
2663 http cache minimist@https://registry.npmjs.org/minimist/-/minimist-1.2.8.tgz 0ms (cache hit)
2664 http cache client-only@https://registry.npmjs.org/client-only/-/client-only-0.0.1.tgz 0ms (cache hit)
2665 http cache has-flag@https://registry.npmjs.org/has-flag/-/has-flag-4.0.0.tgz 0ms (cache hit)
2666 http cache is-number@https://registry.npmjs.org/is-number/-/is-number-7.0.0.tgz 0ms (cache hit)
2667 http cache @emnapi/runtime@https://registry.npmjs.org/@emnapi/runtime/-/runtime-1.7.1.tgz 0ms (cache hit)
2668 http cache side-channel-weakmap@https://registry.npmjs.org/side-channel-weakmap/-/side-channel-weakmap-1.0.2.tgz 0ms (cache hit)
2669 http cache side-channel-map@https://registry.npmjs.org/side-channel-map/-/side-channel-map-1.0.1.tgz 0ms (cache hit)
2670 http cache shebang-regex@https://registry.npmjs.org/shebang-regex/-/shebang-regex-3.0.0.tgz 0ms (cache hit)
2671 http cache side-channel-list@https://registry.npmjs.org/side-channel-list/-/side-channel-list-1.0.0.tgz 0ms (cache hit)
2672 http cache @img/sharp-win32-x64@https://registry.npmjs.org/@img/sharp-win32-x64/-/sharp-win32-x64-0.34.5.tgz 0ms (cache hit)
2673 http cache @img/colour@https://registry.npmjs.org/@img/colour/-/colour-1.0.0.tgz 0ms (cache hit)
2674 http cache isarray@https://registry.npmjs.org/isarray/-/isarray-2.0.5.tgz 0ms (cache hit)
2675 http cache queue-microtask@https://registry.npmjs.org/queue-microtask/-/queue-microtask-1.2.3.tgz 0ms (cache hit)
2676 http cache supports-preserve-symlinks-flag@https://registry.npmjs.org/supports-preserve-symlinks-flag/-/supports-preserve-symlinks-flag-1.0.0.tgz 0ms (cache hit)
2677 http cache path-parse@https://registry.npmjs.org/path-parse/-/path-parse-1.0.7.tgz 0ms (cache hit)
2678 http cache scheduler@https://registry.npmjs.org/scheduler/-/scheduler-0.27.0.tgz 0ms (cache hit)
2679 http cache loose-envify@https://registry.npmjs.org/loose-envify/-/loose-envify-1.4.0.tgz 0ms (cache hit)
2680 http cache object-assign@https://registry.npmjs.org/object-assign/-/object-assign-4.1.1.tgz 0ms (cache hit)
2681 http cache react-is@https://registry.npmjs.org/react-is/-/react-is-16.13.1.tgz 0ms (cache hit)
2682 http cache nanoid@https://registry.npmjs.org/nanoid/-/nanoid-3.3.11.tgz 0ms (cache hit)
2683 http cache yocto-queue@https://registry.npmjs.org/yocto-queue/-/yocto-queue-0.1.0.tgz 0ms (cache hit)
2684 http cache callsites@https://registry.npmjs.org/callsites/-/callsites-3.1.0.tgz 0ms (cache hit)
2685 http cache p-limit@https://registry.npmjs.org/p-limit/-/p-limit-3.1.0.tgz 0ms (cache hit)
2686 http cache word-wrap@https://registry.npmjs.org/word-wrap/-/word-wrap-1.2.5.tgz 0ms (cache hit)
2687 http cache tslib@https://registry.npmjs.org/tslib/-/tslib-2.8.1.tgz 0ms (cache hit)
2688 http cache fast-levenshtein@https://registry.npmjs.org/fast-levenshtein/-/fast-levenshtein-2.0.6.tgz 0ms (cache hit)
2689 http cache styled-jsx@https://registry.npmjs.org/styled-jsx/-/styled-jsx-5.1.6.tgz 1ms (cache hit)
2690 http cache @swc/helpers@https://registry.npmjs.org/@swc/helpers/-/helpers-0.5.15.tgz 0ms (cache hit)
2691 http cache sharp@https://registry.npmjs.org/sharp/-/sharp-0.34.5.tgz 0ms (cache hit)
2692 http cache @next/env@https://registry.npmjs.org/@next/env/-/env-16.1.0.tgz 0ms (cache hit)
2693 http cache deep-is@https://registry.npmjs.org/deep-is/-/deep-is-0.1.4.tgz 0ms (cache hit)
2694 http cache concat-map@https://registry.npmjs.org/concat-map/-/concat-map-0.0.1.tgz 0ms (cache hit)
2695 http cache balanced-match@https://registry.npmjs.org/balanced-match/-/balanced-match-1.0.2.tgz 0ms (cache hit)
2696 http cache @next/swc-win32-x64-msvc@https://registry.npmjs.org/@next/swc-win32-x64-msvc/-/swc-win32-x64-msvc-16.1.0.tgz 0ms (cache hit)
2697 http cache fill-range@https://registry.npmjs.org/fill-range/-/fill-range-7.1.1.tgz 0ms (cache hit)
2698 http cache picomatch@https://registry.npmjs.org/picomatch/-/picomatch-2.3.1.tgz 0ms (cache hit)
2699 http cache to-regex-range@https://registry.npmjs.org/to-regex-range/-/to-regex-range-5.0.1.tgz 0ms (cache hit)
2700 http cache brace-expansion@https://registry.npmjs.org/brace-expansion/-/brace-expansion-1.1.12.tgz 0ms (cache hit)
2701 http cache p-locate@https://registry.npmjs.org/p-locate/-/p-locate-5.0.0.tgz 0ms (cache hit)
2702 http cache braces@https://registry.npmjs.org/braces/-/braces-3.0.3.tgz 0ms (cache hit)
2703 http cache lightningcss-win32-x64-msvc@https://registry.npmjs.org/lightningcss-win32-x64-msvc/-/lightningcss-win32-x64-msvc-1.30.2.tgz 0ms (cache hit)
2704 http cache type-check@https://registry.npmjs.org/type-check/-/type-check-0.4.0.tgz 0ms (cache hit)
2705 http cache yallist@https://registry.npmjs.org/yallist/-/yallist-3.1.1.tgz 0ms (cache hit)
2706 http cache prelude-ls@https://registry.npmjs.org/prelude-ls/-/prelude-ls-1.2.1.tgz 0ms (cache hit)
2707 http cache language-subtag-registry@https://registry.npmjs.org/language-subtag-registry/-/language-subtag-registry-0.3.23.tgz 0ms (cache hit)
2708 http cache json-buffer@https://registry.npmjs.org/json-buffer/-/json-buffer-3.0.1.tgz 0ms (cache hit)
2709 http cache argparse@https://registry.npmjs.org/argparse/-/argparse-2.0.1.tgz 0ms (cache hit)
2710 http cache is-extglob@https://registry.npmjs.org/is-extglob/-/is-extglob-2.1.1.tgz 0ms (cache hit)
2711 http cache set-function-name@https://registry.npmjs.org/set-function-name/-/set-function-name-2.0.2.tgz 0ms (cache hit)
2712 http cache detect-libc@https://registry.npmjs.org/detect-libc/-/detect-libc-2.1.2.tgz 0ms (cache hit)
2713 http cache side-channel@https://registry.npmjs.org/side-channel/-/side-channel-1.1.0.tgz 0ms (cache hit)
2714 http cache parent-module@https://registry.npmjs.org/parent-module/-/parent-module-1.0.1.tgz 0ms (cache hit)
2715 http cache hermes-estree@https://registry.npmjs.org/hermes-estree/-/hermes-estree-0.25.1.tgz 0ms (cache hit)
2716 http cache resolve-from@https://registry.npmjs.org/resolve-from/-/resolve-from-4.0.0.tgz 0ms (cache hit)
2717 http cache resolve-pkg-maps@https://registry.npmjs.org/resolve-pkg-maps/-/resolve-pkg-maps-1.0.0.tgz 0ms (cache hit)
2718 http cache dunder-proto@https://registry.npmjs.org/dunder-proto/-/dunder-proto-1.0.1.tgz 0ms (cache hit)
2719 http cache keyv@https://registry.npmjs.org/keyv/-/keyv-4.5.4.tgz 0ms (cache hit)
2720 http cache flatted@https://registry.npmjs.org/flatted/-/flatted-3.3.3.tgz 0ms (cache hit)
2721 http cache functions-have-names@https://registry.npmjs.org/functions-have-names/-/functions-have-names-1.2.3.tgz 0ms (cache hit)
2722 http cache locate-path@https://registry.npmjs.org/locate-path/-/locate-path-6.0.0.tgz 0ms (cache hit)
2723 http cache path-exists@https://registry.npmjs.org/path-exists/-/path-exists-4.0.0.tgz 0ms (cache hit)
2724 http cache flat-cache@https://registry.npmjs.org/flat-cache/-/flat-cache-4.0.1.tgz 0ms (cache hit)
2725 http cache reusify@https://registry.npmjs.org/reusify/-/reusify-1.1.0.tgz 0ms (cache hit)
2726 http cache run-parallel@https://registry.npmjs.org/run-parallel/-/run-parallel-1.2.0.tgz 0ms (cache hit)
2727 http cache fastq@https://registry.npmjs.org/fastq/-/fastq-1.19.1.tgz 0ms (cache hit)
2728 http cache @nodelib/fs.scandir@https://registry.npmjs.org/@nodelib/fs.scandir/-/fs.scandir-2.1.5.tgz 0ms (cache hit)
2729 http cache merge2@https://registry.npmjs.org/merge2/-/merge2-1.4.1.tgz 0ms (cache hit)
2730 http cache micromatch@https://registry.npmjs.org/micromatch/-/micromatch-4.0.8.tgz 0ms (cache hit)
2731 http cache @nodelib/fs.stat@https://registry.npmjs.org/@nodelib/fs.stat/-/fs.stat-2.0.5.tgz 0ms (cache hit)
2732 http cache @nodelib/fs.walk@https://registry.npmjs.org/@nodelib/fs.walk/-/fs.walk-1.2.8.tgz 0ms (cache hit)
2733 http cache esrecurse@https://registry.npmjs.org/esrecurse/-/esrecurse-4.3.0.tgz 0ms (cache hit)
2734 http cache acorn@https://registry.npmjs.org/acorn/-/acorn-8.15.0.tgz 0ms (cache hit)
2735 http cache acorn-jsx@https://registry.npmjs.org/acorn-jsx/-/acorn-jsx-5.3.2.tgz 0ms (cache hit)
2736 http cache update-browserslist-db@https://registry.npmjs.org/update-browserslist-db/-/update-browserslist-db-1.2.3.tgz 0ms (cache hit)
2737 http cache baseline-browser-mapping@https://registry.npmjs.org/baseline-browser-mapping/-/baseline-browser-mapping-2.9.11.tgz 0ms (cache hit)
2738 http cache caniuse-lite@https://registry.npmjs.org/caniuse-lite/-/caniuse-lite-1.0.30001761.tgz 0ms (cache hit)
2739 http cache electron-to-chromium@https://registry.npmjs.org/electron-to-chromium/-/electron-to-chromium-1.5.267.tgz 0ms (cache hit)
2740 http cache node-releases@https://registry.npmjs.org/node-releases/-/node-releases-2.0.27.tgz 0ms (cache hit)
2741 http cache @babel/helper-globals@https://registry.npmjs.org/@babel/helper-globals/-/helper-globals-7.28.0.tgz 0ms (cache hit)
2742 http cache browserslist@https://registry.npmjs.org/browserslist/-/browserslist-4.28.1.tgz 0ms (cache hit)
2743 http cache @babel/helper-validator-option@https://registry.npmjs.org/@babel/helper-validator-option/-/helper-validator-option-7.27.1.tgz 0ms (cache hit)
2744 http cache @babel/compat-data@https://registry.npmjs.org/@babel/compat-data/-/compat-data-7.28.5.tgz 0ms (cache hit)
2745 http cache lru-cache@https://registry.npmjs.org/lru-cache/-/lru-cache-5.1.1.tgz 0ms (cache hit)
2746 http cache jsesc@https://registry.npmjs.org/jsesc/-/jsesc-3.1.0.tgz 0ms (cache hit)
2747 http cache picocolors@https://registry.npmjs.org/picocolors/-/picocolors-1.1.1.tgz 0ms (cache hit)
2748 http cache js-tokens@https://registry.npmjs.org/js-tokens/-/js-tokens-4.0.0.tgz 0ms (cache hit)
2749 http cache json5@https://registry.npmjs.org/json5/-/json5-2.2.3.tgz 0ms (cache hit)
2750 http cache @babel/traverse@https://registry.npmjs.org/@babel/traverse/-/traverse-7.28.5.tgz 0ms (cache hit)
2751 http cache @babel/template@https://registry.npmjs.org/@babel/template/-/template-7.27.2.tgz 0ms (cache hit)
2752 http cache gensync@https://registry.npmjs.org/gensync/-/gensync-1.0.0-beta.2.tgz 0ms (cache hit)
2753 http cache convert-source-map@https://registry.npmjs.org/convert-source-map/-/convert-source-map-2.0.0.tgz 0ms (cache hit)
2754 http cache @babel/helper-module-transforms@https://registry.npmjs.org/@babel/helper-module-transforms/-/helper-module-transforms-7.28.3.tgz 0ms (cache hit)
2755 http cache @babel/helpers@https://registry.npmjs.org/@babel/helpers/-/helpers-7.28.4.tgz 0ms (cache hit)
2756 http cache zod-validation-error@https://registry.npmjs.org/zod-validation-error/-/zod-validation-error-4.0.2.tgz 0ms (cache hit)
2757 http cache zod@https://registry.npmjs.org/zod/-/zod-4.2.1.tgz 0ms (cache hit)
2758 http cache hermes-parser@https://registry.npmjs.org/hermes-parser/-/hermes-parser-0.25.1.tgz 0ms (cache hit)
2759 http cache @babel/helper-compilation-targets@https://registry.npmjs.org/@babel/helper-compilation-targets/-/helper-compilation-targets-7.27.2.tgz 0ms (cache hit)
2760 http cache iterator.prototype@https://registry.npmjs.org/iterator.prototype/-/iterator.prototype-1.1.5.tgz 0ms (cache hit)
2761 http cache @babel/code-frame@https://registry.npmjs.org/@babel/code-frame/-/code-frame-7.27.1.tgz 0ms (cache hit)
2762 http cache @babel/helper-module-imports@https://registry.npmjs.org/@babel/helper-module-imports/-/helper-module-imports-7.27.1.tgz 0ms (cache hit)
2763 http cache @babel/generator@https://registry.npmjs.org/@babel/generator/-/generator-7.28.5.tgz 0ms (cache hit)
2764 http cache string.prototype.matchall@https://registry.npmjs.org/string.prototype.matchall/-/string.prototype.matchall-4.0.12.tgz 0ms (cache hit)
2765 http cache @babel/parser@https://registry.npmjs.org/@babel/parser/-/parser-7.28.5.tgz 0ms (cache hit)
2766 http cache prop-types@https://registry.npmjs.org/prop-types/-/prop-types-15.8.1.tgz 0ms (cache hit)
2767 http cache string.prototype.repeat@https://registry.npmjs.org/string.prototype.repeat/-/string.prototype.repeat-1.0.0.tgz 0ms (cache hit)
2768 http cache @babel/core@https://registry.npmjs.org/@babel/core/-/core-7.28.5.tgz 0ms (cache hit)
2769 http cache estraverse@https://registry.npmjs.org/estraverse/-/estraverse-5.3.0.tgz 0ms (cache hit)
2770 http cache es-iterator-helpers@https://registry.npmjs.org/es-iterator-helpers/-/es-iterator-helpers-1.2.2.tgz 0ms (cache hit)
2771 http cache array.prototype.findlast@https://registry.npmjs.org/array.prototype.findlast/-/array.prototype.findlast-1.2.5.tgz 0ms (cache hit)
2772 http cache object.entries@https://registry.npmjs.org/object.entries/-/object.entries-1.1.9.tgz 0ms (cache hit)
2773 http cache string.prototype.includes@https://registry.npmjs.org/string.prototype.includes/-/string.prototype.includes-2.0.1.tgz 0ms (cache hit)
2774 http cache array.prototype.tosorted@https://registry.npmjs.org/array.prototype.tosorted/-/array.prototype.tosorted-1.1.4.tgz 0ms (cache hit)
2775 http cache jsx-ast-utils@https://registry.npmjs.org/jsx-ast-utils/-/jsx-ast-utils-3.3.5.tgz 0ms (cache hit)
2776 http cache emoji-regex@https://registry.npmjs.org/emoji-regex/-/emoji-regex-9.2.2.tgz 0ms (cache hit)
2777 http cache axobject-query@https://registry.npmjs.org/axobject-query/-/axobject-query-4.1.0.tgz 0ms (cache hit)
2778 http cache damerau-levenshtein@https://registry.npmjs.org/damerau-levenshtein/-/damerau-levenshtein-1.0.8.tgz 0ms (cache hit)
2779 http cache ast-types-flow@https://registry.npmjs.org/ast-types-flow/-/ast-types-flow-0.0.8.tgz 0ms (cache hit)
2780 http cache is-symbol@https://registry.npmjs.org/is-symbol/-/is-symbol-1.1.1.tgz 0ms (cache hit)
2781 http cache aria-query@https://registry.npmjs.org/aria-query/-/aria-query-5.3.2.tgz 0ms (cache hit)
2782 http cache has-tostringtag@https://registry.npmjs.org/has-tostringtag/-/has-tostringtag-1.0.2.tgz 0ms (cache hit)
2783 http cache is-date-object@https://registry.npmjs.org/is-date-object/-/is-date-object-1.1.0.tgz 0ms (cache hit)
2784 http cache which-typed-array@https://registry.npmjs.org/which-typed-array/-/which-typed-array-1.1.19.tgz 0ms (cache hit)
2785 http cache axe-core@https://registry.npmjs.org/axe-core/-/axe-core-4.11.0.tgz 1ms (cache hit)
2786 http cache possible-typed-array-names@https://registry.npmjs.org/possible-typed-array-names/-/possible-typed-array-names-1.1.0.tgz 0ms (cache hit)
2787 http cache unbox-primitive@https://registry.npmjs.org/unbox-primitive/-/unbox-primitive-1.1.0.tgz 0ms (cache hit)
2788 http cache typed-array-length@https://registry.npmjs.org/typed-array-length/-/typed-array-length-1.0.7.tgz 0ms (cache hit)
2789 http cache language-tags@https://registry.npmjs.org/language-tags/-/language-tags-1.0.9.tgz 0ms (cache hit)
2790 http cache typed-array-byte-length@https://registry.npmjs.org/typed-array-byte-length/-/typed-array-byte-length-1.0.3.tgz 0ms (cache hit)
2791 http cache typed-array-byte-offset@https://registry.npmjs.org/typed-array-byte-offset/-/typed-array-byte-offset-1.0.4.tgz 0ms (cache hit)
2792 http cache typed-array-buffer@https://registry.npmjs.org/typed-array-buffer/-/typed-array-buffer-1.0.3.tgz 0ms (cache hit)
2793 http cache string.prototype.trim@https://registry.npmjs.org/string.prototype.trim/-/string.prototype.trim-1.2.10.tgz 0ms (cache hit)
2794 http cache string.prototype.trimstart@https://registry.npmjs.org/string.prototype.trimstart/-/string.prototype.trimstart-1.0.8.tgz 0ms (cache hit)
2795 http cache stop-iteration-iterator@https://registry.npmjs.org/stop-iteration-iterator/-/stop-iteration-iterator-1.1.0.tgz 0ms (cache hit)
2796 http cache safe-regex-test@https://registry.npmjs.org/safe-regex-test/-/safe-regex-test-1.1.0.tgz 0ms (cache hit)
2797 http cache safe-array-concat@https://registry.npmjs.org/safe-array-concat/-/safe-array-concat-1.1.3.tgz 0ms (cache hit)
2798 http cache regexp.prototype.flags@https://registry.npmjs.org/regexp.prototype.flags/-/regexp.prototype.flags-1.5.4.tgz 0ms (cache hit)
2799 http cache set-proto@https://registry.npmjs.org/set-proto/-/set-proto-1.0.0.tgz 0ms (cache hit)
2800 http cache safe-push-apply@https://registry.npmjs.org/safe-push-apply/-/safe-push-apply-1.0.0.tgz 0ms (cache hit)
2801 http cache own-keys@https://registry.npmjs.org/own-keys/-/own-keys-1.0.1.tgz 0ms (cache hit)
2802 http cache object.assign@https://registry.npmjs.org/object.assign/-/object.assign-4.1.7.tgz 0ms (cache hit)
2803 http cache object-inspect@https://registry.npmjs.org/object-inspect/-/object-inspect-1.13.4.tgz 0ms (cache hit)
2804 http cache is-weakref@https://registry.npmjs.org/is-weakref/-/is-weakref-1.1.1.tgz 0ms (cache hit)
2805 http cache is-shared-array-buffer@https://registry.npmjs.org/is-shared-array-buffer/-/is-shared-array-buffer-1.0.4.tgz 0ms (cache hit)
2806 http cache is-set@https://registry.npmjs.org/is-set/-/is-set-2.0.3.tgz 0ms (cache hit)
2807 http cache is-negative-zero@https://registry.npmjs.org/is-negative-zero/-/is-negative-zero-2.0.3.tgz 0ms (cache hit)
2808 http cache is-array-buffer@https://registry.npmjs.org/is-array-buffer/-/is-array-buffer-3.0.5.tgz 0ms (cache hit)
2809 http cache is-regex@https://registry.npmjs.org/is-regex/-/is-regex-1.2.1.tgz 0ms (cache hit)
2810 http cache is-typed-array@https://registry.npmjs.org/is-typed-array/-/is-typed-array-1.1.15.tgz 0ms (cache hit)
2811 http cache is-data-view@https://registry.npmjs.org/is-data-view/-/is-data-view-1.0.2.tgz 0ms (cache hit)
2812 http cache is-callable@https://registry.npmjs.org/is-callable/-/is-callable-1.2.7.tgz 0ms (cache hit)
2813 http cache internal-slot@https://registry.npmjs.org/internal-slot/-/internal-slot-1.1.0.tgz 0ms (cache hit)
2814 http cache has-symbols@https://registry.npmjs.org/has-symbols/-/has-symbols-1.1.0.tgz 0ms (cache hit)
2815 http cache has-proto@https://registry.npmjs.org/has-proto/-/has-proto-1.2.0.tgz 0ms (cache hit)
2816 http cache globalthis@https://registry.npmjs.org/globalthis/-/globalthis-1.0.4.tgz 0ms (cache hit)
2817 http cache get-symbol-description@https://registry.npmjs.org/get-symbol-description/-/get-symbol-description-1.1.0.tgz 0ms (cache hit)
2818 http cache function.prototype.name@https://registry.npmjs.org/function.prototype.name/-/function.prototype.name-1.1.8.tgz 0ms (cache hit)
2819 http cache get-proto@https://registry.npmjs.org/get-proto/-/get-proto-1.0.1.tgz 0ms (cache hit)
2820 http cache data-view-byte-offset@https://registry.npmjs.org/data-view-byte-offset/-/data-view-byte-offset-1.0.1.tgz 0ms (cache hit)
2821 http cache es-set-tostringtag@https://registry.npmjs.org/es-set-tostringtag/-/es-set-tostringtag-2.1.0.tgz 0ms (cache hit)
2822 http cache data-view-buffer@https://registry.npmjs.org/data-view-buffer/-/data-view-buffer-1.0.2.tgz 0ms (cache hit)
2823 http cache arraybuffer.prototype.slice@https://registry.npmjs.org/arraybuffer.prototype.slice/-/arraybuffer.prototype.slice-1.0.4.tgz 0ms (cache hit)
2824 http cache data-view-byte-length@https://registry.npmjs.org/data-view-byte-length/-/data-view-byte-length-1.0.2.tgz 0ms (cache hit)
2825 http cache array-buffer-byte-length@https://registry.npmjs.org/array-buffer-byte-length/-/array-buffer-byte-length-1.0.2.tgz 0ms (cache hit)
2826 http cache es-to-primitive@https://registry.npmjs.org/es-to-primitive/-/es-to-primitive-1.3.0.tgz 0ms (cache hit)
2827 http cache available-typed-arrays@https://registry.npmjs.org/available-typed-arrays/-/available-typed-arrays-1.0.7.tgz 0ms (cache hit)
2828 http cache define-data-property@https://registry.npmjs.org/define-data-property/-/define-data-property-1.1.4.tgz 0ms (cache hit)
2829 http cache has-property-descriptors@https://registry.npmjs.org/has-property-descriptors/-/has-property-descriptors-1.0.2.tgz 0ms (cache hit)
2830 http cache object-keys@https://registry.npmjs.org/object-keys/-/object-keys-1.1.1.tgz 0ms (cache hit)
2831 http cache set-function-length@https://registry.npmjs.org/set-function-length/-/set-function-length-1.2.2.tgz 0ms (cache hit)
2832 http cache es-define-property@https://registry.npmjs.org/es-define-property/-/es-define-property-1.0.1.tgz 0ms (cache hit)
2833 http cache gopd@https://registry.npmjs.org/gopd/-/gopd-1.2.0.tgz 0ms (cache hit)
2834 http cache call-bind-apply-helpers@https://registry.npmjs.org/call-bind-apply-helpers/-/call-bind-apply-helpers-1.0.2.tgz 0ms (cache hit)
2835 http cache function-bind@https://registry.npmjs.org/function-bind/-/function-bind-1.1.2.tgz 0ms (cache hit)
2836 http cache es-shim-unscopables@https://registry.npmjs.org/es-shim-unscopables/-/es-shim-unscopables-1.1.0.tgz 0ms (cache hit)
2837 http cache es-errors@https://registry.npmjs.org/es-errors/-/es-errors-1.3.0.tgz 0ms (cache hit)
2838 http cache math-intrinsics@https://registry.npmjs.org/math-intrinsics/-/math-intrinsics-1.1.0.tgz 0ms (cache hit)
2839 http cache es-object-atoms@https://registry.npmjs.org/es-object-atoms/-/es-object-atoms-1.1.1.tgz 0ms (cache hit)
2840 http cache is-string@https://registry.npmjs.org/is-string/-/is-string-1.1.1.tgz 0ms (cache hit)
2841 http cache get-intrinsic@https://registry.npmjs.org/get-intrinsic/-/get-intrinsic-1.3.0.tgz 0ms (cache hit)
2842 http cache es-abstract@https://registry.npmjs.org/es-abstract/-/es-abstract-1.24.1.tgz 0ms (cache hit)
2843 http cache define-properties@https://registry.npmjs.org/define-properties/-/define-properties-1.2.1.tgz 0ms (cache hit)
2844 http cache call-bound@https://registry.npmjs.org/call-bound/-/call-bound-1.0.4.tgz 0ms (cache hit)
2845 http cache call-bind@https://registry.npmjs.org/call-bind/-/call-bind-1.0.8.tgz 0ms (cache hit)
2846 http cache tsconfig-paths@https://registry.npmjs.org/tsconfig-paths/-/tsconfig-paths-3.15.0.tgz 0ms (cache hit)
2847 http cache semver@https://registry.npmjs.org/semver/-/semver-6.3.1.tgz 0ms (cache hit)
2848 http cache string.prototype.trimend@https://registry.npmjs.org/string.prototype.trimend/-/string.prototype.trimend-1.0.9.tgz 0ms (cache hit)
2849 http cache object.values@https://registry.npmjs.org/object.values/-/object.values-1.2.1.tgz 0ms (cache hit)
2850 http cache object.groupby@https://registry.npmjs.org/object.groupby/-/object.groupby-1.0.3.tgz 0ms (cache hit)
2851 http cache object.fromentries@https://registry.npmjs.org/object.fromentries/-/object.fromentries-2.0.8.tgz 0ms (cache hit)
2852 http cache hasown@https://registry.npmjs.org/hasown/-/hasown-2.0.2.tgz 0ms (cache hit)
2853 http cache doctrine@https://registry.npmjs.org/doctrine/-/doctrine-2.1.0.tgz 0ms (cache hit)
2854 http cache array.prototype.flatmap@https://registry.npmjs.org/array.prototype.flatmap/-/array.prototype.flatmap-1.3.3.tgz 0ms (cache hit)
2855 http cache eslint-module-utils@https://registry.npmjs.org/eslint-module-utils/-/eslint-module-utils-2.12.1.tgz 0ms (cache hit)
2856 http cache array.prototype.flat@https://registry.npmjs.org/array.prototype.flat/-/array.prototype.flat-1.3.3.tgz 0ms (cache hit)
2857 http cache array.prototype.findlastindex@https://registry.npmjs.org/array.prototype.findlastindex/-/array.prototype.findlastindex-1.2.6.tgz 0ms (cache hit)
2858 http cache @rtsao/scc@https://registry.npmjs.org/@rtsao/scc/-/scc-1.1.0.tgz 0ms (cache hit)
2859 http cache array-includes@https://registry.npmjs.org/array-includes/-/array-includes-3.1.9.tgz 0ms (cache hit)
2860 http cache unrs-resolver@https://registry.npmjs.org/unrs-resolver/-/unrs-resolver-1.11.1.tgz 0ms (cache hit)
2861 http cache tinyglobby@https://registry.npmjs.org/tinyglobby/-/tinyglobby-0.2.15.tgz 0ms (cache hit)
2862 http cache get-tsconfig@https://registry.npmjs.org/get-tsconfig/-/get-tsconfig-4.13.0.tgz 0ms (cache hit)
2863 http cache resolve@https://registry.npmjs.org/resolve/-/resolve-1.22.11.tgz 0ms (cache hit)
2864 http cache @nolyfill/is-core-module@https://registry.npmjs.org/@nolyfill/is-core-module/-/is-core-module-1.0.39.tgz 0ms (cache hit)
2865 http cache stable-hash@https://registry.npmjs.org/stable-hash/-/stable-hash-0.0.5.tgz 0ms (cache hit)
2866 http cache is-bun-module@https://registry.npmjs.org/is-bun-module/-/is-bun-module-2.0.0.tgz 0ms (cache hit)
2867 http cache is-core-module@https://registry.npmjs.org/is-core-module/-/is-core-module-2.16.1.tgz 0ms (cache hit)
2868 http cache fast-glob@https://registry.npmjs.org/fast-glob/-/fast-glob-3.3.1.tgz 0ms (cache hit)
2869 http cache eslint-plugin-react-hooks@https://registry.npmjs.org/eslint-plugin-react-hooks/-/eslint-plugin-react-hooks-7.0.1.tgz 0ms (cache hit)
2870 http cache eslint-plugin-react@https://registry.npmjs.org/eslint-plugin-react/-/eslint-plugin-react-7.37.5.tgz 0ms (cache hit)
2871 http cache typescript-eslint@https://registry.npmjs.org/typescript-eslint/-/typescript-eslint-8.50.0.tgz 0ms (cache hit)
2872 http cache eslint-plugin-jsx-a11y@https://registry.npmjs.org/eslint-plugin-jsx-a11y/-/eslint-plugin-jsx-a11y-6.10.2.tgz 0ms (cache hit)
2873 http cache eslint-plugin-import@https://registry.npmjs.org/eslint-plugin-import/-/eslint-plugin-import-2.32.0.tgz 0ms (cache hit)
2874 http cache which@https://registry.npmjs.org/which/-/which-2.0.2.tgz 0ms (cache hit)
2875 http cache eslint-import-resolver-node@https://registry.npmjs.org/eslint-import-resolver-node/-/eslint-import-resolver-node-0.3.9.tgz 0ms (cache hit)
2876 http cache eslint-import-resolver-typescript@https://registry.npmjs.org/eslint-import-resolver-typescript/-/eslint-import-resolver-typescript-3.10.1.tgz 0ms (cache hit)
2877 http cache path-key@https://registry.npmjs.org/path-key/-/path-key-3.1.1.tgz 0ms (cache hit)
2878 http cache shebang-command@https://registry.npmjs.org/shebang-command/-/shebang-command-2.0.0.tgz 0ms (cache hit)
2879 http cache ms@https://registry.npmjs.org/ms/-/ms-2.1.3.tgz 0ms (cache hit)
2880 http cache color-name@https://registry.npmjs.org/color-name/-/color-name-1.1.4.tgz 0ms (cache hit)
2881 http cache color-convert@https://registry.npmjs.org/color-convert/-/color-convert-2.0.1.tgz 0ms (cache hit)
2882 http cache supports-color@https://registry.npmjs.org/supports-color/-/supports-color-7.2.0.tgz 0ms (cache hit)
2883 http cache @next/eslint-plugin-next@https://registry.npmjs.org/@next/eslint-plugin-next/-/eslint-plugin-next-16.1.0.tgz 0ms (cache hit)
2884 http cache @humanfs/core@https://registry.npmjs.org/@humanfs/core/-/core-0.19.1.tgz 0ms (cache hit)
2885 http cache ansi-styles@https://registry.npmjs.org/ansi-styles/-/ansi-styles-4.3.0.tgz 0ms (cache hit)
2886 http cache json-schema-traverse@https://registry.npmjs.org/json-schema-traverse/-/json-schema-traverse-0.4.1.tgz 0ms (cache hit)
2887 http cache levn@https://registry.npmjs.org/levn/-/levn-0.4.1.tgz 0ms (cache hit)
2888 http cache uri-js@https://registry.npmjs.org/uri-js/-/uri-js-4.4.1.tgz 0ms (cache hit)
2889 http cache fast-json-stable-stringify@https://registry.npmjs.org/fast-json-stable-stringify/-/fast-json-stable-stringify-2.1.0.tgz 0ms (cache hit)
2890 http cache js-yaml@https://registry.npmjs.org/js-yaml/-/js-yaml-4.1.1.tgz 0ms (cache hit)
2891 http cache strip-json-comments@https://registry.npmjs.org/strip-json-comments/-/strip-json-comments-3.1.1.tgz 0ms (cache hit)
2892 http cache @types/json-schema@https://registry.npmjs.org/@types/json-schema/-/json-schema-7.0.15.tgz 0ms (cache hit)
2893 http cache @eslint/object-schema@https://registry.npmjs.org/@eslint/object-schema/-/object-schema-2.1.7.tgz 0ms (cache hit)
2894 http cache import-fresh@https://registry.npmjs.org/import-fresh/-/import-fresh-3.3.1.tgz 0ms (cache hit)
2895 http cache globals@https://registry.npmjs.org/globals/-/globals-14.0.0.tgz 0ms (cache hit)
2896 http cache optionator@https://registry.npmjs.org/optionator/-/optionator-0.9.4.tgz 0ms (cache hit)
2897 http cache minimatch@https://registry.npmjs.org/minimatch/-/minimatch-3.1.2.tgz 0ms (cache hit)
2898 http cache natural-compare@https://registry.npmjs.org/natural-compare/-/natural-compare-1.4.0.tgz 0ms (cache hit)
2899 http cache lodash.merge@https://registry.npmjs.org/lodash.merge/-/lodash.merge-4.6.2.tgz 0ms (cache hit)
2900 http cache is-glob@https://registry.npmjs.org/is-glob/-/is-glob-4.0.3.tgz 0ms (cache hit)
2901 http cache imurmurhash@https://registry.npmjs.org/imurmurhash/-/imurmurhash-0.1.4.tgz 0ms (cache hit)
2902 http cache ignore@https://registry.npmjs.org/ignore/-/ignore-5.3.2.tgz 0ms (cache hit)
2903 http cache glob-parent@https://registry.npmjs.org/glob-parent/-/glob-parent-6.0.2.tgz 0ms (cache hit)
2904 http cache find-up@https://registry.npmjs.org/find-up/-/find-up-5.0.0.tgz 0ms (cache hit)
2905 http cache json-stable-stringify-without-jsonify@https://registry.npmjs.org/json-stable-stringify-without-jsonify/-/json-stable-stringify-without-jsonify-1.0.1.tgz 0ms (cache hit)
2906 http cache fast-deep-equal@https://registry.npmjs.org/fast-deep-equal/-/fast-deep-equal-3.1.3.tgz 0ms (cache hit)
2907 http cache file-entry-cache@https://registry.npmjs.org/file-entry-cache/-/file-entry-cache-8.0.0.tgz 0ms (cache hit)
2908 http cache espree@https://registry.npmjs.org/espree/-/espree-10.4.0.tgz 0ms (cache hit)
2909 http cache esutils@https://registry.npmjs.org/esutils/-/esutils-2.0.3.tgz 0ms (cache hit)
2910 http cache esquery@https://registry.npmjs.org/esquery/-/esquery-1.6.0.tgz 0ms (cache hit)
2911 http cache eslint-visitor-keys@https://registry.npmjs.org/eslint-visitor-keys/-/eslint-visitor-keys-4.2.1.tgz 0ms (cache hit)
2912 http cache escape-string-regexp@https://registry.npmjs.org/escape-string-regexp/-/escape-string-regexp-4.0.0.tgz 0ms (cache hit)
2913 http cache eslint-scope@https://registry.npmjs.org/eslint-scope/-/eslint-scope-8.4.0.tgz 0ms (cache hit)
2914 http cache @types/estree@https://registry.npmjs.org/@types/estree/-/estree-1.0.8.tgz 0ms (cache hit)
2915 http cache cross-spawn@https://registry.npmjs.org/cross-spawn/-/cross-spawn-7.0.6.tgz 0ms (cache hit)
2916 http cache chalk@https://registry.npmjs.org/chalk/-/chalk-4.1.2.tgz 0ms (cache hit)
2917 http cache debug@https://registry.npmjs.org/debug/-/debug-4.4.3.tgz 0ms (cache hit)
2918 http cache @eslint/plugin-kit@https://registry.npmjs.org/@eslint/plugin-kit/-/plugin-kit-0.4.1.tgz 0ms (cache hit)
2919 http cache @humanfs/node@https://registry.npmjs.org/@humanfs/node/-/node-0.16.7.tgz 0ms (cache hit)
2920 http cache @eslint/eslintrc@https://registry.npmjs.org/@eslint/eslintrc/-/eslintrc-3.3.3.tgz 0ms (cache hit)
2921 http cache @eslint/core@https://registry.npmjs.org/@eslint/core/-/core-0.17.0.tgz 0ms (cache hit)
2922 http cache ajv@https://registry.npmjs.org/ajv/-/ajv-6.12.6.tgz 0ms (cache hit)
2923 http cache @eslint/js@https://registry.npmjs.org/@eslint/js/-/js-9.39.2.tgz 0ms (cache hit)
2924 http cache @humanwhocodes/retry@https://registry.npmjs.org/@humanwhocodes/retry/-/retry-0.4.3.tgz 0ms (cache hit)
2925 http cache @eslint/config-helpers@https://registry.npmjs.org/@eslint/config-helpers/-/config-helpers-0.4.2.tgz 0ms (cache hit)
2926 http cache @eslint/config-array@https://registry.npmjs.org/@eslint/config-array/-/config-array-0.21.1.tgz 0ms (cache hit)
2927 http cache @humanwhocodes/module-importer@https://registry.npmjs.org/@humanwhocodes/module-importer/-/module-importer-1.0.1.tgz 0ms (cache hit)
2928 http cache graceful-fs@https://registry.npmjs.org/graceful-fs/-/graceful-fs-4.2.11.tgz 0ms (cache hit)
2929 http cache @babel/helper-validator-identifier@https://registry.npmjs.org/@babel/helper-validator-identifier/-/helper-validator-identifier-7.28.5.tgz 1ms (cache hit)
2930 http cache @eslint-community/regexpp@https://registry.npmjs.org/@eslint-community/regexpp/-/regexpp-4.12.2.tgz 0ms (cache hit)
2931 http cache @babel/types@https://registry.npmjs.org/@babel/types/-/types-7.28.5.tgz 0ms (cache hit)
2932 http cache @eslint-community/eslint-utils@https://registry.npmjs.org/@eslint-community/eslint-utils/-/eslint-utils-4.9.0.tgz 0ms (cache hit)
2933 http cache tapable@https://registry.npmjs.org/tapable/-/tapable-2.3.0.tgz 0ms (cache hit)
2934 http cache @tailwindcss/oxide-win32-x64-msvc@https://registry.npmjs.org/@tailwindcss/oxide-win32-x64-msvc/-/oxide-win32-x64-msvc-4.1.18.tgz 0ms (cache hit)
2935 http cache @babel/helper-string-parser@https://registry.npmjs.org/@babel/helper-string-parser/-/helper-string-parser-7.27.1.tgz 0ms (cache hit)
2936 http cache csstype@https://registry.npmjs.org/csstype/-/csstype-3.2.3.tgz 0ms (cache hit)
2937 http cache undici-types@https://registry.npmjs.org/undici-types/-/undici-types-6.21.0.tgz 0ms (cache hit)
2938 http cache @jridgewell/sourcemap-codec@https://registry.npmjs.org/@jridgewell/sourcemap-codec/-/sourcemap-codec-1.5.5.tgz 0ms (cache hit)
2939 http cache @jridgewell/trace-mapping@https://registry.npmjs.org/@jridgewell/trace-mapping/-/trace-mapping-0.3.31.tgz 0ms (cache hit)
2940 http cache @jridgewell/gen-mapping@https://registry.npmjs.org/@jridgewell/gen-mapping/-/gen-mapping-0.3.13.tgz 0ms (cache hit)
2941 http cache magic-string@https://registry.npmjs.org/magic-string/-/magic-string-0.30.21.tgz 0ms (cache hit)
2942 http cache source-map-js@https://registry.npmjs.org/source-map-js/-/source-map-js-1.2.1.tgz 0ms (cache hit)
2943 http cache jiti@https://registry.npmjs.org/jiti/-/jiti-2.6.1.tgz 0ms (cache hit)
2944 http cache @jridgewell/resolve-uri@https://registry.npmjs.org/@jridgewell/resolve-uri/-/resolve-uri-3.1.2.tgz 0ms (cache hit)
2945 http cache @jridgewell/remapping@https://registry.npmjs.org/@jridgewell/remapping/-/remapping-2.3.5.tgz 0ms (cache hit)
2946 http cache @tailwindcss/oxide@https://registry.npmjs.org/@tailwindcss/oxide/-/oxide-4.1.18.tgz 0ms (cache hit)
2947 http cache postcss@https://registry.npmjs.org/postcss/-/postcss-8.5.6.tgz 0ms (cache hit)
2948 http cache enhanced-resolve@https://registry.npmjs.org/enhanced-resolve/-/enhanced-resolve-5.18.4.tgz 0ms (cache hit)
2949 http cache @tailwindcss/node@https://registry.npmjs.org/@tailwindcss/node/-/node-4.1.18.tgz 0ms (cache hit)
2950 http cache lightningcss@https://registry.npmjs.org/lightningcss/-/lightningcss-1.30.2.tgz 0ms (cache hit)
2951 http cache @alloc/quick-lru@https://registry.npmjs.org/@alloc/quick-lru/-/quick-lru-5.2.0.tgz 0ms (cache hit)
2952 http cache typescript@https://registry.npmjs.org/typescript/-/typescript-5.9.3.tgz 0ms (cache hit)
2953 http cache react-dom@https://registry.npmjs.org/react-dom/-/react-dom-19.2.3.tgz 0ms (cache hit)
2954 http cache next@https://registry.npmjs.org/next/-/next-16.1.0.tgz 0ms (cache hit)
2955 http cache eslint-config-next@https://registry.npmjs.org/eslint-config-next/-/eslint-config-next-16.1.0.tgz 0ms (cache hit)
2956 http cache react@https://registry.npmjs.org/react/-/react-19.2.3.tgz 0ms (cache hit)
2957 http cache @types/react@https://registry.npmjs.org/@types/react/-/react-19.2.7.tgz 0ms (cache hit)
2958 http cache eslint@https://registry.npmjs.org/eslint/-/eslint-9.39.2.tgz 0ms (cache hit)
2959 http cache babel-plugin-react-compiler@https://registry.npmjs.org/babel-plugin-react-compiler/-/babel-plugin-react-compiler-1.0.0.tgz 0ms (cache hit)
2960 http cache @tailwindcss/postcss@https://registry.npmjs.org/@tailwindcss/postcss/-/postcss-4.1.18.tgz 0ms (cache hit)
2961 http cache @types/node@https://registry.npmjs.org/@types/node/-/node-20.19.27.tgz 0ms (cache hit)
2962 http cache @types/react-dom@https://registry.npmjs.org/@types/react-dom/-/react-dom-19.2.3.tgz 0ms (cache hit)
2963 http cache tailwindcss@https://registry.npmjs.org/tailwindcss/-/tailwindcss-4.1.18.tgz 0ms (cache hit)
2964 http cache semver@https://registry.npmjs.org/semver/-/semver-7.7.3.tgz 0ms (cache hit)
2965 http cache ignore@https://registry.npmjs.org/ignore/-/ignore-7.0.5.tgz 0ms (cache hit)
2966 http cache brace-expansion@https://registry.npmjs.org/brace-expansion/-/brace-expansion-2.0.2.tgz 0ms (cache hit)
2967 http cache minimatch@https://registry.npmjs.org/minimatch/-/minimatch-9.0.5.tgz 0ms (cache hit)
2968 http cache semver@https://registry.npmjs.org/semver/-/semver-7.7.3.tgz 0ms (cache hit)
2969 http cache picomatch@https://registry.npmjs.org/picomatch/-/picomatch-4.0.3.tgz 0ms (cache hit)
2970 http cache fdir@https://registry.npmjs.org/fdir/-/fdir-6.5.0.tgz 0ms (cache hit)
2971 http cache debug@https://registry.npmjs.org/debug/-/debug-3.2.7.tgz 0ms (cache hit)
2972 http cache semver@https://registry.npmjs.org/semver/-/semver-7.7.3.tgz 0ms (cache hit)
2973 http cache resolve@https://registry.npmjs.org/resolve/-/resolve-2.0.0-next.5.tgz 0ms (cache hit)
2974 http cache glob-parent@https://registry.npmjs.org/glob-parent/-/glob-parent-5.1.2.tgz 0ms (cache hit)
2975 http cache debug@https://registry.npmjs.org/debug/-/debug-3.2.7.tgz 0ms (cache hit)
2976 http cache json5@https://registry.npmjs.org/json5/-/json5-1.0.2.tgz 0ms (cache hit)
2977 http cache debug@https://registry.npmjs.org/debug/-/debug-3.2.7.tgz 0ms (cache hit)
2978 http cache eslint-visitor-keys@https://registry.npmjs.org/eslint-visitor-keys/-/eslint-visitor-keys-3.4.3.tgz 0ms (cache hit)
2979 http cache postcss@https://registry.npmjs.org/postcss/-/postcss-8.4.31.tgz 0ms (cache hit)
2980 silly tarball no local data for is-weakset@https://registry.npmjs.org/is-weakset/-/is-weakset-2.0.4.tgz. Extracting by manifest.
2981 silly tarball no local data for is-weakmap@https://registry.npmjs.org/is-weakmap/-/is-weakmap-2.0.2.tgz. Extracting by manifest.
2982 silly tarball no local data for generator-function@https://registry.npmjs.org/generator-function/-/generator-function-2.0.1.tgz. Extracting by manifest.
2983 silly tarball no local data for is-map@https://registry.npmjs.org/is-map/-/is-map-2.0.3.tgz. Extracting by manifest.
2984 silly tarball no local data for which-collection@https://registry.npmjs.org/which-collection/-/which-collection-1.0.2.tgz. Extracting by manifest.
2985 silly tarball no local data for is-generator-function@https://registry.npmjs.org/is-generator-function/-/is-generator-function-1.1.2.tgz. Extracting by manifest.
2986 silly tarball no local data for is-finalizationregistry@https://registry.npmjs.org/is-finalizationregistry/-/is-finalizationregistry-1.1.1.tgz. Extracting by manifest.
2987 silly tarball no local data for async-function@https://registry.npmjs.org/async-function/-/async-function-1.0.0.tgz. Extracting by manifest.
2988 silly tarball no local data for is-async-function@https://registry.npmjs.org/is-async-function/-/is-async-function-2.1.1.tgz. Extracting by manifest.
2989 silly tarball no local data for is-number-object@https://registry.npmjs.org/is-number-object/-/is-number-object-1.1.1.tgz. Extracting by manifest.
2990 silly tarball no local data for is-boolean-object@https://registry.npmjs.org/is-boolean-object/-/is-boolean-object-1.2.2.tgz. Extracting by manifest.
2991 silly tarball no local data for is-bigint@https://registry.npmjs.org/is-bigint/-/is-bigint-1.1.0.tgz. Extracting by manifest.
2992 silly tarball no local data for isexe@https://registry.npmjs.org/isexe/-/isexe-2.0.0.tgz. Extracting by manifest.
2993 silly tarball no local data for @emnapi/wasi-threads@https://registry.npmjs.org/@emnapi/wasi-threads/-/wasi-threads-1.1.0.tgz. Extracting by manifest.
2994 http cache globals@https://registry.npmjs.org/globals/-/globals-16.4.0.tgz 0ms (cache hit)
2995 silly tarball no local data for @emnapi/core@https://registry.npmjs.org/@emnapi/core/-/core-1.7.1.tgz. Extracting by manifest.
2996 silly tarball no local data for @tybys/wasm-util@https://registry.npmjs.org/@tybys/wasm-util/-/wasm-util-0.10.1.tgz. Extracting by manifest.
2997 silly tarball no local data for @napi-rs/wasm-runtime@https://registry.npmjs.org/@napi-rs/wasm-runtime/-/wasm-runtime-0.2.12.tgz. Extracting by manifest.
2998 silly tarball no local data for punycode@https://registry.npmjs.org/punycode/-/punycode-2.3.1.tgz. Extracting by manifest.
2999 silly tarball no local data for @unrs/resolver-binding-win32-x64-msvc@https://registry.npmjs.org/@unrs/resolver-binding-win32-x64-msvc/-/resolver-binding-win32-x64-msvc-1.11.1.tgz. Extracting by manifest.
3000 silly tarball no local data for escalade@https://registry.npmjs.org/escalade/-/escalade-3.2.0.tgz. Extracting by manifest.
3001 silly tarball no local data for @typescript-eslint/tsconfig-utils@https://registry.npmjs.org/@typescript-eslint/tsconfig-utils/-/tsconfig-utils-8.50.0.tgz. Extracting by manifest.
3002 silly tarball no local data for @typescript-eslint/project-service@https://registry.npmjs.org/@typescript-eslint/project-service/-/project-service-8.50.0.tgz. Extracting by manifest.
3003 silly tarball no local data for napi-postinstall@https://registry.npmjs.org/napi-postinstall/-/napi-postinstall-0.3.4.tgz. Extracting by manifest.
3004 silly tarball no local data for which-boxed-primitive@https://registry.npmjs.org/which-boxed-primitive/-/which-boxed-primitive-1.1.1.tgz. Extracting by manifest.
3005 silly tarball no local data for has-bigints@https://registry.npmjs.org/has-bigints/-/has-bigints-1.1.0.tgz. Extracting by manifest.
3006 silly tarball no local data for @typescript-eslint/types@https://registry.npmjs.org/@typescript-eslint/types/-/types-8.50.0.tgz. Extracting by manifest.
3007 silly tarball no local data for ts-api-utils@https://registry.npmjs.org/ts-api-utils/-/ts-api-utils-2.1.0.tgz. Extracting by manifest.
3008 silly tarball no local data for @typescript-eslint/type-utils@https://registry.npmjs.org/@typescript-eslint/type-utils/-/type-utils-8.50.0.tgz. Extracting by manifest.
3009 silly tarball no local data for @typescript-eslint/visitor-keys@https://registry.npmjs.org/@typescript-eslint/visitor-keys/-/visitor-keys-8.50.0.tgz. Extracting by manifest.
3010 silly tarball no local data for @typescript-eslint/scope-manager@https://registry.npmjs.org/@typescript-eslint/scope-manager/-/scope-manager-8.50.0.tgz. Extracting by manifest.
3011 silly tarball no local data for @typescript-eslint/utils@https://registry.npmjs.org/@typescript-eslint/utils/-/utils-8.50.0.tgz. Extracting by manifest.
3012 silly tarball no local data for which-builtin-type@https://registry.npmjs.org/which-builtin-type/-/which-builtin-type-1.2.1.tgz. Extracting by manifest.
3013 silly tarball no local data for @typescript-eslint/parser@https://registry.npmjs.org/@typescript-eslint/parser/-/parser-8.50.0.tgz. Extracting by manifest.
3014 silly tarball no local data for @typescript-eslint/typescript-estree@https://registry.npmjs.org/@typescript-eslint/typescript-estree/-/typescript-estree-8.50.0.tgz. Extracting by manifest.
3015 silly tarball no local data for reflect.getprototypeof@https://registry.npmjs.org/reflect.getprototypeof/-/reflect.getprototypeof-1.0.10.tgz. Extracting by manifest.
3016 silly tarball no local data for for-each@https://registry.npmjs.org/for-each/-/for-each-0.3.5.tgz. Extracting by manifest.
3017 silly tarball no local data for strip-bom@https://registry.npmjs.org/strip-bom/-/strip-bom-3.0.0.tgz. Extracting by manifest.
3018 silly tarball no local data for @typescript-eslint/eslint-plugin@https://registry.npmjs.org/@typescript-eslint/eslint-plugin/-/eslint-plugin-8.50.0.tgz. Extracting by manifest.
3019 silly tarball no local data for @types/json5@https://registry.npmjs.org/@types/json5/-/json5-0.0.29.tgz. Extracting by manifest.
3020 silly tarball no local data for minimist@https://registry.npmjs.org/minimist/-/minimist-1.2.8.tgz. Extracting by manifest.
3021 silly tarball no local data for client-only@https://registry.npmjs.org/client-only/-/client-only-0.0.1.tgz. Extracting by manifest.
3022 silly tarball no local data for has-flag@https://registry.npmjs.org/has-flag/-/has-flag-4.0.0.tgz. Extracting by manifest.
3023 silly tarball no local data for is-number@https://registry.npmjs.org/is-number/-/is-number-7.0.0.tgz. Extracting by manifest.
3024 silly tarball no local data for @emnapi/runtime@https://registry.npmjs.org/@emnapi/runtime/-/runtime-1.7.1.tgz. Extracting by manifest.
3025 silly tarball no local data for side-channel-weakmap@https://registry.npmjs.org/side-channel-weakmap/-/side-channel-weakmap-1.0.2.tgz. Extracting by manifest.
3026 silly tarball no local data for side-channel-map@https://registry.npmjs.org/side-channel-map/-/side-channel-map-1.0.1.tgz. Extracting by manifest.
3027 silly tarball no local data for shebang-regex@https://registry.npmjs.org/shebang-regex/-/shebang-regex-3.0.0.tgz. Extracting by manifest.
3028 silly tarball no local data for side-channel-list@https://registry.npmjs.org/side-channel-list/-/side-channel-list-1.0.0.tgz. Extracting by manifest.
3029 silly tarball no local data for @img/sharp-win32-x64@https://registry.npmjs.org/@img/sharp-win32-x64/-/sharp-win32-x64-0.34.5.tgz. Extracting by manifest.
3030 silly tarball no local data for @img/colour@https://registry.npmjs.org/@img/colour/-/colour-1.0.0.tgz. Extracting by manifest.
3031 silly tarball no local data for isarray@https://registry.npmjs.org/isarray/-/isarray-2.0.5.tgz. Extracting by manifest.
3032 silly tarball no local data for queue-microtask@https://registry.npmjs.org/queue-microtask/-/queue-microtask-1.2.3.tgz. Extracting by manifest.
3033 silly tarball no local data for supports-preserve-symlinks-flag@https://registry.npmjs.org/supports-preserve-symlinks-flag/-/supports-preserve-symlinks-flag-1.0.0.tgz. Extracting by manifest.
3034 silly tarball no local data for path-parse@https://registry.npmjs.org/path-parse/-/path-parse-1.0.7.tgz. Extracting by manifest.
3035 silly tarball no local data for scheduler@https://registry.npmjs.org/scheduler/-/scheduler-0.27.0.tgz. Extracting by manifest.
3036 silly tarball no local data for loose-envify@https://registry.npmjs.org/loose-envify/-/loose-envify-1.4.0.tgz. Extracting by manifest.
3037 silly tarball no local data for object-assign@https://registry.npmjs.org/object-assign/-/object-assign-4.1.1.tgz. Extracting by manifest.
3038 silly tarball no local data for react-is@https://registry.npmjs.org/react-is/-/react-is-16.13.1.tgz. Extracting by manifest.
3039 silly tarball no local data for nanoid@https://registry.npmjs.org/nanoid/-/nanoid-3.3.11.tgz. Extracting by manifest.
3040 silly tarball no local data for yocto-queue@https://registry.npmjs.org/yocto-queue/-/yocto-queue-0.1.0.tgz. Extracting by manifest.
3041 silly tarball no local data for callsites@https://registry.npmjs.org/callsites/-/callsites-3.1.0.tgz. Extracting by manifest.
3042 silly tarball no local data for p-limit@https://registry.npmjs.org/p-limit/-/p-limit-3.1.0.tgz. Extracting by manifest.
3043 silly tarball no local data for word-wrap@https://registry.npmjs.org/word-wrap/-/word-wrap-1.2.5.tgz. Extracting by manifest.
3044 silly tarball no local data for tslib@https://registry.npmjs.org/tslib/-/tslib-2.8.1.tgz. Extracting by manifest.
3045 silly tarball no local data for fast-levenshtein@https://registry.npmjs.org/fast-levenshtein/-/fast-levenshtein-2.0.6.tgz. Extracting by manifest.
3046 silly tarball no local data for styled-jsx@https://registry.npmjs.org/styled-jsx/-/styled-jsx-5.1.6.tgz. Extracting by manifest.
3047 silly tarball no local data for @swc/helpers@https://registry.npmjs.org/@swc/helpers/-/helpers-0.5.15.tgz. Extracting by manifest.
3048 silly tarball no local data for sharp@https://registry.npmjs.org/sharp/-/sharp-0.34.5.tgz. Extracting by manifest.
3049 silly tarball no local data for @next/env@https://registry.npmjs.org/@next/env/-/env-16.1.0.tgz. Extracting by manifest.
3050 silly tarball no local data for deep-is@https://registry.npmjs.org/deep-is/-/deep-is-0.1.4.tgz. Extracting by manifest.
3051 silly tarball no local data for concat-map@https://registry.npmjs.org/concat-map/-/concat-map-0.0.1.tgz. Extracting by manifest.
3052 silly tarball no local data for balanced-match@https://registry.npmjs.org/balanced-match/-/balanced-match-1.0.2.tgz. Extracting by manifest.
3053 silly tarball no local data for @next/swc-win32-x64-msvc@https://registry.npmjs.org/@next/swc-win32-x64-msvc/-/swc-win32-x64-msvc-16.1.0.tgz. Extracting by manifest.
3054 silly tarball no local data for fill-range@https://registry.npmjs.org/fill-range/-/fill-range-7.1.1.tgz. Extracting by manifest.
3055 silly tarball no local data for picomatch@https://registry.npmjs.org/picomatch/-/picomatch-2.3.1.tgz. Extracting by manifest.
3056 silly tarball no local data for to-regex-range@https://registry.npmjs.org/to-regex-range/-/to-regex-range-5.0.1.tgz. Extracting by manifest.
3057 silly tarball no local data for brace-expansion@https://registry.npmjs.org/brace-expansion/-/brace-expansion-1.1.12.tgz. Extracting by manifest.
3058 silly tarball no local data for p-locate@https://registry.npmjs.org/p-locate/-/p-locate-5.0.0.tgz. Extracting by manifest.
3059 silly tarball no local data for braces@https://registry.npmjs.org/braces/-/braces-3.0.3.tgz. Extracting by manifest.
3060 silly tarball no local data for lightningcss-win32-x64-msvc@https://registry.npmjs.org/lightningcss-win32-x64-msvc/-/lightningcss-win32-x64-msvc-1.30.2.tgz. Extracting by manifest.
3061 silly tarball no local data for type-check@https://registry.npmjs.org/type-check/-/type-check-0.4.0.tgz. Extracting by manifest.
3062 silly tarball no local data for yallist@https://registry.npmjs.org/yallist/-/yallist-3.1.1.tgz. Extracting by manifest.
3063 silly tarball no local data for prelude-ls@https://registry.npmjs.org/prelude-ls/-/prelude-ls-1.2.1.tgz. Extracting by manifest.
3064 silly tarball no local data for language-subtag-registry@https://registry.npmjs.org/language-subtag-registry/-/language-subtag-registry-0.3.23.tgz. Extracting by manifest.
3065 silly tarball no local data for json-buffer@https://registry.npmjs.org/json-buffer/-/json-buffer-3.0.1.tgz. Extracting by manifest.
3066 silly tarball no local data for argparse@https://registry.npmjs.org/argparse/-/argparse-2.0.1.tgz. Extracting by manifest.
3067 silly tarball no local data for is-extglob@https://registry.npmjs.org/is-extglob/-/is-extglob-2.1.1.tgz. Extracting by manifest.
3068 silly tarball no local data for set-function-name@https://registry.npmjs.org/set-function-name/-/set-function-name-2.0.2.tgz. Extracting by manifest.
3069 silly tarball no local data for detect-libc@https://registry.npmjs.org/detect-libc/-/detect-libc-2.1.2.tgz. Extracting by manifest.
3070 silly tarball no local data for side-channel@https://registry.npmjs.org/side-channel/-/side-channel-1.1.0.tgz. Extracting by manifest.
3071 silly tarball no local data for parent-module@https://registry.npmjs.org/parent-module/-/parent-module-1.0.1.tgz. Extracting by manifest.
3072 silly tarball no local data for hermes-estree@https://registry.npmjs.org/hermes-estree/-/hermes-estree-0.25.1.tgz. Extracting by manifest.
3073 silly tarball no local data for resolve-from@https://registry.npmjs.org/resolve-from/-/resolve-from-4.0.0.tgz. Extracting by manifest.
3074 silly tarball no local data for resolve-pkg-maps@https://registry.npmjs.org/resolve-pkg-maps/-/resolve-pkg-maps-1.0.0.tgz. Extracting by manifest.
3075 silly tarball no local data for dunder-proto@https://registry.npmjs.org/dunder-proto/-/dunder-proto-1.0.1.tgz. Extracting by manifest.
3076 silly tarball no local data for keyv@https://registry.npmjs.org/keyv/-/keyv-4.5.4.tgz. Extracting by manifest.
3077 silly tarball no local data for flatted@https://registry.npmjs.org/flatted/-/flatted-3.3.3.tgz. Extracting by manifest.
3078 silly tarball no local data for functions-have-names@https://registry.npmjs.org/functions-have-names/-/functions-have-names-1.2.3.tgz. Extracting by manifest.
3079 silly tarball no local data for locate-path@https://registry.npmjs.org/locate-path/-/locate-path-6.0.0.tgz. Extracting by manifest.
3080 silly tarball no local data for path-exists@https://registry.npmjs.org/path-exists/-/path-exists-4.0.0.tgz. Extracting by manifest.
3081 silly tarball no local data for flat-cache@https://registry.npmjs.org/flat-cache/-/flat-cache-4.0.1.tgz. Extracting by manifest.
3082 silly tarball no local data for reusify@https://registry.npmjs.org/reusify/-/reusify-1.1.0.tgz. Extracting by manifest.
3083 silly tarball no local data for run-parallel@https://registry.npmjs.org/run-parallel/-/run-parallel-1.2.0.tgz. Extracting by manifest.
3084 silly tarball no local data for fastq@https://registry.npmjs.org/fastq/-/fastq-1.19.1.tgz. Extracting by manifest.
3085 silly tarball no local data for @nodelib/fs.scandir@https://registry.npmjs.org/@nodelib/fs.scandir/-/fs.scandir-2.1.5.tgz. Extracting by manifest.
3086 silly tarball no local data for merge2@https://registry.npmjs.org/merge2/-/merge2-1.4.1.tgz. Extracting by manifest.
3087 silly tarball no local data for micromatch@https://registry.npmjs.org/micromatch/-/micromatch-4.0.8.tgz. Extracting by manifest.
3088 silly tarball no local data for @nodelib/fs.stat@https://registry.npmjs.org/@nodelib/fs.stat/-/fs.stat-2.0.5.tgz. Extracting by manifest.
3089 silly tarball no local data for @nodelib/fs.walk@https://registry.npmjs.org/@nodelib/fs.walk/-/fs.walk-1.2.8.tgz. Extracting by manifest.
3090 silly tarball no local data for esrecurse@https://registry.npmjs.org/esrecurse/-/esrecurse-4.3.0.tgz. Extracting by manifest.
3091 silly tarball no local data for acorn@https://registry.npmjs.org/acorn/-/acorn-8.15.0.tgz. Extracting by manifest.
3092 silly tarball no local data for acorn-jsx@https://registry.npmjs.org/acorn-jsx/-/acorn-jsx-5.3.2.tgz. Extracting by manifest.
3093 silly tarball no local data for update-browserslist-db@https://registry.npmjs.org/update-browserslist-db/-/update-browserslist-db-1.2.3.tgz. Extracting by manifest.
3094 silly tarball no local data for baseline-browser-mapping@https://registry.npmjs.org/baseline-browser-mapping/-/baseline-browser-mapping-2.9.11.tgz. Extracting by manifest.
3095 silly tarball no local data for caniuse-lite@https://registry.npmjs.org/caniuse-lite/-/caniuse-lite-1.0.30001761.tgz. Extracting by manifest.
3096 silly tarball no local data for electron-to-chromium@https://registry.npmjs.org/electron-to-chromium/-/electron-to-chromium-1.5.267.tgz. Extracting by manifest.
3097 silly tarball no local data for node-releases@https://registry.npmjs.org/node-releases/-/node-releases-2.0.27.tgz. Extracting by manifest.
3098 silly tarball no local data for @babel/helper-globals@https://registry.npmjs.org/@babel/helper-globals/-/helper-globals-7.28.0.tgz. Extracting by manifest.
3099 silly tarball no local data for browserslist@https://registry.npmjs.org/browserslist/-/browserslist-4.28.1.tgz. Extracting by manifest.
3100 silly tarball no local data for @babel/helper-validator-option@https://registry.npmjs.org/@babel/helper-validator-option/-/helper-validator-option-7.27.1.tgz. Extracting by manifest.
3101 silly tarball no local data for @babel/compat-data@https://registry.npmjs.org/@babel/compat-data/-/compat-data-7.28.5.tgz. Extracting by manifest.
3102 silly tarball no local data for lru-cache@https://registry.npmjs.org/lru-cache/-/lru-cache-5.1.1.tgz. Extracting by manifest.
3103 silly tarball no local data for jsesc@https://registry.npmjs.org/jsesc/-/jsesc-3.1.0.tgz. Extracting by manifest.
3104 silly tarball no local data for picocolors@https://registry.npmjs.org/picocolors/-/picocolors-1.1.1.tgz. Extracting by manifest.
3105 silly tarball no local data for js-tokens@https://registry.npmjs.org/js-tokens/-/js-tokens-4.0.0.tgz. Extracting by manifest.
3106 silly tarball no local data for json5@https://registry.npmjs.org/json5/-/json5-2.2.3.tgz. Extracting by manifest.
3107 silly tarball no local data for @babel/traverse@https://registry.npmjs.org/@babel/traverse/-/traverse-7.28.5.tgz. Extracting by manifest.
3108 silly tarball no local data for @babel/template@https://registry.npmjs.org/@babel/template/-/template-7.27.2.tgz. Extracting by manifest.
3109 silly tarball no local data for gensync@https://registry.npmjs.org/gensync/-/gensync-1.0.0-beta.2.tgz. Extracting by manifest.
3110 silly tarball no local data for convert-source-map@https://registry.npmjs.org/convert-source-map/-/convert-source-map-2.0.0.tgz. Extracting by manifest.
3111 silly tarball no local data for @babel/helper-module-transforms@https://registry.npmjs.org/@babel/helper-module-transforms/-/helper-module-transforms-7.28.3.tgz. Extracting by manifest.
3112 silly tarball no local data for @babel/helpers@https://registry.npmjs.org/@babel/helpers/-/helpers-7.28.4.tgz. Extracting by manifest.
3113 silly tarball no local data for zod-validation-error@https://registry.npmjs.org/zod-validation-error/-/zod-validation-error-4.0.2.tgz. Extracting by manifest.
3114 silly tarball no local data for zod@https://registry.npmjs.org/zod/-/zod-4.2.1.tgz. Extracting by manifest.
3115 silly tarball no local data for hermes-parser@https://registry.npmjs.org/hermes-parser/-/hermes-parser-0.25.1.tgz. Extracting by manifest.
3116 silly tarball no local data for @babel/helper-compilation-targets@https://registry.npmjs.org/@babel/helper-compilation-targets/-/helper-compilation-targets-7.27.2.tgz. Extracting by manifest.
3117 silly tarball no local data for iterator.prototype@https://registry.npmjs.org/iterator.prototype/-/iterator.prototype-1.1.5.tgz. Extracting by manifest.
3118 silly tarball no local data for @babel/code-frame@https://registry.npmjs.org/@babel/code-frame/-/code-frame-7.27.1.tgz. Extracting by manifest.
3119 silly tarball no local data for @babel/helper-module-imports@https://registry.npmjs.org/@babel/helper-module-imports/-/helper-module-imports-7.27.1.tgz. Extracting by manifest.
3120 silly tarball no local data for @babel/generator@https://registry.npmjs.org/@babel/generator/-/generator-7.28.5.tgz. Extracting by manifest.
3121 silly tarball no local data for string.prototype.matchall@https://registry.npmjs.org/string.prototype.matchall/-/string.prototype.matchall-4.0.12.tgz. Extracting by manifest.
3122 silly tarball no local data for @babel/parser@https://registry.npmjs.org/@babel/parser/-/parser-7.28.5.tgz. Extracting by manifest.
3123 silly tarball no local data for prop-types@https://registry.npmjs.org/prop-types/-/prop-types-15.8.1.tgz. Extracting by manifest.
3124 silly tarball no local data for string.prototype.repeat@https://registry.npmjs.org/string.prototype.repeat/-/string.prototype.repeat-1.0.0.tgz. Extracting by manifest.
3125 silly tarball no local data for @babel/core@https://registry.npmjs.org/@babel/core/-/core-7.28.5.tgz. Extracting by manifest.
3126 silly tarball no local data for estraverse@https://registry.npmjs.org/estraverse/-/estraverse-5.3.0.tgz. Extracting by manifest.
3127 silly tarball no local data for es-iterator-helpers@https://registry.npmjs.org/es-iterator-helpers/-/es-iterator-helpers-1.2.2.tgz. Extracting by manifest.
3128 silly tarball no local data for array.prototype.findlast@https://registry.npmjs.org/array.prototype.findlast/-/array.prototype.findlast-1.2.5.tgz. Extracting by manifest.
3129 silly tarball no local data for object.entries@https://registry.npmjs.org/object.entries/-/object.entries-1.1.9.tgz. Extracting by manifest.
3130 silly tarball no local data for string.prototype.includes@https://registry.npmjs.org/string.prototype.includes/-/string.prototype.includes-2.0.1.tgz. Extracting by manifest.
3131 silly tarball no local data for array.prototype.tosorted@https://registry.npmjs.org/array.prototype.tosorted/-/array.prototype.tosorted-1.1.4.tgz. Extracting by manifest.
3132 silly tarball no local data for jsx-ast-utils@https://registry.npmjs.org/jsx-ast-utils/-/jsx-ast-utils-3.3.5.tgz. Extracting by manifest.
3133 silly tarball no local data for emoji-regex@https://registry.npmjs.org/emoji-regex/-/emoji-regex-9.2.2.tgz. Extracting by manifest.
3134 silly tarball no local data for axobject-query@https://registry.npmjs.org/axobject-query/-/axobject-query-4.1.0.tgz. Extracting by manifest.
3135 silly tarball no local data for damerau-levenshtein@https://registry.npmjs.org/damerau-levenshtein/-/damerau-levenshtein-1.0.8.tgz. Extracting by manifest.
3136 silly tarball no local data for ast-types-flow@https://registry.npmjs.org/ast-types-flow/-/ast-types-flow-0.0.8.tgz. Extracting by manifest.
3137 silly tarball no local data for is-symbol@https://registry.npmjs.org/is-symbol/-/is-symbol-1.1.1.tgz. Extracting by manifest.
3138 silly tarball no local data for has-tostringtag@https://registry.npmjs.org/has-tostringtag/-/has-tostringtag-1.0.2.tgz. Extracting by manifest.
3139 silly tarball no local data for aria-query@https://registry.npmjs.org/aria-query/-/aria-query-5.3.2.tgz. Extracting by manifest.
3140 silly tarball no local data for is-date-object@https://registry.npmjs.org/is-date-object/-/is-date-object-1.1.0.tgz. Extracting by manifest.
3141 silly tarball no local data for which-typed-array@https://registry.npmjs.org/which-typed-array/-/which-typed-array-1.1.19.tgz. Extracting by manifest.
3142 silly tarball no local data for axe-core@https://registry.npmjs.org/axe-core/-/axe-core-4.11.0.tgz. Extracting by manifest.
3143 silly tarball no local data for possible-typed-array-names@https://registry.npmjs.org/possible-typed-array-names/-/possible-typed-array-names-1.1.0.tgz. Extracting by manifest.
3144 silly tarball no local data for unbox-primitive@https://registry.npmjs.org/unbox-primitive/-/unbox-primitive-1.1.0.tgz. Extracting by manifest.
3145 silly tarball no local data for typed-array-length@https://registry.npmjs.org/typed-array-length/-/typed-array-length-1.0.7.tgz. Extracting by manifest.
3146 silly tarball no local data for language-tags@https://registry.npmjs.org/language-tags/-/language-tags-1.0.9.tgz. Extracting by manifest.
3147 silly tarball no local data for typed-array-byte-length@https://registry.npmjs.org/typed-array-byte-length/-/typed-array-byte-length-1.0.3.tgz. Extracting by manifest.
3148 silly tarball no local data for typed-array-byte-offset@https://registry.npmjs.org/typed-array-byte-offset/-/typed-array-byte-offset-1.0.4.tgz. Extracting by manifest.
3149 silly tarball no local data for typed-array-buffer@https://registry.npmjs.org/typed-array-buffer/-/typed-array-buffer-1.0.3.tgz. Extracting by manifest.
3150 silly tarball no local data for string.prototype.trim@https://registry.npmjs.org/string.prototype.trim/-/string.prototype.trim-1.2.10.tgz. Extracting by manifest.
3151 silly tarball no local data for string.prototype.trimstart@https://registry.npmjs.org/string.prototype.trimstart/-/string.prototype.trimstart-1.0.8.tgz. Extracting by manifest.
3152 silly tarball no local data for stop-iteration-iterator@https://registry.npmjs.org/stop-iteration-iterator/-/stop-iteration-iterator-1.1.0.tgz. Extracting by manifest.
3153 silly tarball no local data for safe-regex-test@https://registry.npmjs.org/safe-regex-test/-/safe-regex-test-1.1.0.tgz. Extracting by manifest.
3154 silly tarball no local data for safe-array-concat@https://registry.npmjs.org/safe-array-concat/-/safe-array-concat-1.1.3.tgz. Extracting by manifest.
3155 silly tarball no local data for regexp.prototype.flags@https://registry.npmjs.org/regexp.prototype.flags/-/regexp.prototype.flags-1.5.4.tgz. Extracting by manifest.
3156 silly tarball no local data for set-proto@https://registry.npmjs.org/set-proto/-/set-proto-1.0.0.tgz. Extracting by manifest.
3157 silly tarball no local data for safe-push-apply@https://registry.npmjs.org/safe-push-apply/-/safe-push-apply-1.0.0.tgz. Extracting by manifest.
3158 silly tarball no local data for own-keys@https://registry.npmjs.org/own-keys/-/own-keys-1.0.1.tgz. Extracting by manifest.
3159 silly tarball no local data for object.assign@https://registry.npmjs.org/object.assign/-/object.assign-4.1.7.tgz. Extracting by manifest.
3160 silly tarball no local data for object-inspect@https://registry.npmjs.org/object-inspect/-/object-inspect-1.13.4.tgz. Extracting by manifest.
3161 silly tarball no local data for is-weakref@https://registry.npmjs.org/is-weakref/-/is-weakref-1.1.1.tgz. Extracting by manifest.
3162 silly tarball no local data for is-shared-array-buffer@https://registry.npmjs.org/is-shared-array-buffer/-/is-shared-array-buffer-1.0.4.tgz. Extracting by manifest.
3163 silly tarball no local data for is-set@https://registry.npmjs.org/is-set/-/is-set-2.0.3.tgz. Extracting by manifest.
3164 silly tarball no local data for is-negative-zero@https://registry.npmjs.org/is-negative-zero/-/is-negative-zero-2.0.3.tgz. Extracting by manifest.
3165 silly tarball no local data for is-array-buffer@https://registry.npmjs.org/is-array-buffer/-/is-array-buffer-3.0.5.tgz. Extracting by manifest.
3166 silly tarball no local data for is-regex@https://registry.npmjs.org/is-regex/-/is-regex-1.2.1.tgz. Extracting by manifest.
3167 silly tarball no local data for is-typed-array@https://registry.npmjs.org/is-typed-array/-/is-typed-array-1.1.15.tgz. Extracting by manifest.
3168 silly tarball no local data for is-data-view@https://registry.npmjs.org/is-data-view/-/is-data-view-1.0.2.tgz. Extracting by manifest.
3169 silly tarball no local data for is-callable@https://registry.npmjs.org/is-callable/-/is-callable-1.2.7.tgz. Extracting by manifest.
3170 silly tarball no local data for internal-slot@https://registry.npmjs.org/internal-slot/-/internal-slot-1.1.0.tgz. Extracting by manifest.
3171 silly tarball no local data for has-symbols@https://registry.npmjs.org/has-symbols/-/has-symbols-1.1.0.tgz. Extracting by manifest.
3172 silly tarball no local data for has-proto@https://registry.npmjs.org/has-proto/-/has-proto-1.2.0.tgz. Extracting by manifest.
3173 silly tarball no local data for globalthis@https://registry.npmjs.org/globalthis/-/globalthis-1.0.4.tgz. Extracting by manifest.
3174 silly tarball no local data for get-symbol-description@https://registry.npmjs.org/get-symbol-description/-/get-symbol-description-1.1.0.tgz. Extracting by manifest.
3175 silly tarball no local data for function.prototype.name@https://registry.npmjs.org/function.prototype.name/-/function.prototype.name-1.1.8.tgz. Extracting by manifest.
3176 silly tarball no local data for get-proto@https://registry.npmjs.org/get-proto/-/get-proto-1.0.1.tgz. Extracting by manifest.
3177 silly tarball no local data for data-view-byte-offset@https://registry.npmjs.org/data-view-byte-offset/-/data-view-byte-offset-1.0.1.tgz. Extracting by manifest.
3178 silly tarball no local data for es-set-tostringtag@https://registry.npmjs.org/es-set-tostringtag/-/es-set-tostringtag-2.1.0.tgz. Extracting by manifest.
3179 silly tarball no local data for data-view-buffer@https://registry.npmjs.org/data-view-buffer/-/data-view-buffer-1.0.2.tgz. Extracting by manifest.
3180 silly tarball no local data for arraybuffer.prototype.slice@https://registry.npmjs.org/arraybuffer.prototype.slice/-/arraybuffer.prototype.slice-1.0.4.tgz. Extracting by manifest.
3181 silly tarball no local data for data-view-byte-length@https://registry.npmjs.org/data-view-byte-length/-/data-view-byte-length-1.0.2.tgz. Extracting by manifest.
3182 silly tarball no local data for array-buffer-byte-length@https://registry.npmjs.org/array-buffer-byte-length/-/array-buffer-byte-length-1.0.2.tgz. Extracting by manifest.
3183 silly tarball no local data for es-to-primitive@https://registry.npmjs.org/es-to-primitive/-/es-to-primitive-1.3.0.tgz. Extracting by manifest.
3184 silly tarball no local data for available-typed-arrays@https://registry.npmjs.org/available-typed-arrays/-/available-typed-arrays-1.0.7.tgz. Extracting by manifest.
3185 silly tarball no local data for define-data-property@https://registry.npmjs.org/define-data-property/-/define-data-property-1.1.4.tgz. Extracting by manifest.
3186 silly tarball no local data for has-property-descriptors@https://registry.npmjs.org/has-property-descriptors/-/has-property-descriptors-1.0.2.tgz. Extracting by manifest.
3187 silly tarball no local data for object-keys@https://registry.npmjs.org/object-keys/-/object-keys-1.1.1.tgz. Extracting by manifest.
3188 silly tarball no local data for set-function-length@https://registry.npmjs.org/set-function-length/-/set-function-length-1.2.2.tgz. Extracting by manifest.
3189 silly tarball no local data for es-define-property@https://registry.npmjs.org/es-define-property/-/es-define-property-1.0.1.tgz. Extracting by manifest.
3190 silly tarball no local data for gopd@https://registry.npmjs.org/gopd/-/gopd-1.2.0.tgz. Extracting by manifest.
3191 silly tarball no local data for call-bind-apply-helpers@https://registry.npmjs.org/call-bind-apply-helpers/-/call-bind-apply-helpers-1.0.2.tgz. Extracting by manifest.
3192 silly tarball no local data for function-bind@https://registry.npmjs.org/function-bind/-/function-bind-1.1.2.tgz. Extracting by manifest.
3193 silly tarball no local data for es-shim-unscopables@https://registry.npmjs.org/es-shim-unscopables/-/es-shim-unscopables-1.1.0.tgz. Extracting by manifest.
3194 silly tarball no local data for es-errors@https://registry.npmjs.org/es-errors/-/es-errors-1.3.0.tgz. Extracting by manifest.
3195 silly tarball no local data for math-intrinsics@https://registry.npmjs.org/math-intrinsics/-/math-intrinsics-1.1.0.tgz. Extracting by manifest.
3196 silly tarball no local data for es-object-atoms@https://registry.npmjs.org/es-object-atoms/-/es-object-atoms-1.1.1.tgz. Extracting by manifest.
3197 silly tarball no local data for is-string@https://registry.npmjs.org/is-string/-/is-string-1.1.1.tgz. Extracting by manifest.
3198 silly tarball no local data for get-intrinsic@https://registry.npmjs.org/get-intrinsic/-/get-intrinsic-1.3.0.tgz. Extracting by manifest.
3199 silly tarball no local data for es-abstract@https://registry.npmjs.org/es-abstract/-/es-abstract-1.24.1.tgz. Extracting by manifest.
3200 silly tarball no local data for define-properties@https://registry.npmjs.org/define-properties/-/define-properties-1.2.1.tgz. Extracting by manifest.
3201 silly tarball no local data for call-bound@https://registry.npmjs.org/call-bound/-/call-bound-1.0.4.tgz. Extracting by manifest.
3202 silly tarball no local data for call-bind@https://registry.npmjs.org/call-bind/-/call-bind-1.0.8.tgz. Extracting by manifest.
3203 silly tarball no local data for tsconfig-paths@https://registry.npmjs.org/tsconfig-paths/-/tsconfig-paths-3.15.0.tgz. Extracting by manifest.
3204 silly tarball no local data for semver@https://registry.npmjs.org/semver/-/semver-6.3.1.tgz. Extracting by manifest.
3205 silly tarball no local data for string.prototype.trimend@https://registry.npmjs.org/string.prototype.trimend/-/string.prototype.trimend-1.0.9.tgz. Extracting by manifest.
3206 silly tarball no local data for object.values@https://registry.npmjs.org/object.values/-/object.values-1.2.1.tgz. Extracting by manifest.
3207 silly tarball no local data for object.groupby@https://registry.npmjs.org/object.groupby/-/object.groupby-1.0.3.tgz. Extracting by manifest.
3208 silly tarball no local data for object.fromentries@https://registry.npmjs.org/object.fromentries/-/object.fromentries-2.0.8.tgz. Extracting by manifest.
3209 silly tarball no local data for hasown@https://registry.npmjs.org/hasown/-/hasown-2.0.2.tgz. Extracting by manifest.
3210 silly tarball no local data for doctrine@https://registry.npmjs.org/doctrine/-/doctrine-2.1.0.tgz. Extracting by manifest.
3211 silly tarball no local data for array.prototype.flatmap@https://registry.npmjs.org/array.prototype.flatmap/-/array.prototype.flatmap-1.3.3.tgz. Extracting by manifest.
3212 silly tarball no local data for eslint-module-utils@https://registry.npmjs.org/eslint-module-utils/-/eslint-module-utils-2.12.1.tgz. Extracting by manifest.
3213 silly tarball no local data for array.prototype.flat@https://registry.npmjs.org/array.prototype.flat/-/array.prototype.flat-1.3.3.tgz. Extracting by manifest.
3214 silly tarball no local data for array.prototype.findlastindex@https://registry.npmjs.org/array.prototype.findlastindex/-/array.prototype.findlastindex-1.2.6.tgz. Extracting by manifest.
3215 silly tarball no local data for @rtsao/scc@https://registry.npmjs.org/@rtsao/scc/-/scc-1.1.0.tgz. Extracting by manifest.
3216 silly tarball no local data for array-includes@https://registry.npmjs.org/array-includes/-/array-includes-3.1.9.tgz. Extracting by manifest.
3217 silly tarball no local data for unrs-resolver@https://registry.npmjs.org/unrs-resolver/-/unrs-resolver-1.11.1.tgz. Extracting by manifest.
3218 silly tarball no local data for tinyglobby@https://registry.npmjs.org/tinyglobby/-/tinyglobby-0.2.15.tgz. Extracting by manifest.
3219 silly tarball no local data for get-tsconfig@https://registry.npmjs.org/get-tsconfig/-/get-tsconfig-4.13.0.tgz. Extracting by manifest.
3220 silly tarball no local data for resolve@https://registry.npmjs.org/resolve/-/resolve-1.22.11.tgz. Extracting by manifest.
3221 silly tarball no local data for @nolyfill/is-core-module@https://registry.npmjs.org/@nolyfill/is-core-module/-/is-core-module-1.0.39.tgz. Extracting by manifest.
3222 silly tarball no local data for stable-hash@https://registry.npmjs.org/stable-hash/-/stable-hash-0.0.5.tgz. Extracting by manifest.
3223 silly tarball no local data for is-bun-module@https://registry.npmjs.org/is-bun-module/-/is-bun-module-2.0.0.tgz. Extracting by manifest.
3224 silly tarball no local data for is-core-module@https://registry.npmjs.org/is-core-module/-/is-core-module-2.16.1.tgz. Extracting by manifest.
3225 silly tarball no local data for fast-glob@https://registry.npmjs.org/fast-glob/-/fast-glob-3.3.1.tgz. Extracting by manifest.
3226 silly tarball no local data for eslint-plugin-react-hooks@https://registry.npmjs.org/eslint-plugin-react-hooks/-/eslint-plugin-react-hooks-7.0.1.tgz. Extracting by manifest.
3227 silly tarball no local data for eslint-plugin-react@https://registry.npmjs.org/eslint-plugin-react/-/eslint-plugin-react-7.37.5.tgz. Extracting by manifest.
3228 silly tarball no local data for typescript-eslint@https://registry.npmjs.org/typescript-eslint/-/typescript-eslint-8.50.0.tgz. Extracting by manifest.
3229 silly tarball no local data for eslint-plugin-jsx-a11y@https://registry.npmjs.org/eslint-plugin-jsx-a11y/-/eslint-plugin-jsx-a11y-6.10.2.tgz. Extracting by manifest.
3230 silly tarball no local data for which@https://registry.npmjs.org/which/-/which-2.0.2.tgz. Extracting by manifest.
3231 silly tarball no local data for eslint-plugin-import@https://registry.npmjs.org/eslint-plugin-import/-/eslint-plugin-import-2.32.0.tgz. Extracting by manifest.
3232 silly tarball no local data for eslint-import-resolver-node@https://registry.npmjs.org/eslint-import-resolver-node/-/eslint-import-resolver-node-0.3.9.tgz. Extracting by manifest.
3233 silly tarball no local data for eslint-import-resolver-typescript@https://registry.npmjs.org/eslint-import-resolver-typescript/-/eslint-import-resolver-typescript-3.10.1.tgz. Extracting by manifest.
3234 silly tarball no local data for path-key@https://registry.npmjs.org/path-key/-/path-key-3.1.1.tgz. Extracting by manifest.
3235 silly tarball no local data for shebang-command@https://registry.npmjs.org/shebang-command/-/shebang-command-2.0.0.tgz. Extracting by manifest.
3236 silly tarball no local data for ms@https://registry.npmjs.org/ms/-/ms-2.1.3.tgz. Extracting by manifest.
3237 silly tarball no local data for color-name@https://registry.npmjs.org/color-name/-/color-name-1.1.4.tgz. Extracting by manifest.
3238 silly tarball no local data for color-convert@https://registry.npmjs.org/color-convert/-/color-convert-2.0.1.tgz. Extracting by manifest.
3239 silly tarball no local data for supports-color@https://registry.npmjs.org/supports-color/-/supports-color-7.2.0.tgz. Extracting by manifest.
3240 silly tarball no local data for @next/eslint-plugin-next@https://registry.npmjs.org/@next/eslint-plugin-next/-/eslint-plugin-next-16.1.0.tgz. Extracting by manifest.
3241 silly tarball no local data for @humanfs/core@https://registry.npmjs.org/@humanfs/core/-/core-0.19.1.tgz. Extracting by manifest.
3242 silly tarball no local data for ansi-styles@https://registry.npmjs.org/ansi-styles/-/ansi-styles-4.3.0.tgz. Extracting by manifest.
3243 silly tarball no local data for json-schema-traverse@https://registry.npmjs.org/json-schema-traverse/-/json-schema-traverse-0.4.1.tgz. Extracting by manifest.
3244 silly tarball no local data for levn@https://registry.npmjs.org/levn/-/levn-0.4.1.tgz. Extracting by manifest.
3245 silly tarball no local data for uri-js@https://registry.npmjs.org/uri-js/-/uri-js-4.4.1.tgz. Extracting by manifest.
3246 silly tarball no local data for fast-json-stable-stringify@https://registry.npmjs.org/fast-json-stable-stringify/-/fast-json-stable-stringify-2.1.0.tgz. Extracting by manifest.
3247 silly tarball no local data for js-yaml@https://registry.npmjs.org/js-yaml/-/js-yaml-4.1.1.tgz. Extracting by manifest.
3248 silly tarball no local data for strip-json-comments@https://registry.npmjs.org/strip-json-comments/-/strip-json-comments-3.1.1.tgz. Extracting by manifest.
3249 silly tarball no local data for @types/json-schema@https://registry.npmjs.org/@types/json-schema/-/json-schema-7.0.15.tgz. Extracting by manifest.
3250 silly tarball no local data for @eslint/object-schema@https://registry.npmjs.org/@eslint/object-schema/-/object-schema-2.1.7.tgz. Extracting by manifest.
3251 silly tarball no local data for import-fresh@https://registry.npmjs.org/import-fresh/-/import-fresh-3.3.1.tgz. Extracting by manifest.
3252 silly tarball no local data for globals@https://registry.npmjs.org/globals/-/globals-14.0.0.tgz. Extracting by manifest.
3253 silly tarball no local data for optionator@https://registry.npmjs.org/optionator/-/optionator-0.9.4.tgz. Extracting by manifest.
3254 silly tarball no local data for minimatch@https://registry.npmjs.org/minimatch/-/minimatch-3.1.2.tgz. Extracting by manifest.
3255 silly tarball no local data for natural-compare@https://registry.npmjs.org/natural-compare/-/natural-compare-1.4.0.tgz. Extracting by manifest.
3256 silly tarball no local data for lodash.merge@https://registry.npmjs.org/lodash.merge/-/lodash.merge-4.6.2.tgz. Extracting by manifest.
3257 silly tarball no local data for is-glob@https://registry.npmjs.org/is-glob/-/is-glob-4.0.3.tgz. Extracting by manifest.
3258 silly tarball no local data for imurmurhash@https://registry.npmjs.org/imurmurhash/-/imurmurhash-0.1.4.tgz. Extracting by manifest.
3259 silly tarball no local data for ignore@https://registry.npmjs.org/ignore/-/ignore-5.3.2.tgz. Extracting by manifest.
3260 silly tarball no local data for glob-parent@https://registry.npmjs.org/glob-parent/-/glob-parent-6.0.2.tgz. Extracting by manifest.
3261 silly tarball no local data for find-up@https://registry.npmjs.org/find-up/-/find-up-5.0.0.tgz. Extracting by manifest.
3262 silly tarball no local data for json-stable-stringify-without-jsonify@https://registry.npmjs.org/json-stable-stringify-without-jsonify/-/json-stable-stringify-without-jsonify-1.0.1.tgz. Extracting by manifest.
3263 silly tarball no local data for fast-deep-equal@https://registry.npmjs.org/fast-deep-equal/-/fast-deep-equal-3.1.3.tgz. Extracting by manifest.
3264 silly tarball no local data for file-entry-cache@https://registry.npmjs.org/file-entry-cache/-/file-entry-cache-8.0.0.tgz. Extracting by manifest.
3265 silly tarball no local data for espree@https://registry.npmjs.org/espree/-/espree-10.4.0.tgz. Extracting by manifest.
3266 silly tarball no local data for esutils@https://registry.npmjs.org/esutils/-/esutils-2.0.3.tgz. Extracting by manifest.
3267 silly tarball no local data for esquery@https://registry.npmjs.org/esquery/-/esquery-1.6.0.tgz. Extracting by manifest.
3268 silly tarball no local data for eslint-visitor-keys@https://registry.npmjs.org/eslint-visitor-keys/-/eslint-visitor-keys-4.2.1.tgz. Extracting by manifest.
3269 silly tarball no local data for escape-string-regexp@https://registry.npmjs.org/escape-string-regexp/-/escape-string-regexp-4.0.0.tgz. Extracting by manifest.
3270 silly tarball no local data for eslint-scope@https://registry.npmjs.org/eslint-scope/-/eslint-scope-8.4.0.tgz. Extracting by manifest.
3271 silly tarball no local data for @types/estree@https://registry.npmjs.org/@types/estree/-/estree-1.0.8.tgz. Extracting by manifest.
3272 silly tarball no local data for cross-spawn@https://registry.npmjs.org/cross-spawn/-/cross-spawn-7.0.6.tgz. Extracting by manifest.
3273 silly tarball no local data for chalk@https://registry.npmjs.org/chalk/-/chalk-4.1.2.tgz. Extracting by manifest.
3274 silly tarball no local data for debug@https://registry.npmjs.org/debug/-/debug-4.4.3.tgz. Extracting by manifest.
3275 silly tarball no local data for @eslint/plugin-kit@https://registry.npmjs.org/@eslint/plugin-kit/-/plugin-kit-0.4.1.tgz. Extracting by manifest.
3276 silly tarball no local data for @humanfs/node@https://registry.npmjs.org/@humanfs/node/-/node-0.16.7.tgz. Extracting by manifest.
3277 silly tarball no local data for @eslint/eslintrc@https://registry.npmjs.org/@eslint/eslintrc/-/eslintrc-3.3.3.tgz. Extracting by manifest.
3278 silly tarball no local data for @eslint/core@https://registry.npmjs.org/@eslint/core/-/core-0.17.0.tgz. Extracting by manifest.
3279 silly tarball no local data for ajv@https://registry.npmjs.org/ajv/-/ajv-6.12.6.tgz. Extracting by manifest.
3280 silly tarball no local data for @eslint/js@https://registry.npmjs.org/@eslint/js/-/js-9.39.2.tgz. Extracting by manifest.
3281 silly tarball no local data for @humanwhocodes/retry@https://registry.npmjs.org/@humanwhocodes/retry/-/retry-0.4.3.tgz. Extracting by manifest.
3282 silly tarball no local data for @eslint/config-helpers@https://registry.npmjs.org/@eslint/config-helpers/-/config-helpers-0.4.2.tgz. Extracting by manifest.
3283 silly tarball no local data for @eslint/config-array@https://registry.npmjs.org/@eslint/config-array/-/config-array-0.21.1.tgz. Extracting by manifest.
3284 silly tarball no local data for graceful-fs@https://registry.npmjs.org/graceful-fs/-/graceful-fs-4.2.11.tgz. Extracting by manifest.
3285 silly tarball no local data for @humanwhocodes/module-importer@https://registry.npmjs.org/@humanwhocodes/module-importer/-/module-importer-1.0.1.tgz. Extracting by manifest.
3286 silly tarball no local data for @babel/helper-validator-identifier@https://registry.npmjs.org/@babel/helper-validator-identifier/-/helper-validator-identifier-7.28.5.tgz. Extracting by manifest.
3287 silly tarball no local data for @eslint-community/regexpp@https://registry.npmjs.org/@eslint-community/regexpp/-/regexpp-4.12.2.tgz. Extracting by manifest.
3288 silly tarball no local data for @babel/types@https://registry.npmjs.org/@babel/types/-/types-7.28.5.tgz. Extracting by manifest.
3289 silly tarball no local data for @eslint-community/eslint-utils@https://registry.npmjs.org/@eslint-community/eslint-utils/-/eslint-utils-4.9.0.tgz. Extracting by manifest.
3290 silly tarball no local data for tapable@https://registry.npmjs.org/tapable/-/tapable-2.3.0.tgz. Extracting by manifest.
3291 silly tarball no local data for @tailwindcss/oxide-win32-x64-msvc@https://registry.npmjs.org/@tailwindcss/oxide-win32-x64-msvc/-/oxide-win32-x64-msvc-4.1.18.tgz. Extracting by manifest.
3292 silly tarball no local data for @babel/helper-string-parser@https://registry.npmjs.org/@babel/helper-string-parser/-/helper-string-parser-7.27.1.tgz. Extracting by manifest.
3293 silly tarball no local data for csstype@https://registry.npmjs.org/csstype/-/csstype-3.2.3.tgz. Extracting by manifest.
3294 silly tarball no local data for undici-types@https://registry.npmjs.org/undici-types/-/undici-types-6.21.0.tgz. Extracting by manifest.
3295 silly tarball no local data for @jridgewell/sourcemap-codec@https://registry.npmjs.org/@jridgewell/sourcemap-codec/-/sourcemap-codec-1.5.5.tgz. Extracting by manifest.
3296 silly tarball no local data for @jridgewell/trace-mapping@https://registry.npmjs.org/@jridgewell/trace-mapping/-/trace-mapping-0.3.31.tgz. Extracting by manifest.
3297 silly tarball no local data for @jridgewell/gen-mapping@https://registry.npmjs.org/@jridgewell/gen-mapping/-/gen-mapping-0.3.13.tgz. Extracting by manifest.
3298 silly tarball no local data for magic-string@https://registry.npmjs.org/magic-string/-/magic-string-0.30.21.tgz. Extracting by manifest.
3299 silly tarball no local data for source-map-js@https://registry.npmjs.org/source-map-js/-/source-map-js-1.2.1.tgz. Extracting by manifest.
3300 silly tarball no local data for jiti@https://registry.npmjs.org/jiti/-/jiti-2.6.1.tgz. Extracting by manifest.
3301 silly tarball no local data for @jridgewell/resolve-uri@https://registry.npmjs.org/@jridgewell/resolve-uri/-/resolve-uri-3.1.2.tgz. Extracting by manifest.
3302 silly tarball no local data for @jridgewell/remapping@https://registry.npmjs.org/@jridgewell/remapping/-/remapping-2.3.5.tgz. Extracting by manifest.
3303 silly tarball no local data for @tailwindcss/oxide@https://registry.npmjs.org/@tailwindcss/oxide/-/oxide-4.1.18.tgz. Extracting by manifest.
3304 silly tarball no local data for postcss@https://registry.npmjs.org/postcss/-/postcss-8.5.6.tgz. Extracting by manifest.
3305 silly tarball no local data for enhanced-resolve@https://registry.npmjs.org/enhanced-resolve/-/enhanced-resolve-5.18.4.tgz. Extracting by manifest.
3306 silly tarball no local data for @tailwindcss/node@https://registry.npmjs.org/@tailwindcss/node/-/node-4.1.18.tgz. Extracting by manifest.
3307 silly tarball no local data for lightningcss@https://registry.npmjs.org/lightningcss/-/lightningcss-1.30.2.tgz. Extracting by manifest.
3308 silly tarball no local data for @alloc/quick-lru@https://registry.npmjs.org/@alloc/quick-lru/-/quick-lru-5.2.0.tgz. Extracting by manifest.
3309 silly tarball no local data for typescript@https://registry.npmjs.org/typescript/-/typescript-5.9.3.tgz. Extracting by manifest.
3310 silly tarball no local data for react-dom@https://registry.npmjs.org/react-dom/-/react-dom-19.2.3.tgz. Extracting by manifest.
3311 silly tarball no local data for next@https://registry.npmjs.org/next/-/next-16.1.0.tgz. Extracting by manifest.
3312 silly tarball no local data for eslint-config-next@https://registry.npmjs.org/eslint-config-next/-/eslint-config-next-16.1.0.tgz. Extracting by manifest.
3313 silly tarball no local data for react@https://registry.npmjs.org/react/-/react-19.2.3.tgz. Extracting by manifest.
3314 silly tarball no local data for @types/react@https://registry.npmjs.org/@types/react/-/react-19.2.7.tgz. Extracting by manifest.
3315 silly tarball no local data for eslint@https://registry.npmjs.org/eslint/-/eslint-9.39.2.tgz. Extracting by manifest.
3316 silly tarball no local data for babel-plugin-react-compiler@https://registry.npmjs.org/babel-plugin-react-compiler/-/babel-plugin-react-compiler-1.0.0.tgz. Extracting by manifest.
3317 silly tarball no local data for @tailwindcss/postcss@https://registry.npmjs.org/@tailwindcss/postcss/-/postcss-4.1.18.tgz. Extracting by manifest.
3318 silly tarball no local data for @types/node@https://registry.npmjs.org/@types/node/-/node-20.19.27.tgz. Extracting by manifest.
3319 silly tarball no local data for @types/react-dom@https://registry.npmjs.org/@types/react-dom/-/react-dom-19.2.3.tgz. Extracting by manifest.
3320 silly tarball no local data for tailwindcss@https://registry.npmjs.org/tailwindcss/-/tailwindcss-4.1.18.tgz. Extracting by manifest.
3321 silly tarball no local data for semver@https://registry.npmjs.org/semver/-/semver-7.7.3.tgz. Extracting by manifest.
3322 silly tarball no local data for ignore@https://registry.npmjs.org/ignore/-/ignore-7.0.5.tgz. Extracting by manifest.
3323 silly tarball no local data for brace-expansion@https://registry.npmjs.org/brace-expansion/-/brace-expansion-2.0.2.tgz. Extracting by manifest.
3324 silly tarball no local data for minimatch@https://registry.npmjs.org/minimatch/-/minimatch-9.0.5.tgz. Extracting by manifest.
3325 silly tarball no local data for semver@https://registry.npmjs.org/semver/-/semver-7.7.3.tgz. Extracting by manifest.
3326 silly tarball no local data for picomatch@https://registry.npmjs.org/picomatch/-/picomatch-4.0.3.tgz. Extracting by manifest.
3327 silly tarball no local data for fdir@https://registry.npmjs.org/fdir/-/fdir-6.5.0.tgz. Extracting by manifest.
3328 silly tarball no local data for debug@https://registry.npmjs.org/debug/-/debug-3.2.7.tgz. Extracting by manifest.
3329 silly tarball no local data for semver@https://registry.npmjs.org/semver/-/semver-7.7.3.tgz. Extracting by manifest.
3330 silly tarball no local data for resolve@https://registry.npmjs.org/resolve/-/resolve-2.0.0-next.5.tgz. Extracting by manifest.
3331 silly tarball no local data for glob-parent@https://registry.npmjs.org/glob-parent/-/glob-parent-5.1.2.tgz. Extracting by manifest.
3332 silly tarball no local data for debug@https://registry.npmjs.org/debug/-/debug-3.2.7.tgz. Extracting by manifest.
3333 silly tarball no local data for json5@https://registry.npmjs.org/json5/-/json5-1.0.2.tgz. Extracting by manifest.
3334 silly tarball no local data for debug@https://registry.npmjs.org/debug/-/debug-3.2.7.tgz. Extracting by manifest.
3335 silly tarball no local data for eslint-visitor-keys@https://registry.npmjs.org/eslint-visitor-keys/-/eslint-visitor-keys-3.4.3.tgz. Extracting by manifest.
3336 silly tarball no local data for postcss@https://registry.npmjs.org/postcss/-/postcss-8.4.31.tgz. Extracting by manifest.
3337 silly tarball no local data for globals@https://registry.npmjs.org/globals/-/globals-16.4.0.tgz. Extracting by manifest.
3338 http fetch POST 200 https://registry.npmjs.org/-/npm/v1/security/advisories/bulk 450ms
3339 silly audit report {}
3340 http fetch GET 200 https://registry.npmjs.org/is-finalizationregistry/-/is-finalizationregistry-1.1.1.tgz 400ms (cache miss)
3341 http fetch GET 200 https://registry.npmjs.org/which-collection/-/which-collection-1.0.2.tgz 405ms (cache miss)
3342 http fetch GET 200 https://registry.npmjs.org/async-function/-/async-function-1.0.0.tgz 405ms (cache miss)
3343 http fetch GET 200 https://registry.npmjs.org/is-map/-/is-map-2.0.3.tgz 407ms (cache miss)
3344 http fetch GET 200 https://registry.npmjs.org/is-bigint/-/is-bigint-1.1.0.tgz 402ms (cache miss)
3345 http fetch GET 200 https://registry.npmjs.org/is-generator-function/-/is-generator-function-1.1.2.tgz 412ms (cache miss)
3346 http fetch GET 200 https://registry.npmjs.org/is-weakset/-/is-weakset-2.0.4.tgz 415ms (cache miss)
3347 http fetch GET 200 https://registry.npmjs.org/generator-function/-/generator-function-2.0.1.tgz 414ms (cache miss)
3348 http fetch GET 200 https://registry.npmjs.org/isexe/-/isexe-2.0.0.tgz 414ms (cache miss)
3349 http fetch GET 200 https://registry.npmjs.org/punycode/-/punycode-2.3.1.tgz 415ms (cache miss)
3350 http fetch GET 200 https://registry.npmjs.org/has-bigints/-/has-bigints-1.1.0.tgz 425ms (cache miss)
3351 http fetch GET 200 https://registry.npmjs.org/@typescript-eslint/project-service/-/project-service-8.50.0.tgz 439ms (cache miss)
3352 http fetch GET 200 https://registry.npmjs.org/escalade/-/escalade-3.2.0.tgz 441ms (cache miss)
3353 http fetch GET 200 https://registry.npmjs.org/napi-postinstall/-/napi-postinstall-0.3.4.tgz 448ms (cache miss)
3354 http fetch GET 200 https://registry.npmjs.org/@typescript-eslint/tsconfig-utils/-/tsconfig-utils-8.50.0.tgz 458ms (cache miss)
3355 http fetch GET 200 https://registry.npmjs.org/which-boxed-primitive/-/which-boxed-primitive-1.1.1.tgz 470ms (cache miss)
3356 http fetch GET 200 https://registry.npmjs.org/which-builtin-type/-/which-builtin-type-1.2.1.tgz 491ms (cache miss)
3357 http fetch GET 200 https://registry.npmjs.org/strip-bom/-/strip-bom-3.0.0.tgz 490ms (cache miss)
3358 http fetch GET 200 https://registry.npmjs.org/@typescript-eslint/parser/-/parser-8.50.0.tgz 511ms (cache miss)
3359 http fetch GET 200 https://registry.npmjs.org/for-each/-/for-each-0.3.5.tgz 517ms (cache miss)
3360 http fetch GET 200 https://registry.npmjs.org/reflect.getprototypeof/-/reflect.getprototypeof-1.0.10.tgz 518ms (cache miss)
3361 http fetch GET 200 https://registry.npmjs.org/has-flag/-/has-flag-4.0.0.tgz 543ms (cache miss)
3362 http fetch GET 200 https://registry.npmjs.org/client-only/-/client-only-0.0.1.tgz 545ms (cache miss)
3363 http fetch GET 200 https://registry.npmjs.org/is-number/-/is-number-7.0.0.tgz 551ms (cache miss)
3364 http fetch GET 200 https://registry.npmjs.org/shebang-regex/-/shebang-regex-3.0.0.tgz 567ms (cache miss)
3365 http fetch GET 200 https://registry.npmjs.org/side-channel-weakmap/-/side-channel-weakmap-1.0.2.tgz 570ms (cache miss)
3366 http fetch GET 200 https://registry.npmjs.org/side-channel-list/-/side-channel-list-1.0.0.tgz 573ms (cache miss)
3367 http fetch GET 200 https://registry.npmjs.org/side-channel-map/-/side-channel-map-1.0.1.tgz 585ms (cache miss)
3368 http fetch GET 200 https://registry.npmjs.org/isarray/-/isarray-2.0.5.tgz 585ms (cache miss)
3369 http fetch GET 200 https://registry.npmjs.org/supports-preserve-symlinks-flag/-/supports-preserve-symlinks-flag-1.0.0.tgz 595ms (cache miss)
3370 http fetch GET 200 https://registry.npmjs.org/path-parse/-/path-parse-1.0.7.tgz 597ms (cache miss)
3371 http fetch GET 200 https://registry.npmjs.org/loose-envify/-/loose-envify-1.4.0.tgz 605ms (cache miss)
3372 http fetch GET 200 https://registry.npmjs.org/is-async-function/-/is-async-function-2.1.1.tgz 631ms (cache miss)
3373 http fetch GET 200 https://registry.npmjs.org/queue-microtask/-/queue-microtask-1.2.3.tgz 610ms (cache miss)
3374 http fetch GET 200 https://registry.npmjs.org/object-assign/-/object-assign-4.1.1.tgz 614ms (cache miss)
3375 http fetch GET 200 https://registry.npmjs.org/react-is/-/react-is-16.13.1.tgz 618ms (cache miss)
3376 http fetch GET 200 https://registry.npmjs.org/yocto-queue/-/yocto-queue-0.1.0.tgz 619ms (cache miss)
3377 http fetch GET 200 https://registry.npmjs.org/nanoid/-/nanoid-3.3.11.tgz 620ms (cache miss)
3378 http fetch GET 200 https://registry.npmjs.org/callsites/-/callsites-3.1.0.tgz 628ms (cache miss)
3379 http fetch GET 200 https://registry.npmjs.org/p-limit/-/p-limit-3.1.0.tgz 628ms (cache miss)
3380 http fetch GET 200 https://registry.npmjs.org/is-weakmap/-/is-weakmap-2.0.2.tgz 658ms (cache miss)
3381 http fetch GET 200 https://registry.npmjs.org/is-boolean-object/-/is-boolean-object-1.2.2.tgz 655ms (cache miss)
3382 http fetch GET 200 https://registry.npmjs.org/is-number-object/-/is-number-object-1.1.1.tgz 659ms (cache miss)
3383 http fetch GET 200 https://registry.npmjs.org/word-wrap/-/word-wrap-1.2.5.tgz 638ms (cache miss)
3384 http fetch GET 200 https://registry.npmjs.org/fast-levenshtein/-/fast-levenshtein-2.0.6.tgz 637ms (cache miss)
3385 http fetch GET 200 https://registry.npmjs.org/deep-is/-/deep-is-0.1.4.tgz 652ms (cache miss)
3386 http fetch GET 200 https://registry.npmjs.org/ts-api-utils/-/ts-api-utils-2.1.0.tgz 671ms (cache miss)
3387 http fetch GET 200 https://registry.npmjs.org/concat-map/-/concat-map-0.0.1.tgz 653ms (cache miss)
3388 http fetch GET 200 https://registry.npmjs.org/@typescript-eslint/types/-/types-8.50.0.tgz 703ms (cache miss)
3389 http fetch GET 200 https://registry.npmjs.org/@typescript-eslint/visitor-keys/-/visitor-keys-8.50.0.tgz 707ms (cache miss)
3390 http fetch GET 200 https://registry.npmjs.org/@emnapi/wasi-threads/-/wasi-threads-1.1.0.tgz 723ms (cache miss)
3391 http fetch GET 200 https://registry.npmjs.org/tslib/-/tslib-2.8.1.tgz 744ms (cache miss)
3392 http fetch GET 200 https://registry.npmjs.org/fill-range/-/fill-range-7.1.1.tgz 741ms (cache miss)
3393 http fetch GET 200 https://registry.npmjs.org/scheduler/-/scheduler-0.27.0.tgz 750ms (cache miss)
3394 http fetch GET 200 https://registry.npmjs.org/to-regex-range/-/to-regex-range-5.0.1.tgz 756ms (cache miss)
3395 http fetch GET 200 https://registry.npmjs.org/balanced-match/-/balanced-match-1.0.2.tgz 762ms (cache miss)
3396 http fetch GET 200 https://registry.npmjs.org/@types/json5/-/json5-0.0.29.tgz 774ms (cache miss)
3397 http fetch GET 200 https://registry.npmjs.org/p-locate/-/p-locate-5.0.0.tgz 784ms (cache miss)
3398 http fetch GET 200 https://registry.npmjs.org/braces/-/braces-3.0.3.tgz 784ms (cache miss)
3399 http fetch GET 200 https://registry.npmjs.org/brace-expansion/-/brace-expansion-1.1.12.tgz 788ms (cache miss)
3400 http fetch GET 200 https://registry.npmjs.org/type-check/-/type-check-0.4.0.tgz 788ms (cache miss)
3401 http fetch GET 200 https://registry.npmjs.org/@img/colour/-/colour-1.0.0.tgz 800ms (cache miss)
3402 http fetch GET 200 https://registry.npmjs.org/minimist/-/minimist-1.2.8.tgz 806ms (cache miss)
3403 http fetch GET 200 https://registry.npmjs.org/@emnapi/runtime/-/runtime-1.7.1.tgz 805ms (cache miss)
3404 http fetch GET 200 https://registry.npmjs.org/picomatch/-/picomatch-2.3.1.tgz 802ms (cache miss)
3405 http fetch GET 200 https://registry.npmjs.org/yallist/-/yallist-3.1.1.tgz 866ms (cache miss)
3406 http fetch GET 200 https://registry.npmjs.org/is-extglob/-/is-extglob-2.1.1.tgz 885ms (cache miss)
3407 http fetch GET 200 https://registry.npmjs.org/prelude-ls/-/prelude-ls-1.2.1.tgz 896ms (cache miss)
3408 http fetch GET 200 https://registry.npmjs.org/styled-jsx/-/styled-jsx-5.1.6.tgz 914ms (cache miss)
3409 http fetch GET 200 https://registry.npmjs.org/detect-libc/-/detect-libc-2.1.2.tgz 916ms (cache miss)
3410 http fetch GET 200 https://registry.npmjs.org/@typescript-eslint/type-utils/-/type-utils-8.50.0.tgz 947ms (cache miss)
3411 http fetch GET 200 https://registry.npmjs.org/@emnapi/core/-/core-1.7.1.tgz 952ms (cache miss)
3412 http fetch GET 200 https://registry.npmjs.org/set-function-name/-/set-function-name-2.0.2.tgz 931ms (cache miss)
3413 http fetch GET 200 https://registry.npmjs.org/sharp/-/sharp-0.34.5.tgz 955ms (cache miss)
3414 http fetch GET 200 https://registry.npmjs.org/argparse/-/argparse-2.0.1.tgz 965ms (cache miss)
3415 http fetch GET 200 https://registry.npmjs.org/keyv/-/keyv-4.5.4.tgz 993ms (cache miss)
3416 http fetch GET 200 https://registry.npmjs.org/flatted/-/flatted-3.3.3.tgz 994ms (cache miss)
3417 http fetch GET 200 https://registry.npmjs.org/dunder-proto/-/dunder-proto-1.0.1.tgz 995ms (cache miss)
3418 http fetch GET 200 https://registry.npmjs.org/side-channel/-/side-channel-1.1.0.tgz 1000ms (cache miss)
3419 http fetch GET 200 https://registry.npmjs.org/resolve-pkg-maps/-/resolve-pkg-maps-1.0.0.tgz 1007ms (cache miss)
3420 http fetch GET 200 https://registry.npmjs.org/@tybys/wasm-util/-/wasm-util-0.10.1.tgz 1049ms (cache miss)
3421 http fetch GET 200 https://registry.npmjs.org/hermes-estree/-/hermes-estree-0.25.1.tgz 1041ms (cache miss)
3422 http fetch GET 200 https://registry.npmjs.org/resolve-from/-/resolve-from-4.0.0.tgz 1064ms (cache miss)
3423 http fetch GET 200 https://registry.npmjs.org/language-subtag-registry/-/language-subtag-registry-0.3.23.tgz 1075ms (cache miss)
3424 http fetch GET 200 https://registry.npmjs.org/functions-have-names/-/functions-have-names-1.2.3.tgz 1073ms (cache miss)
3425 http fetch GET 200 https://registry.npmjs.org/parent-module/-/parent-module-1.0.1.tgz 1103ms (cache miss)
3426 http fetch GET 200 https://registry.npmjs.org/json-buffer/-/json-buffer-3.0.1.tgz 1105ms (cache miss)
3427 http fetch GET 200 https://registry.npmjs.org/@typescript-eslint/typescript-estree/-/typescript-estree-8.50.0.tgz 1143ms (cache miss)
3428 http fetch GET 200 https://registry.npmjs.org/@typescript-eslint/utils/-/utils-8.50.0.tgz 1166ms (cache miss)
3429 http fetch GET 200 https://registry.npmjs.org/locate-path/-/locate-path-6.0.0.tgz 1157ms (cache miss)
3430 http fetch GET 200 https://registry.npmjs.org/@unrs/resolver-binding-win32-x64-msvc/-/resolver-binding-win32-x64-msvc-1.11.1.tgz 1252ms (cache miss)
3431 http fetch GET 200 https://registry.npmjs.org/fastq/-/fastq-1.19.1.tgz 1222ms (cache miss)
3432 http fetch GET 200 https://registry.npmjs.org/run-parallel/-/run-parallel-1.2.0.tgz 1224ms (cache miss)
3433 http fetch GET 200 https://registry.npmjs.org/path-exists/-/path-exists-4.0.0.tgz 1226ms (cache miss)
3434 http fetch GET 200 https://registry.npmjs.org/reusify/-/reusify-1.1.0.tgz 1227ms (cache miss)
3435 http fetch GET 200 https://registry.npmjs.org/flat-cache/-/flat-cache-4.0.1.tgz 1229ms (cache miss)
3436 http fetch GET 200 https://registry.npmjs.org/merge2/-/merge2-1.4.1.tgz 1241ms (cache miss)
3437 http fetch GET 200 https://registry.npmjs.org/micromatch/-/micromatch-4.0.8.tgz 1241ms (cache miss)
3438 http fetch GET 200 https://registry.npmjs.org/acorn-jsx/-/acorn-jsx-5.3.2.tgz 1239ms (cache miss)
3439 http fetch GET 200 https://registry.npmjs.org/esrecurse/-/esrecurse-4.3.0.tgz 1244ms (cache miss)
3440 http fetch GET 200 https://registry.npmjs.org/update-browserslist-db/-/update-browserslist-db-1.2.3.tgz 1252ms (cache miss)
3441 http fetch GET 200 https://registry.npmjs.org/@napi-rs/wasm-runtime/-/wasm-runtime-0.2.12.tgz 1332ms (cache miss)
3442 http fetch GET 200 https://registry.npmjs.org/@babel/helper-validator-option/-/helper-validator-option-7.27.1.tgz 1300ms (cache miss)
3443 http fetch GET 200 https://registry.npmjs.org/baseline-browser-mapping/-/baseline-browser-mapping-2.9.11.tgz 1310ms (cache miss)
3444 http fetch GET 200 https://registry.npmjs.org/node-releases/-/node-releases-2.0.27.tgz 1311ms (cache miss)
3445 http fetch GET 200 https://registry.npmjs.org/browserslist/-/browserslist-4.28.1.tgz 1327ms (cache miss)
3446 http fetch GET 200 https://registry.npmjs.org/acorn/-/acorn-8.15.0.tgz 1329ms (cache miss)
3447 http fetch GET 200 https://registry.npmjs.org/electron-to-chromium/-/electron-to-chromium-1.5.267.tgz 1343ms (cache miss)
3448 http fetch GET 200 https://registry.npmjs.org/lru-cache/-/lru-cache-5.1.1.tgz 1371ms (cache miss)
3449 http fetch GET 200 https://registry.npmjs.org/js-tokens/-/js-tokens-4.0.0.tgz 1377ms (cache miss)
3450 http fetch GET 200 https://registry.npmjs.org/picocolors/-/picocolors-1.1.1.tgz 1389ms (cache miss)
3451 http fetch GET 200 https://registry.npmjs.org/jsesc/-/jsesc-3.1.0.tgz 1390ms (cache miss)
3452 http fetch GET 200 https://registry.npmjs.org/@nodelib/fs.scandir/-/fs.scandir-2.1.5.tgz 1445ms (cache miss)
3453 http fetch GET 200 https://registry.npmjs.org/@next/env/-/env-16.1.0.tgz 1459ms (cache miss)
3454 http fetch GET 200 https://registry.npmjs.org/@nodelib/fs.stat/-/fs.stat-2.0.5.tgz 1503ms (cache miss)
3455 http fetch GET 200 https://registry.npmjs.org/@nodelib/fs.walk/-/fs.walk-1.2.8.tgz 1502ms (cache miss)
3456 http fetch GET 200 https://registry.npmjs.org/convert-source-map/-/convert-source-map-2.0.0.tgz 1495ms (cache miss)
3457 http fetch GET 200 https://registry.npmjs.org/gensync/-/gensync-1.0.0-beta.2.tgz 1509ms (cache miss)
3458 http fetch GET 200 https://registry.npmjs.org/json5/-/json5-2.2.3.tgz 1565ms (cache miss)
3459 http fetch GET 200 https://registry.npmjs.org/@babel/helper-globals/-/helper-globals-7.28.0.tgz 1573ms (cache miss)
3460 http fetch GET 200 https://registry.npmjs.org/@babel/compat-data/-/compat-data-7.28.5.tgz 1574ms (cache miss)
3461 http fetch GET 200 https://registry.npmjs.org/@babel/helper-module-transforms/-/helper-module-transforms-7.28.3.tgz 1571ms (cache miss)
3462 http fetch GET 200 https://registry.npmjs.org/iterator.prototype/-/iterator.prototype-1.1.5.tgz 1649ms (cache miss)
3463 http fetch GET 200 https://registry.npmjs.org/@babel/helper-compilation-targets/-/helper-compilation-targets-7.27.2.tgz 1675ms (cache miss)
3464 http fetch GET 200 https://registry.npmjs.org/zod-validation-error/-/zod-validation-error-4.0.2.tgz 1682ms (cache miss)
3465 http fetch GET 200 https://registry.npmjs.org/@babel/code-frame/-/code-frame-7.27.1.tgz 1728ms (cache miss)
3466 http fetch GET 200 https://registry.npmjs.org/string.prototype.matchall/-/string.prototype.matchall-4.0.12.tgz 1728ms (cache miss)
3467 http fetch GET 200 https://registry.npmjs.org/@babel/helper-module-imports/-/helper-module-imports-7.27.1.tgz 1732ms (cache miss)
3468 http fetch GET 200 https://registry.npmjs.org/@babel/traverse/-/traverse-7.28.5.tgz 1748ms (cache miss)
3469 http fetch GET 200 https://registry.npmjs.org/string.prototype.repeat/-/string.prototype.repeat-1.0.0.tgz 1819ms (cache miss)
3470 http fetch GET 200 https://registry.npmjs.org/array.prototype.findlast/-/array.prototype.findlast-1.2.5.tgz 1818ms (cache miss)
3471 http fetch GET 200 https://registry.npmjs.org/estraverse/-/estraverse-5.3.0.tgz 1822ms (cache miss)
3472 http fetch GET 200 https://registry.npmjs.org/prop-types/-/prop-types-15.8.1.tgz 1844ms (cache miss)
3473 http fetch GET 200 https://registry.npmjs.org/@babel/template/-/template-7.27.2.tgz 1878ms (cache miss)
3474 http fetch GET 200 https://registry.npmjs.org/string.prototype.includes/-/string.prototype.includes-2.0.1.tgz 1928ms (cache miss)
3475 http fetch GET 200 https://registry.npmjs.org/damerau-levenshtein/-/damerau-levenshtein-1.0.8.tgz 1932ms (cache miss)
3476 http fetch GET 200 https://registry.npmjs.org/ast-types-flow/-/ast-types-flow-0.0.8.tgz 1936ms (cache miss)
3477 http fetch GET 200 https://registry.npmjs.org/has-tostringtag/-/has-tostringtag-1.0.2.tgz 1954ms (cache miss)
3478 http fetch GET 200 https://registry.npmjs.org/is-symbol/-/is-symbol-1.1.1.tgz 1957ms (cache miss)
3479 http fetch GET 200 https://registry.npmjs.org/is-date-object/-/is-date-object-1.1.0.tgz 1967ms (cache miss)
3480 http fetch GET 200 https://registry.npmjs.org/which-typed-array/-/which-typed-array-1.1.19.tgz 1968ms (cache miss)
3481 http fetch GET 200 https://registry.npmjs.org/emoji-regex/-/emoji-regex-9.2.2.tgz 2022ms (cache miss)
3482 http fetch GET 200 https://registry.npmjs.org/array.prototype.tosorted/-/array.prototype.tosorted-1.1.4.tgz 2026ms (cache miss)
3483 http fetch GET 200 https://registry.npmjs.org/@babel/generator/-/generator-7.28.5.tgz 2038ms (cache miss)
3484 http fetch GET 200 https://registry.npmjs.org/unbox-primitive/-/unbox-primitive-1.1.0.tgz 2032ms (cache miss)
3485 http fetch GET 200 https://registry.npmjs.org/typed-array-length/-/typed-array-length-1.0.7.tgz 2033ms (cache miss)
3486 http fetch GET 200 https://registry.npmjs.org/object.entries/-/object.entries-1.1.9.tgz 2040ms (cache miss)
3487 http fetch GET 200 https://registry.npmjs.org/possible-typed-array-names/-/possible-typed-array-names-1.1.0.tgz 2038ms (cache miss)
3488 http fetch GET 200 https://registry.npmjs.org/hermes-parser/-/hermes-parser-0.25.1.tgz 2055ms (cache miss)
3489 http fetch GET 200 https://registry.npmjs.org/language-tags/-/language-tags-1.0.9.tgz 2048ms (cache miss)
3490 http fetch GET 200 https://registry.npmjs.org/@typescript-eslint/scope-manager/-/scope-manager-8.50.0.tgz 2160ms (cache miss)
3491 http fetch GET 200 https://registry.npmjs.org/lightningcss-win32-x64-msvc/-/lightningcss-win32-x64-msvc-1.30.2.tgz 2165ms (cache miss)
3492 http fetch GET 200 https://registry.npmjs.org/stop-iteration-iterator/-/stop-iteration-iterator-1.1.0.tgz 2128ms (cache miss)
3493 http fetch GET 200 https://registry.npmjs.org/typed-array-buffer/-/typed-array-buffer-1.0.3.tgz 2130ms (cache miss)
3494 http fetch GET 200 https://registry.npmjs.org/typed-array-byte-length/-/typed-array-byte-length-1.0.3.tgz 2135ms (cache miss)
3495 http fetch GET 200 https://registry.npmjs.org/string.prototype.trim/-/string.prototype.trim-1.2.10.tgz 2134ms (cache miss)
3496 http fetch GET 200 https://registry.npmjs.org/string.prototype.trimstart/-/string.prototype.trimstart-1.0.8.tgz 2133ms (cache miss)
3497 http fetch GET 200 https://registry.npmjs.org/typed-array-byte-offset/-/typed-array-byte-offset-1.0.4.tgz 2141ms (cache miss)
3498 http fetch GET 200 https://registry.npmjs.org/safe-array-concat/-/safe-array-concat-1.1.3.tgz 2220ms (cache miss)
3499 http fetch GET 200 https://registry.npmjs.org/safe-regex-test/-/safe-regex-test-1.1.0.tgz 2221ms (cache miss)
3500 http fetch GET 200 https://registry.npmjs.org/safe-push-apply/-/safe-push-apply-1.0.0.tgz 2275ms (cache miss)
3501 http fetch GET 200 https://registry.npmjs.org/is-weakref/-/is-weakref-1.1.1.tgz 2275ms (cache miss)
3502 http fetch GET 200 https://registry.npmjs.org/own-keys/-/own-keys-1.0.1.tgz 2277ms (cache miss)
3503 http fetch GET 200 https://registry.npmjs.org/set-proto/-/set-proto-1.0.0.tgz 2279ms (cache miss)
3504 http fetch GET 200 https://registry.npmjs.org/is-shared-array-buffer/-/is-shared-array-buffer-1.0.4.tgz 2277ms (cache miss)
3505 http fetch GET 200 https://registry.npmjs.org/is-set/-/is-set-2.0.3.tgz 2293ms (cache miss)
3506 http fetch GET 200 https://registry.npmjs.org/is-negative-zero/-/is-negative-zero-2.0.3.tgz 2292ms (cache miss)
3507 http fetch GET 200 https://registry.npmjs.org/is-typed-array/-/is-typed-array-1.1.15.tgz 2317ms (cache miss)
3508 http fetch GET 200 https://registry.npmjs.org/is-regex/-/is-regex-1.2.1.tgz 2317ms (cache miss)
3509 http fetch GET 200 https://registry.npmjs.org/is-array-buffer/-/is-array-buffer-3.0.5.tgz 2319ms (cache miss)
3510 http fetch GET 200 https://registry.npmjs.org/has-symbols/-/has-symbols-1.1.0.tgz 2318ms (cache miss)
3511 http fetch GET 200 https://registry.npmjs.org/is-data-view/-/is-data-view-1.0.2.tgz 2319ms (cache miss)
3512 http fetch GET 200 https://registry.npmjs.org/internal-slot/-/internal-slot-1.1.0.tgz 2318ms (cache miss)
3513 http fetch GET 200 https://registry.npmjs.org/is-callable/-/is-callable-1.2.7.tgz 2320ms (cache miss)
3514 http fetch GET 200 https://registry.npmjs.org/get-symbol-description/-/get-symbol-description-1.1.0.tgz 2369ms (cache miss)
3515 http fetch GET 200 https://registry.npmjs.org/data-view-buffer/-/data-view-buffer-1.0.2.tgz 2372ms (cache miss)
3516 http fetch GET 200 https://registry.npmjs.org/arraybuffer.prototype.slice/-/arraybuffer.prototype.slice-1.0.4.tgz 2371ms (cache miss)
3517 http fetch GET 200 https://registry.npmjs.org/data-view-byte-offset/-/data-view-byte-offset-1.0.1.tgz 2372ms (cache miss)
3518 http fetch GET 200 https://registry.npmjs.org/function.prototype.name/-/function.prototype.name-1.1.8.tgz 2374ms (cache miss)
3519 http fetch GET 200 https://registry.npmjs.org/globalthis/-/globalthis-1.0.4.tgz 2376ms (cache miss)
3520 http fetch GET 200 https://registry.npmjs.org/es-set-tostringtag/-/es-set-tostringtag-2.1.0.tgz 2374ms (cache miss)
3521 http fetch GET 200 https://registry.npmjs.org/get-proto/-/get-proto-1.0.1.tgz 2376ms (cache miss)
3522 http fetch GET 200 https://registry.npmjs.org/data-view-byte-length/-/data-view-byte-length-1.0.2.tgz 2375ms (cache miss)
3523 http fetch GET 200 https://registry.npmjs.org/array-buffer-byte-length/-/array-buffer-byte-length-1.0.2.tgz 2380ms (cache miss)
3524 http fetch GET 200 https://registry.npmjs.org/regexp.prototype.flags/-/regexp.prototype.flags-1.5.4.tgz 2414ms (cache miss)
3525 http fetch GET 200 https://registry.npmjs.org/gopd/-/gopd-1.2.0.tgz 2410ms (cache miss)
3526 http fetch GET 200 https://registry.npmjs.org/call-bind-apply-helpers/-/call-bind-apply-helpers-1.0.2.tgz 2419ms (cache miss)
3527 http fetch GET 200 https://registry.npmjs.org/available-typed-arrays/-/available-typed-arrays-1.0.7.tgz 2421ms (cache miss)
3528 http fetch GET 200 https://registry.npmjs.org/has-property-descriptors/-/has-property-descriptors-1.0.2.tgz 2422ms (cache miss)
3529 http fetch GET 200 https://registry.npmjs.org/define-data-property/-/define-data-property-1.1.4.tgz 2423ms (cache miss)
3530 http fetch GET 200 https://registry.npmjs.org/es-define-property/-/es-define-property-1.0.1.tgz 2422ms (cache miss)
3531 http fetch GET 200 https://registry.npmjs.org/set-function-length/-/set-function-length-1.2.2.tgz 2427ms (cache miss)
3532 http fetch GET 200 https://registry.npmjs.org/function-bind/-/function-bind-1.1.2.tgz 2425ms (cache miss)
3533 http fetch GET 200 https://registry.npmjs.org/object-keys/-/object-keys-1.1.1.tgz 2431ms (cache miss)
3534 http fetch GET 200 https://registry.npmjs.org/es-to-primitive/-/es-to-primitive-1.3.0.tgz 2434ms (cache miss)
3535 http fetch GET 200 https://registry.npmjs.org/es-shim-unscopables/-/es-shim-unscopables-1.1.0.tgz 2431ms (cache miss)
3536 http fetch GET 200 https://registry.npmjs.org/math-intrinsics/-/math-intrinsics-1.1.0.tgz 2469ms (cache miss)
3537 http fetch GET 200 https://registry.npmjs.org/es-object-atoms/-/es-object-atoms-1.1.1.tgz 2469ms (cache miss)
3538 http fetch GET 200 https://registry.npmjs.org/es-errors/-/es-errors-1.3.0.tgz 2474ms (cache miss)
3539 http fetch GET 200 https://registry.npmjs.org/object.assign/-/object.assign-4.1.7.tgz 2492ms (cache miss)
3540 http fetch GET 200 https://registry.npmjs.org/is-string/-/is-string-1.1.1.tgz 2480ms (cache miss)
3541 http fetch GET 200 https://registry.npmjs.org/call-bound/-/call-bound-1.0.4.tgz 2479ms (cache miss)
3542 http fetch GET 200 https://registry.npmjs.org/call-bind/-/call-bind-1.0.8.tgz 2484ms (cache miss)
3543 http fetch GET 200 https://registry.npmjs.org/get-intrinsic/-/get-intrinsic-1.3.0.tgz 2487ms (cache miss)
3544 http fetch GET 200 https://registry.npmjs.org/axe-core/-/axe-core-4.11.0.tgz 2523ms (cache miss)
3545 http fetch GET 200 https://registry.npmjs.org/has-proto/-/has-proto-1.2.0.tgz 2515ms (cache miss)
3546 http fetch GET 200 https://registry.npmjs.org/define-properties/-/define-properties-1.2.1.tgz 2516ms (cache miss)
3547 http fetch GET 200 https://registry.npmjs.org/semver/-/semver-6.3.1.tgz 2520ms (cache miss)
3548 http fetch GET 200 https://registry.npmjs.org/object-inspect/-/object-inspect-1.13.4.tgz 2593ms (cache miss)
3549 http fetch GET 200 https://registry.npmjs.org/array.prototype.flatmap/-/array.prototype.flatmap-1.3.3.tgz 2569ms (cache miss)
3550 http fetch GET 200 https://registry.npmjs.org/hasown/-/hasown-2.0.2.tgz 2576ms (cache miss)
3551 http fetch GET 200 https://registry.npmjs.org/object.groupby/-/object.groupby-1.0.3.tgz 2578ms (cache miss)
3552 http fetch GET 200 https://registry.npmjs.org/string.prototype.trimend/-/string.prototype.trimend-1.0.9.tgz 2580ms (cache miss)
3553 http fetch GET 200 https://registry.npmjs.org/array.prototype.flat/-/array.prototype.flat-1.3.3.tgz 2572ms (cache miss)
3554 http fetch GET 200 https://registry.npmjs.org/object.fromentries/-/object.fromentries-2.0.8.tgz 2581ms (cache miss)
3555 http fetch GET 200 https://registry.npmjs.org/array.prototype.findlastindex/-/array.prototype.findlastindex-1.2.6.tgz 2578ms (cache miss)
3556 http fetch GET 200 https://registry.npmjs.org/doctrine/-/doctrine-2.1.0.tgz 2610ms (cache miss)
3557 http fetch GET 200 https://registry.npmjs.org/jsx-ast-utils/-/jsx-ast-utils-3.3.5.tgz 2654ms (cache miss)
3558 http fetch GET 200 https://registry.npmjs.org/tinyglobby/-/tinyglobby-0.2.15.tgz 2649ms (cache miss)
3559 http fetch GET 200 https://registry.npmjs.org/stable-hash/-/stable-hash-0.0.5.tgz 2660ms (cache miss)
3560 http fetch GET 200 https://registry.npmjs.org/object.values/-/object.values-1.2.1.tgz 2675ms (cache miss)
3561 http fetch GET 200 https://registry.npmjs.org/is-bun-module/-/is-bun-module-2.0.0.tgz 2661ms (cache miss)
3562 http fetch GET 200 https://registry.npmjs.org/unrs-resolver/-/unrs-resolver-1.11.1.tgz 2671ms (cache miss)
3563 http fetch GET 200 https://registry.npmjs.org/get-tsconfig/-/get-tsconfig-4.13.0.tgz 2691ms (cache miss)
3564 http fetch GET 200 https://registry.npmjs.org/is-core-module/-/is-core-module-2.16.1.tgz 2690ms (cache miss)
3565 http fetch GET 200 https://registry.npmjs.org/typescript-eslint/-/typescript-eslint-8.50.0.tgz 2694ms (cache miss)
3566 http fetch GET 200 https://registry.npmjs.org/array-includes/-/array-includes-3.1.9.tgz 2722ms (cache miss)
3567 http fetch GET 200 https://registry.npmjs.org/es-iterator-helpers/-/es-iterator-helpers-1.2.2.tgz 2781ms (cache miss)
3568 http fetch GET 200 https://registry.npmjs.org/which/-/which-2.0.2.tgz 2730ms (cache miss)
3569 http fetch GET 200 https://registry.npmjs.org/axobject-query/-/axobject-query-4.1.0.tgz 2782ms (cache miss)
3570 http fetch GET 200 https://registry.npmjs.org/eslint-module-utils/-/eslint-module-utils-2.12.1.tgz 2740ms (cache miss)
3571 http fetch GET 200 https://registry.npmjs.org/path-key/-/path-key-3.1.1.tgz 2729ms (cache miss)
3572 http fetch GET 200 https://registry.npmjs.org/eslint-import-resolver-typescript/-/eslint-import-resolver-typescript-3.10.1.tgz 2736ms (cache miss)
3573 http fetch GET 200 https://registry.npmjs.org/eslint-import-resolver-node/-/eslint-import-resolver-node-0.3.9.tgz 2741ms (cache miss)
3574 http fetch GET 200 https://registry.npmjs.org/@babel/core/-/core-7.28.5.tgz 2895ms (cache miss)
3575 http fetch GET 200 https://registry.npmjs.org/tsconfig-paths/-/tsconfig-paths-3.15.0.tgz 2866ms (cache miss)
3576 http fetch GET 200 https://registry.npmjs.org/aria-query/-/aria-query-5.3.2.tgz 2899ms (cache miss)
3577 http fetch GET 200 https://registry.npmjs.org/@babel/helpers/-/helpers-7.28.4.tgz 2941ms (cache miss)
3578 http fetch GET 200 https://registry.npmjs.org/color-name/-/color-name-1.1.4.tgz 2877ms (cache miss)
3579 http fetch GET 200 https://registry.npmjs.org/color-convert/-/color-convert-2.0.1.tgz 2877ms (cache miss)
3580 http fetch GET 200 https://registry.npmjs.org/ms/-/ms-2.1.3.tgz 2878ms (cache miss)
3581 http fetch GET 200 https://registry.npmjs.org/shebang-command/-/shebang-command-2.0.0.tgz 2878ms (cache miss)
3582 http fetch GET 200 https://registry.npmjs.org/supports-color/-/supports-color-7.2.0.tgz 2878ms (cache miss)
3583 http fetch GET 200 https://registry.npmjs.org/fast-glob/-/fast-glob-3.3.1.tgz 2892ms (cache miss)
3584 http fetch GET 200 https://registry.npmjs.org/@nolyfill/is-core-module/-/is-core-module-1.0.39.tgz 2921ms (cache miss)
3585 http fetch GET 200 https://registry.npmjs.org/ansi-styles/-/ansi-styles-4.3.0.tgz 2936ms (cache miss)
3586 http fetch GET 200 https://registry.npmjs.org/levn/-/levn-0.4.1.tgz 2937ms (cache miss)
3587 http fetch GET 200 https://registry.npmjs.org/fast-json-stable-stringify/-/fast-json-stable-stringify-2.1.0.tgz 2939ms (cache miss)
3588 http fetch GET 200 https://registry.npmjs.org/json-schema-traverse/-/json-schema-traverse-0.4.1.tgz 2945ms (cache miss)
3589 http fetch GET 200 https://registry.npmjs.org/eslint-plugin-react-hooks/-/eslint-plugin-react-hooks-7.0.1.tgz 2955ms (cache miss)
3590 http fetch GET 200 https://registry.npmjs.org/@babel/parser/-/parser-7.28.5.tgz 3015ms (cache miss)
3591 http fetch GET 200 https://registry.npmjs.org/@typescript-eslint/eslint-plugin/-/eslint-plugin-8.50.0.tgz 3087ms (cache miss)
3592 http fetch GET 200 https://registry.npmjs.org/strip-json-comments/-/strip-json-comments-3.1.1.tgz 3005ms (cache miss)
3593 http fetch GET 200 https://registry.npmjs.org/import-fresh/-/import-fresh-3.3.1.tgz 3007ms (cache miss)
3594 http fetch GET 200 https://registry.npmjs.org/optionator/-/optionator-0.9.4.tgz 3016ms (cache miss)
3595 http fetch GET 200 https://registry.npmjs.org/@swc/helpers/-/helpers-0.5.15.tgz 3131ms (cache miss)
3596 http fetch GET 200 https://registry.npmjs.org/@eslint/object-schema/-/object-schema-2.1.7.tgz 3038ms (cache miss)
3597 http fetch GET 200 https://registry.npmjs.org/globals/-/globals-14.0.0.tgz 3049ms (cache miss)
3598 http fetch GET 200 https://registry.npmjs.org/resolve/-/resolve-1.22.11.tgz 3091ms (cache miss)
3599 http fetch GET 200 https://registry.npmjs.org/imurmurhash/-/imurmurhash-0.1.4.tgz 3095ms (cache miss)
3600 http fetch GET 200 https://registry.npmjs.org/natural-compare/-/natural-compare-1.4.0.tgz 3098ms (cache miss)
3601 http fetch GET 200 https://registry.npmjs.org/is-glob/-/is-glob-4.0.3.tgz 3102ms (cache miss)
3602 http fetch GET 200 https://registry.npmjs.org/lodash.merge/-/lodash.merge-4.6.2.tgz 3104ms (cache miss)
3603 http fetch GET 200 https://registry.npmjs.org/minimatch/-/minimatch-3.1.2.tgz 3107ms (cache miss)
3604 http fetch GET 200 https://registry.npmjs.org/uri-js/-/uri-js-4.4.1.tgz 3121ms (cache miss)
3605 http fetch GET 200 https://registry.npmjs.org/js-yaml/-/js-yaml-4.1.1.tgz 3131ms (cache miss)
3606 http fetch GET 200 https://registry.npmjs.org/find-up/-/find-up-5.0.0.tgz 3150ms (cache miss)
3607 http fetch GET 200 https://registry.npmjs.org/glob-parent/-/glob-parent-6.0.2.tgz 3150ms (cache miss)
3608 http fetch GET 200 https://registry.npmjs.org/json-stable-stringify-without-jsonify/-/json-stable-stringify-without-jsonify-1.0.1.tgz 3149ms (cache miss)
3609 http fetch GET 200 https://registry.npmjs.org/file-entry-cache/-/file-entry-cache-8.0.0.tgz 3148ms (cache miss)
3610 http fetch GET 200 https://registry.npmjs.org/ignore/-/ignore-5.3.2.tgz 3158ms (cache miss)
3611 http fetch GET 200 https://registry.npmjs.org/fast-deep-equal/-/fast-deep-equal-3.1.3.tgz 3158ms (cache miss)
3612 http fetch GET 200 https://registry.npmjs.org/esutils/-/esutils-2.0.3.tgz 3178ms (cache miss)
3613 http fetch GET 200 https://registry.npmjs.org/espree/-/espree-10.4.0.tgz 3180ms (cache miss)
3614 http fetch GET 200 https://registry.npmjs.org/escape-string-regexp/-/escape-string-regexp-4.0.0.tgz 3244ms (cache miss)
3615 http fetch GET 200 https://registry.npmjs.org/cross-spawn/-/cross-spawn-7.0.6.tgz 3245ms (cache miss)
3616 http fetch GET 200 https://registry.npmjs.org/@types/estree/-/estree-1.0.8.tgz 3246ms (cache miss)
3617 http fetch GET 200 https://registry.npmjs.org/chalk/-/chalk-4.1.2.tgz 3252ms (cache miss)
3618 http fetch GET 200 https://registry.npmjs.org/debug/-/debug-4.4.3.tgz 3257ms (cache miss)
3619 http fetch GET 200 https://registry.npmjs.org/eslint-visitor-keys/-/eslint-visitor-keys-4.2.1.tgz 3278ms (cache miss)
3620 http fetch GET 200 https://registry.npmjs.org/@types/json-schema/-/json-schema-7.0.15.tgz 3290ms (cache miss)
3621 http fetch GET 200 https://registry.npmjs.org/eslint-scope/-/eslint-scope-8.4.0.tgz 3288ms (cache miss)
3622 http fetch GET 200 https://registry.npmjs.org/@eslint/js/-/js-9.39.2.tgz 3347ms (cache miss)
3623 http fetch GET 200 https://registry.npmjs.org/esquery/-/esquery-1.6.0.tgz 3372ms (cache miss)
3624 http fetch GET 200 https://registry.npmjs.org/@next/eslint-plugin-next/-/eslint-plugin-next-16.1.0.tgz 3389ms (cache miss)
3625 http fetch GET 200 https://registry.npmjs.org/@eslint/config-helpers/-/config-helpers-0.4.2.tgz 3384ms (cache miss)
3626 http fetch GET 200 https://registry.npmjs.org/@rtsao/scc/-/scc-1.1.0.tgz 3439ms (cache miss)
3627 http fetch GET 200 https://registry.npmjs.org/graceful-fs/-/graceful-fs-4.2.11.tgz 3425ms (cache miss)
3628 http fetch GET 200 https://registry.npmjs.org/@eslint/config-array/-/config-array-0.21.1.tgz 3459ms (cache miss)
3629 http fetch GET 200 https://registry.npmjs.org/@babel/helper-validator-identifier/-/helper-validator-identifier-7.28.5.tgz 3520ms (cache miss)
3630 http fetch GET 200 https://registry.npmjs.org/@eslint-community/regexpp/-/regexpp-4.12.2.tgz 3563ms (cache miss)
3631 http fetch GET 200 https://registry.npmjs.org/tapable/-/tapable-2.3.0.tgz 3572ms (cache miss)
3632 http fetch GET 200 https://registry.npmjs.org/eslint-plugin-jsx-a11y/-/eslint-plugin-jsx-a11y-6.10.2.tgz 3612ms (cache miss)
3633 http fetch GET 200 https://registry.npmjs.org/@humanfs/node/-/node-0.16.7.tgz 3617ms (cache miss)
3634 http fetch GET 200 https://registry.npmjs.org/@eslint/plugin-kit/-/plugin-kit-0.4.1.tgz 3747ms (cache miss)
3635 http fetch GET 200 https://registry.npmjs.org/@eslint/core/-/core-0.17.0.tgz 3755ms (cache miss)
3636 http fetch GET 200 https://registry.npmjs.org/ajv/-/ajv-6.12.6.tgz 3782ms (cache miss)
3637 http fetch GET 200 https://registry.npmjs.org/@humanwhocodes/module-importer/-/module-importer-1.0.1.tgz 3782ms (cache miss)
3638 http fetch GET 200 https://registry.npmjs.org/@humanfs/core/-/core-0.19.1.tgz 3811ms (cache miss)
3639 http fetch GET 200 https://registry.npmjs.org/@humanwhocodes/retry/-/retry-0.4.3.tgz 3845ms (cache miss)
3640 http fetch GET 200 https://registry.npmjs.org/csstype/-/csstype-3.2.3.tgz 3843ms (cache miss)
3641 http fetch GET 200 https://registry.npmjs.org/undici-types/-/undici-types-6.21.0.tgz 3897ms (cache miss)
3642 http fetch GET 200 https://registry.npmjs.org/@babel/helper-string-parser/-/helper-string-parser-7.27.1.tgz 3904ms (cache miss)
3643 http fetch GET 200 https://registry.npmjs.org/@eslint/eslintrc/-/eslintrc-3.3.3.tgz 3911ms (cache miss)
3644 http fetch GET 200 https://registry.npmjs.org/source-map-js/-/source-map-js-1.2.1.tgz 3906ms (cache miss)
3645 http fetch GET 200 https://registry.npmjs.org/eslint-plugin-import/-/eslint-plugin-import-2.32.0.tgz 3952ms (cache miss)
3646 http fetch GET 200 https://registry.npmjs.org/@jridgewell/trace-mapping/-/trace-mapping-0.3.31.tgz 3934ms (cache miss)
3647 http fetch GET 200 https://registry.npmjs.org/@eslint-community/eslint-utils/-/eslint-utils-4.9.0.tgz 3968ms (cache miss)
3648 http fetch GET 200 https://registry.npmjs.org/@jridgewell/resolve-uri/-/resolve-uri-3.1.2.tgz 3972ms (cache miss)
3649 http fetch GET 200 https://registry.npmjs.org/@jridgewell/remapping/-/remapping-2.3.5.tgz 4027ms (cache miss)
3650 http fetch GET 200 https://registry.npmjs.org/magic-string/-/magic-string-0.30.21.tgz 4041ms (cache miss)
3651 http fetch GET 200 https://registry.npmjs.org/eslint-plugin-react/-/eslint-plugin-react-7.37.5.tgz 4130ms (cache miss)
3652 http fetch GET 200 https://registry.npmjs.org/postcss/-/postcss-8.5.6.tgz 4135ms (cache miss)
3653 http fetch GET 200 https://registry.npmjs.org/caniuse-lite/-/caniuse-lite-1.0.30001761.tgz 4404ms (cache miss)
3654 http fetch GET 200 https://registry.npmjs.org/@jridgewell/gen-mapping/-/gen-mapping-0.3.13.tgz 4320ms (cache miss)
3655 http fetch GET 200 https://registry.npmjs.org/lightningcss/-/lightningcss-1.30.2.tgz 4334ms (cache miss)
3656 http fetch GET 200 https://registry.npmjs.org/zod/-/zod-4.2.1.tgz 4437ms (cache miss)
3657 http fetch GET 200 https://registry.npmjs.org/@babel/types/-/types-7.28.5.tgz 4455ms (cache miss)
3658 http fetch GET 200 https://registry.npmjs.org/@jridgewell/sourcemap-codec/-/sourcemap-codec-1.5.5.tgz 4522ms (cache miss)
3659 http fetch GET 200 https://registry.npmjs.org/@tailwindcss/oxide-win32-x64-msvc/-/oxide-win32-x64-msvc-4.1.18.tgz 4557ms (cache miss)
3660 http fetch GET 200 https://registry.npmjs.org/react/-/react-19.2.3.tgz 4564ms (cache miss)
3661 http fetch GET 200 https://registry.npmjs.org/@alloc/quick-lru/-/quick-lru-5.2.0.tgz 4896ms (cache miss)
3662 http fetch GET 200 https://registry.npmjs.org/@tailwindcss/oxide/-/oxide-4.1.18.tgz 4964ms (cache miss)
3663 http fetch GET 200 https://registry.npmjs.org/@tailwindcss/postcss/-/postcss-4.1.18.tgz 5063ms (cache miss)
3664 http fetch GET 200 https://registry.npmjs.org/eslint-config-next/-/eslint-config-next-16.1.0.tgz 5149ms (cache miss)
3665 http fetch GET 200 https://registry.npmjs.org/babel-plugin-react-compiler/-/babel-plugin-react-compiler-1.0.0.tgz 5154ms (cache miss)
3666 http fetch GET 200 https://registry.npmjs.org/jiti/-/jiti-2.6.1.tgz 5176ms (cache miss)
3667 http fetch GET 200 https://registry.npmjs.org/@tailwindcss/node/-/node-4.1.18.tgz 5218ms (cache miss)
3668 http fetch GET 200 https://registry.npmjs.org/brace-expansion/-/brace-expansion-2.0.2.tgz 5231ms (cache miss)
3669 http fetch GET 200 https://registry.npmjs.org/tailwindcss/-/tailwindcss-4.1.18.tgz 5267ms (cache miss)
3670 http fetch GET 200 https://registry.npmjs.org/semver/-/semver-7.7.3.tgz 5302ms (cache miss)
3671 http fetch GET 200 https://registry.npmjs.org/fdir/-/fdir-6.5.0.tgz 5310ms (cache miss)
3672 http fetch GET 200 https://registry.npmjs.org/minimatch/-/minimatch-9.0.5.tgz 5350ms (cache miss)
3673 http fetch GET 200 https://registry.npmjs.org/debug/-/debug-3.2.7.tgz 5356ms (cache miss)
3674 http fetch GET 200 https://registry.npmjs.org/picomatch/-/picomatch-4.0.3.tgz 5366ms (cache miss)
3675 http fetch GET 200 https://registry.npmjs.org/semver/-/semver-7.7.3.tgz 5427ms (cache miss)
3676 http fetch GET 200 https://registry.npmjs.org/@types/react-dom/-/react-dom-19.2.3.tgz 5437ms (cache miss)
3677 http fetch GET 200 https://registry.npmjs.org/semver/-/semver-7.7.3.tgz 5435ms (cache miss)
3678 http fetch GET 200 https://registry.npmjs.org/ignore/-/ignore-7.0.5.tgz 5457ms (cache miss)
3679 http fetch GET 200 https://registry.npmjs.org/glob-parent/-/glob-parent-5.1.2.tgz 5494ms (cache miss)
3680 http fetch GET 200 https://registry.npmjs.org/debug/-/debug-3.2.7.tgz 5517ms (cache miss)
3681 http fetch GET 200 https://registry.npmjs.org/eslint/-/eslint-9.39.2.tgz 5530ms (cache miss)
3682 http fetch GET 200 https://registry.npmjs.org/debug/-/debug-3.2.7.tgz 5525ms (cache miss)
3683 http fetch GET 200 https://registry.npmjs.org/@types/react/-/react-19.2.7.tgz 5540ms (cache miss)
3684 http fetch GET 200 https://registry.npmjs.org/json5/-/json5-1.0.2.tgz 5535ms (cache miss)
3685 http fetch GET 200 https://registry.npmjs.org/eslint-visitor-keys/-/eslint-visitor-keys-3.4.3.tgz 5558ms (cache miss)
3686 http fetch GET 200 https://registry.npmjs.org/resolve/-/resolve-2.0.0-next.5.tgz 5580ms (cache miss)
3687 http fetch GET 200 https://registry.npmjs.org/enhanced-resolve/-/enhanced-resolve-5.18.4.tgz 5656ms (cache miss)
3688 http fetch GET 200 https://registry.npmjs.org/postcss/-/postcss-8.4.31.tgz 5664ms (cache miss)
3689 http fetch GET 200 https://registry.npmjs.org/globals/-/globals-16.4.0.tgz 5753ms (cache miss)
3690 http fetch GET 200 https://registry.npmjs.org/@types/node/-/node-20.19.27.tgz 5834ms (cache miss)
3691 http fetch GET 200 https://registry.npmjs.org/react-dom/-/react-dom-19.2.3.tgz 6795ms (cache miss)
3692 http fetch GET 200 https://registry.npmjs.org/es-abstract/-/es-abstract-1.24.1.tgz 6899ms (cache miss)
3693 http fetch GET 200 https://registry.npmjs.org/@img/sharp-win32-x64/-/sharp-win32-x64-0.34.5.tgz 7576ms (cache miss)
3694 http fetch GET 200 https://registry.npmjs.org/typescript/-/typescript-5.9.3.tgz 8137ms (cache miss)
3695 http fetch GET 200 https://registry.npmjs.org/@next/swc-win32-x64-msvc/-/swc-win32-x64-msvc-16.1.0.tgz 10948ms (cache miss)
3696 http fetch GET 200 https://registry.npmjs.org/next/-/next-16.1.0.tgz 20579ms (cache miss)
3697 info run sharp@0.34.5 install node_modules/sharp node install/check.js || npm run build
3698 info run sharp@0.34.5 install { code: 0, signal: null }
3699 info run unrs-resolver@1.11.1 postinstall node_modules/unrs-resolver napi-postinstall unrs-resolver 1.11.1 check
3700 info run unrs-resolver@1.11.1 postinstall { code: 0, signal: null }
3701 silly ADD node_modules/is-weakset
3702 silly ADD node_modules/is-weakmap
3703 silly ADD node_modules/is-map
3704 silly ADD node_modules/generator-function
3705 silly ADD node_modules/async-function
3706 silly ADD node_modules/which-collection
3707 silly ADD node_modules/is-generator-function
3708 silly ADD node_modules/is-finalizationregistry
3709 silly ADD node_modules/is-async-function
3710 silly ADD node_modules/is-number-object
3711 silly ADD node_modules/is-boolean-object
3712 silly ADD node_modules/is-bigint
3713 silly ADD node_modules/isexe
3714 silly ADD node_modules/punycode
3715 silly ADD node_modules/escalade
3716 silly ADD node_modules/@emnapi/wasi-threads
3717 silly ADD node_modules/@tybys/wasm-util
3718 silly ADD node_modules/@emnapi/core
3719 silly ADD node_modules/@napi-rs/wasm-runtime
3720 silly ADD node_modules/napi-postinstall
3721 silly ADD node_modules/@unrs/resolver-binding-win32-x64-msvc
3722 silly ADD
3723 silly ADD
3724 silly ADD
3725 silly ADD
3726 silly ADD
3727 silly ADD
3728 silly ADD
3729 silly ADD
3730 silly ADD
3731 silly ADD
3732 silly ADD
3733 silly ADD
3734 silly ADD
3735 silly ADD
3736 silly ADD
3737 silly ADD
3738 silly ADD
3739 silly ADD
3740 silly ADD node_modules/which-boxed-primitive
3741 silly ADD node_modules/has-bigints
3742 silly ADD node_modules/@typescript-eslint/tsconfig-utils
3743 silly ADD node_modules/@typescript-eslint/project-service
3744 silly ADD node_modules/@typescript-eslint/types
3745 silly ADD node_modules/ts-api-utils
3746 silly ADD node_modules/@typescript-eslint/visitor-keys
3747 silly ADD node_modules/@typescript-eslint/type-utils
3748 silly ADD node_modules/@typescript-eslint/scope-manager
3749 silly ADD node_modules/@typescript-eslint/utils
3750 silly ADD node_modules/@typescript-eslint/typescript-estree
3751 silly ADD node_modules/@typescript-eslint/typescript-estree/node_modules/brace-expansion
3752 silly ADD node_modules/@typescript-eslint/typescript-estree/node_modules/semver
3753 silly ADD node_modules/@typescript-eslint/typescript-estree/node_modules/minimatch
3754 silly ADD node_modules/@typescript-eslint/parser
3755 silly ADD node_modules/@typescript-eslint/eslint-plugin
3756 silly ADD node_modules/@typescript-eslint/eslint-plugin/node_modules/ignore
3757 silly ADD node_modules/which-builtin-type
3758 silly ADD node_modules/reflect.getprototypeof
3759 silly ADD node_modules/for-each
3760 silly ADD node_modules/strip-bom
3761 silly ADD node_modules/minimist
3762 silly ADD node_modules/@types/json5
3763 silly ADD node_modules/is-number
3764 silly ADD node_modules/has-flag
3765 silly ADD node_modules/client-only
3766 silly ADD node_modules/side-channel-weakmap
3767 silly ADD node_modules/side-channel-map
3768 silly ADD node_modules/side-channel-list
3769 silly ADD node_modules/shebang-regex
3770 silly ADD node_modules/@emnapi/runtime
3771 silly ADD node_modules/@img/sharp-win32-x64
3772 silly ADD
3773 silly ADD
3774 silly ADD
3775 silly ADD
3776 silly ADD
3777 silly ADD
3778 silly ADD
3779 silly ADD
3780 silly ADD
3781 silly ADD
3782 silly ADD
3783 silly ADD
3784 silly ADD
3785 silly ADD
3786 silly ADD
3787 silly ADD
3788 silly ADD
3789 silly ADD
3790 silly ADD
3791 silly ADD
3792 silly ADD
3793 silly ADD
3794 silly ADD
3795 silly ADD node_modules/@img/colour
3796 silly ADD node_modules/isarray
3797 silly ADD node_modules/queue-microtask
3798 silly ADD node_modules/supports-preserve-symlinks-flag
3799 silly ADD node_modules/path-parse
3800 silly ADD node_modules/scheduler
3801 silly ADD node_modules/react-is
3802 silly ADD node_modules/object-assign
3803 silly ADD node_modules/loose-envify
3804 silly ADD node_modules/nanoid
3805 silly ADD node_modules/callsites
3806 silly ADD node_modules/yocto-queue
3807 silly ADD node_modules/p-limit
3808 silly ADD node_modules/word-wrap
3809 silly ADD node_modules/fast-levenshtein
3810 silly ADD node_modules/deep-is
3811 silly ADD node_modules/tslib
3812 silly ADD node_modules/styled-jsx
3813 silly ADD node_modules/sharp
3814 silly ADD node_modules/sharp/node_modules/semver
3815 silly ADD node_modules/@swc/helpers
3816 silly ADD node_modules/@next/swc-win32-x64-msvc
3817 silly ADD
3818 silly ADD
3819 silly ADD
3820 silly ADD
3821 silly ADD
3822 silly ADD
3823 silly ADD
3824 silly ADD node_modules/@next/env
3825 silly ADD node_modules/concat-map
3826 silly ADD node_modules/balanced-match
3827 silly ADD node_modules/brace-expansion
3828 silly ADD node_modules/to-regex-range
3829 silly ADD node_modules/fill-range
3830 silly ADD node_modules/picomatch
3831 silly ADD node_modules/braces
3832 silly ADD node_modules/yallist
3833 silly ADD node_modules/p-locate
3834 silly ADD node_modules/lightningcss-win32-x64-msvc
3835 silly ADD
3836 silly ADD
3837 silly ADD
3838 silly ADD
3839 silly ADD
3840 silly ADD
3841 silly ADD
3842 silly ADD
3843 silly ADD
3844 silly ADD
3845 silly ADD node_modules/detect-libc
3846 silly ADD node_modules/type-check
3847 silly ADD node_modules/prelude-ls
3848 silly ADD node_modules/language-subtag-registry
3849 silly ADD node_modules/json-buffer
3850 silly ADD node_modules/argparse
3851 silly ADD node_modules/set-function-name
3852 silly ADD node_modules/is-extglob
3853 silly ADD node_modules/side-channel
3854 silly ADD node_modules/resolve-from
3855 silly ADD node_modules/parent-module
3856 silly ADD node_modules/hermes-estree
3857 silly ADD node_modules/resolve-pkg-maps
3858 silly ADD node_modules/dunder-proto
3859 silly ADD node_modules/functions-have-names
3860 silly ADD node_modules/keyv
3861 silly ADD node_modules/flatted
3862 silly ADD node_modules/path-exists
3863 silly ADD node_modules/locate-path
3864 silly ADD node_modules/flat-cache
3865 silly ADD node_modules/reusify
3866 silly ADD node_modules/run-parallel
3867 silly ADD node_modules/fastq
3868 silly ADD node_modules/@nodelib/fs.scandir
3869 silly ADD node_modules/micromatch
3870 silly ADD node_modules/merge2
3871 silly ADD node_modules/@nodelib/fs.walk
3872 silly ADD node_modules/@nodelib/fs.stat
3873 silly ADD node_modules/acorn-jsx
3874 silly ADD node_modules/acorn
3875 silly ADD node_modules/esrecurse
3876 silly ADD node_modules/update-browserslist-db
3877 silly ADD node_modules/node-releases
3878 silly ADD node_modules/electron-to-chromium
3879 silly ADD node_modules/caniuse-lite
3880 silly ADD node_modules/baseline-browser-mapping
3881 silly ADD node_modules/@babel/helper-globals
3882 silly ADD node_modules/@babel/helper-module-imports
3883 silly ADD node_modules/lru-cache
3884 silly ADD node_modules/browserslist
3885 silly ADD node_modules/@babel/helper-validator-option
3886 silly ADD node_modules/@babel/compat-data
3887 silly ADD node_modules/jsesc
3888 silly ADD node_modules/picocolors
3889 silly ADD node_modules/js-tokens
3890 silly ADD node_modules/json5
3891 silly ADD node_modules/gensync
3892 silly ADD node_modules/convert-source-map
3893 silly ADD node_modules/@babel/traverse
3894 silly ADD node_modules/@babel/template
3895 silly ADD node_modules/@babel/helpers
3896 silly ADD node_modules/@babel/helper-module-transforms
3897 silly ADD node_modules/@babel/helper-compilation-targets
3898 silly ADD node_modules/@babel/generator
3899 silly ADD node_modules/@babel/code-frame
3900 silly ADD node_modules/zod-validation-error
3901 silly ADD node_modules/zod
3902 silly ADD node_modules/hermes-parser
3903 silly ADD node_modules/@babel/parser
3904 silly ADD node_modules/@babel/core
3905 silly ADD node_modules/iterator.prototype
3906 silly ADD node_modules/string.prototype.repeat
3907 silly ADD node_modules/string.prototype.matchall
3908 silly ADD node_modules/prop-types
3909 silly ADD node_modules/object.entries
3910 silly ADD node_modules/estraverse
3911 silly ADD node_modules/es-iterator-helpers
3912 silly ADD node_modules/array.prototype.tosorted
3913 silly ADD node_modules/array.prototype.findlast
3914 silly ADD node_modules/string.prototype.includes
3915 silly ADD node_modules/language-tags
3916 silly ADD node_modules/jsx-ast-utils
3917 silly ADD node_modules/emoji-regex
3918 silly ADD node_modules/damerau-levenshtein
3919 silly ADD node_modules/axobject-query
3920 silly ADD node_modules/axe-core
3921 silly ADD node_modules/ast-types-flow
3922 silly ADD node_modules/aria-query
3923 silly ADD node_modules/is-symbol
3924 silly ADD node_modules/is-date-object
3925 silly ADD node_modules/has-tostringtag
3926 silly ADD node_modules/possible-typed-array-names
3927 silly ADD node_modules/which-typed-array
3928 silly ADD node_modules/unbox-primitive
3929 silly ADD node_modules/typed-array-length
3930 silly ADD node_modules/typed-array-byte-offset
3931 silly ADD node_modules/typed-array-byte-length
3932 silly ADD node_modules/typed-array-buffer
3933 silly ADD node_modules/string.prototype.trimstart
3934 silly ADD node_modules/string.prototype.trim
3935 silly ADD node_modules/stop-iteration-iterator
3936 silly ADD node_modules/set-proto
3937 silly ADD node_modules/safe-regex-test
3938 silly ADD node_modules/safe-push-apply
3939 silly ADD node_modules/safe-array-concat
3940 silly ADD node_modules/regexp.prototype.flags
3941 silly ADD node_modules/own-keys
3942 silly ADD node_modules/object.assign
3943 silly ADD node_modules/object-inspect
3944 silly ADD node_modules/is-weakref
3945 silly ADD node_modules/is-typed-array
3946 silly ADD node_modules/is-shared-array-buffer
3947 silly ADD node_modules/is-set
3948 silly ADD node_modules/is-regex
3949 silly ADD node_modules/is-negative-zero
3950 silly ADD node_modules/is-data-view
3951 silly ADD node_modules/is-callable
3952 silly ADD node_modules/is-array-buffer
3953 silly ADD node_modules/internal-slot
3954 silly ADD node_modules/has-symbols
3955 silly ADD node_modules/has-proto
3956 silly ADD node_modules/globalthis
3957 silly ADD node_modules/get-symbol-description
3958 silly ADD node_modules/get-proto
3959 silly ADD node_modules/function.prototype.name
3960 silly ADD node_modules/es-to-primitive
3961 silly ADD node_modules/es-set-tostringtag
3962 silly ADD node_modules/data-view-byte-offset
3963 silly ADD node_modules/data-view-byte-length
3964 silly ADD node_modules/data-view-buffer
3965 silly ADD node_modules/available-typed-arrays
3966 silly ADD node_modules/arraybuffer.prototype.slice
3967 silly ADD node_modules/array-buffer-byte-length
3968 silly ADD node_modules/gopd
3969 silly ADD node_modules/object-keys
3970 silly ADD node_modules/has-property-descriptors
3971 silly ADD node_modules/define-data-property
3972 silly ADD node_modules/function-bind
3973 silly ADD node_modules/set-function-length
3974 silly ADD node_modules/es-define-property
3975 silly ADD node_modules/call-bind-apply-helpers
3976 silly ADD node_modules/es-shim-unscopables
3977 silly ADD node_modules/es-errors
3978 silly ADD node_modules/math-intrinsics
3979 silly ADD node_modules/is-string
3980 silly ADD node_modules/get-intrinsic
3981 silly ADD node_modules/es-object-atoms
3982 silly ADD node_modules/es-abstract
3983 silly ADD node_modules/define-properties
3984 silly ADD node_modules/call-bound
3985 silly ADD node_modules/call-bind
3986 silly ADD node_modules/tsconfig-paths
3987 silly ADD node_modules/tsconfig-paths/node_modules/json5
3988 silly ADD node_modules/string.prototype.trimend
3989 silly ADD node_modules/semver
3990 silly ADD node_modules/object.values
3991 silly ADD node_modules/object.groupby
3992 silly ADD node_modules/object.fromentries
3993 silly ADD node_modules/hasown
3994 silly ADD node_modules/eslint-module-utils
3995 silly ADD node_modules/eslint-module-utils/node_modules/debug
3996 silly ADD node_modules/doctrine
3997 silly ADD node_modules/array.prototype.flatmap
3998 silly ADD node_modules/array.prototype.flat
3999 silly ADD node_modules/array.prototype.findlastindex
4000 silly ADD node_modules/array-includes
4001 silly ADD node_modules/@rtsao/scc
4002 silly ADD node_modules/unrs-resolver
4003 silly ADD node_modules/tinyglobby
4004 silly ADD node_modules/tinyglobby/node_modules/picomatch
4005 silly ADD node_modules/tinyglobby/node_modules/fdir
4006 silly ADD node_modules/stable-hash
4007 silly ADD node_modules/is-bun-module
4008 silly ADD node_modules/is-bun-module/node_modules/semver
4009 silly ADD node_modules/get-tsconfig
4010 silly ADD node_modules/@nolyfill/is-core-module
4011 silly ADD node_modules/resolve
4012 silly ADD node_modules/is-core-module
4013 silly ADD node_modules/fast-glob
4014 silly ADD node_modules/fast-glob/node_modules/glob-parent
4015 silly ADD node_modules/typescript-eslint
4016 silly ADD node_modules/eslint-plugin-react-hooks
4017 silly ADD node_modules/eslint-plugin-react
4018 silly ADD node_modules/eslint-plugin-react/node_modules/resolve
4019 silly ADD node_modules/eslint-plugin-jsx-a11y
4020 silly ADD node_modules/eslint-plugin-import
4021 silly ADD node_modules/eslint-plugin-import/node_modules/debug
4022 silly ADD node_modules/eslint-import-resolver-typescript
4023 silly ADD node_modules/eslint-import-resolver-node
4024 silly ADD node_modules/eslint-import-resolver-node/node_modules/debug
4025 silly ADD node_modules/@next/eslint-plugin-next
4026 silly ADD node_modules/ms
4027 silly ADD node_modules/which
4028 silly ADD node_modules/shebang-command
4029 silly ADD node_modules/path-key
4030 silly ADD node_modules/color-name
4031 silly ADD node_modules/color-convert
4032 silly ADD node_modules/supports-color
4033 silly ADD node_modules/ansi-styles
4034 silly ADD node_modules/uri-js
4035 silly ADD node_modules/json-schema-traverse
4036 silly ADD node_modules/fast-json-stable-stringify
4037 silly ADD node_modules/@humanfs/core
4038 silly ADD node_modules/levn
4039 silly ADD node_modules/strip-json-comments
4040 silly ADD node_modules/js-yaml
4041 silly ADD node_modules/import-fresh
4042 silly ADD node_modules/globals
4043 silly ADD node_modules/@types/json-schema
4044 silly ADD node_modules/@eslint/object-schema
4045 silly ADD node_modules/optionator
4046 silly ADD node_modules/natural-compare
4047 silly ADD node_modules/minimatch
4048 silly ADD node_modules/lodash.merge
4049 silly ADD node_modules/json-stable-stringify-without-jsonify
4050 silly ADD node_modules/is-glob
4051 silly ADD node_modules/imurmurhash
4052 silly ADD node_modules/ignore
4053 silly ADD node_modules/glob-parent
4054 silly ADD node_modules/find-up
4055 silly ADD node_modules/file-entry-cache
4056 silly ADD node_modules/fast-deep-equal
4057 silly ADD node_modules/esutils
4058 silly ADD node_modules/esquery
4059 silly ADD node_modules/espree
4060 silly ADD node_modules/eslint-visitor-keys
4061 silly ADD node_modules/eslint-scope
4062 silly ADD node_modules/escape-string-regexp
4063 silly ADD node_modules/debug
4064 silly ADD node_modules/cross-spawn
4065 silly ADD node_modules/chalk
4066 silly ADD node_modules/ajv
4067 silly ADD node_modules/@types/estree
4068 silly ADD node_modules/@humanwhocodes/retry
4069 silly ADD node_modules/@humanwhocodes/module-importer
4070 silly ADD node_modules/@humanfs/node
4071 silly ADD node_modules/@eslint/plugin-kit
4072 silly ADD node_modules/@eslint/js
4073 silly ADD node_modules/@eslint/eslintrc
4074 silly ADD node_modules/@eslint/core
4075 silly ADD node_modules/@eslint/config-helpers
4076 silly ADD node_modules/@eslint/config-array
4077 silly ADD node_modules/@eslint-community/regexpp
4078 silly ADD node_modules/@eslint-community/eslint-utils
4079 silly ADD node_modules/@eslint-community/eslint-utils/node_modules/eslint-visitor-keys
4080 silly ADD node_modules/tapable
4081 silly ADD node_modules/graceful-fs
4082 silly ADD node_modules/@babel/helper-validator-identifier
4083 silly ADD node_modules/@babel/helper-string-parser
4084 silly ADD node_modules/@babel/types
4085 silly ADD node_modules/csstype
4086 silly ADD node_modules/undici-types
4087 silly ADD node_modules/@tailwindcss/oxide-win32-x64-msvc
4088 silly ADD
4089 silly ADD
4090 silly ADD
4091 silly ADD
4092 silly ADD
4093 silly ADD
4094 silly ADD
4095 silly ADD
4096 silly ADD
4097 silly ADD
4098 silly ADD
4099 silly ADD node_modules/@jridgewell/resolve-uri
4100 silly ADD node_modules/@jridgewell/sourcemap-codec
4101 silly ADD node_modules/@jridgewell/trace-mapping
4102 silly ADD node_modules/@jridgewell/gen-mapping
4103 silly ADD node_modules/source-map-js
4104 silly ADD node_modules/magic-string
4105 silly ADD node_modules/lightningcss
4106 silly ADD node_modules/jiti
4107 silly ADD node_modules/enhanced-resolve
4108 silly ADD node_modules/@jridgewell/remapping
4109 silly ADD node_modules/postcss
4110 silly ADD node_modules/@tailwindcss/oxide
4111 silly ADD node_modules/@tailwindcss/node
4112 silly ADD node_modules/@alloc/quick-lru
4113 silly ADD node_modules/typescript
4114 silly ADD node_modules/tailwindcss
4115 silly ADD node_modules/react-dom
4116 silly ADD node_modules/react
4117 silly ADD node_modules/next
4118 silly ADD node_modules/next/node_modules/postcss
4119 silly ADD node_modules/eslint-config-next
4120 silly ADD node_modules/eslint-config-next/node_modules/globals
4121 silly ADD node_modules/eslint
4122 silly ADD node_modules/babel-plugin-react-compiler
4123 silly ADD node_modules/@types/react-dom
4124 silly ADD node_modules/@types/react
4125 silly ADD node_modules/@types/node
4126 silly ADD node_modules/@tailwindcss/postcss
4127 verbose cwd D:\Mini_Project\career-automate-admin
4128 verbose os Windows_NT 10.0.26200
4129 verbose node v22.18.0
4130 verbose npm  v10.9.3
4131 verbose exit 0
4132 info ok
